ts,strategy,kind,product,structure,direction,score,liquid,flag,rollable,curve,slope_pctl,warrant_pctl,book,conditions,tradeable,hold_period,suggest,detail
2026-08-12 15:27:35,注销月折价,butterfly,I,i2608-i2609-i2610,做多前段/做空后段,20.75,False,低流动性(钓鱼),False,back(-3.0元/月),83.3,,,中间注销=True; 前段=-15.5; 后段=5.25; 最小腿OI=0; 盘口空隙=缺边,,,,注销月折价 中间注销
2026-08-12 15:27:35,价差季节性统计套利(正套),spread,P,p2612-p2701,做多价差(季节性低位),15.996,True,未满足残差过滤,False,contango(+67.9元/月),100.0,0.0,"(-103, 5, -101, 1)","同期分位%=0.0; 最优夏普=16.0; 持有期(交易日)=33; 同期各年={2021: 104.0, 2022: -34.0, 2023: 36.0, 2024: 30.0, 2025: -16.0}; 当前(实时mid)=-102.0; 历史年数=5; 期限斜率(元/月)=62.608; 斜率同期分位%=100.0; 残差z=-0.82; 残差(元)=-58.8; 回归预测=-43.2; 回归R2=0.493; 回归样本=1051点/5年; 仓单佐证=顺风(同期分位0%,当前738); 最小腿OI=32139; 盘口空隙=2跳/0.021%",DCE.SP p2612&p2701,33.0,,
2026-08-12 15:27:35,价差季节性统计套利(正套),spread,M,m2611-m2612,做多价差(季节性低位),15.298,True,未满足残差过滤,False,back(-31.5元/月),83.3,100.0,"(-38, 21, -37, 23)","同期分位%=0.0; 最优夏普=15.3; 持有期(交易日)=32; 同期各年={2021: 34.0, 2022: 126.0, 2023: 206.0, 2024: -22.0, 2025: -37.0}; 当前(实时mid)=-37.5; 历史年数=5; 期限斜率(元/月)=-29.975; 斜率同期分位%=83.3; 残差z=-1.22; 残差(元)=-64.9; 回归预测=27.4; 回归R2=0.678; 回归样本=1055点/5年; 注销段=近腿11月=注销月,本段结构性偏低(即注销效应段); 仓单佐证=逆风(同期分位100%,当前25100); 最小腿OI=278734; 盘口空隙=1跳/0.032%",DCE.SP m2611&m2612,32.0,,
2026-08-12 15:27:35,价差季节性统计套利(正套),spread,AO,ao2701-ao2705,做多价差(季节性低位),14.814,True,未满足残差过滤,False,contango(+14.3元/月),100.0,100.0,"(-60, 1, -55, 5)","同期分位%=0.0; 最优夏普=14.81; 持有期(交易日)=54; 同期各年={2024: 23.0, 2025: 194.0, 2026: 16.0}; 当前(实时mid)=-57.5; 历史年数=3; 期限斜率(元/月)=13.921; 斜率同期分位%=100.0; 残差z=0.42; 残差(元)=26.6; 回归预测=-84.1; 回归R2=0.972; 回归样本=445点/3年; 仓单佐证=逆风(同期分位100%,当前273586); 最小腿OI=2307; 盘口空隙=5跳/0.184%",,54.0,,
2026-08-12 15:27:35,价差季节性统计套利(正套),spread,P,p2701-p2705,做多价差(季节性低位),12.722,True,未满足残差过滤,False,contango(+67.9元/月),100.0,0.0,"(-189, 51, -188, 8)","同期分位%=0.0; 最优夏普=12.72; 持有期(交易日)=59; 同期各年={2022: 392.0, 2023: -42.0, 2024: 84.0, 2025: 100.0, 2026: 318.0}; 当前(实时mid)=-188.5; 历史年数=5; 期限斜率(元/月)=62.608; 斜率同期分位%=100.0; 残差z=0.31; 残差(元)=45.4; 回归预测=-233.9; 回归R2=0.813; 回归样本=772点/5年; 仓单佐证=顺风(同期分位0%,当前738); 最小腿OI=95495; 盘口空隙=1跳/0.010%",DCE.SP p2701&p2705,59.0,,
2026-08-12 15:27:35,价差季节性统计套利(正套),spread,CF,CF611-CF701,做多价差(季节性低位),10.69,True,未满足残差过滤,False,contango(+89.5元/月),83.3,40.0,"(-240, 42, -235, 43)","同期分位%=0.0; 最优夏普=10.69; 持有期(交易日)=31; 同期各年={2021: -85.0, 2022: 65.0, 2023: 120.0, 2024: -5.0, 2025: -130.0}; 当前(实时mid)=-237.5; 历史年数=5; 期限斜率(元/月)=83.419; 斜率同期分位%=83.3; 残差z=-0.74; 残差(元)=-101.7; 回归预测=-135.8; 回归R2=0.517; 回归样本=944点/5年; 注销段=近腿11月=注销月,本段结构性偏低(即注销效应段); 仓单佐证=中性(同期分位40%,当前9723); 最小腿OI=323061; 盘口空隙=1跳/0.030%",CZCE.SPD CF611&CF701,31.0,,
2026-08-12 15:27:35,价差季节性统计套利(正套),spread,A,a2701-a2703,做多价差(季节性低位),10.388,True,未满足残差过滤,True,contango(+18.1元/月),100.0,100.0,"(-7, 207, -5, 108)","同期分位%=0.0; 最优夏普=10.39; 持有期(交易日)=5; 同期各年={2022: 4.0, 2023: 56.0, 2024: 42.0, 2025: 26.0, 2026: 0.0}; 当前(实时mid)=-6.0; 历史年数=5; 期限斜率(元/月)=15.532; 斜率同期分位%=100.0; 残差z=-0.2; 残差(元)=-6.1; 回归预测=0.1; 回归R2=0.325; 回归样本=983点/5年; 注销段=远腿3月=注销月,本段结构性偏高(效应段在下一段); 仓单佐证=逆风(同期分位100%,当前43344); 最小腿OI=49919; 盘口空隙=2跳/0.041%",DCE.SP a2701&a2703,5.0,,
2026-08-12 15:27:35,价差季节性统计套利(正套),spread,SP,sp2611-sp2612,做多价差(季节性低位),10.087,True,未满足残差过滤,False,contango(+55.1元/月),83.3,60.0,"(-30, 4, -22, 3)","同期分位%=0.0; 最优夏普=10.09; 持有期(交易日)=21; 同期各年={2021: 52.0, 2022: 84.0, 2023: -26.0, 2024: 2.0, 2025: -6.0}; 当前(实时mid)=-26.0; 历史年数=5; 期限斜率(元/月)=52.966; 斜率同期分位%=83.3; 残差z=-0.44; 残差(元)=-15.8; 回归预测=-10.2; 回归R2=0.563; 回归样本=1050点/5年; 仓单佐证=中性(同期分位60%,当前389664); 最小腿OI=4051; 盘口空隙=4跳/0.172%",,21.0,,
2026-08-12 15:27:35,价差季节性统计套利(正套),spread,SM,SM701-SM705,做多价差(季节性低位),9.85,True,未满足残差过滤,True,contango(+13.1元/月),66.7,60.0,"(-62, 5, -60, 60)","同期分位%=0.0; 最优夏普=9.85; 持有期(交易日)=28; 同期各年={2022: 50.0, 2023: 76.0, 2024: 88.0, 2025: 78.0, 2026: -50.0}; 当前(实时mid)=-61.0; 历史年数=5; 期限斜率(元/月)=15.544; 斜率同期分位%=66.7; 残差z=-0.51; 残差(元)=-91.7; 回归预测=30.7; 回归R2=0.46; 回归样本=766点/5年; 仓单佐证=中性(同期分位60%,当前65858); 最小腿OI=9057; 盘口空隙=1跳/0.034%",CZCE.SPD SM701&SM705,28.0,,
2026-08-12 15:27:35,价差季节性统计套利(正套),spread,LH,lh2703-lh2705,做多价差(季节性低位),9.683,True,,False,contango(+189.4元/月),100.0,100.0,"(-900, 182, -885, 22)","同期分位%=0.0; 最优夏普=9.68; 持有期(交易日)=10; 同期各年={2022: -390.0, 2023: 25.0, 2024: -425.0, 2025: -165.0, 2026: -540.0}; 当前(实时mid)=-892.5; 历史年数=5; 期限斜率(元/月)=186.898; 斜率同期分位%=100.0; 残差z=-0.59; 残差(元)=-228.0; 回归预测=-664.5; 回归R2=0.632; 回归样本=919点/5年; 保留原因=近腿到期226天>180(远期豁免残差过滤); 仓单佐证=逆风(同期分位100%,当前430); 最小腿OI=40673; 盘口空隙=3跳/0.125%",DCE.SP lh2703&lh2705,10.0,,
2026-08-12 15:27:35,价差季节性统计套利(反套),spread,SF,SF610-SF611,做空价差(季节性高位),7.639,True,未满足残差过滤,False,back(-38.9元/月),0.0,0.0,"(-42, 16, -40, 133)","同期分位%=100.0; 最优夏普=-7.64; 持有期(交易日)=25; 同期各年={2021: -74.0, 2022: -112.0, 2023: -180.0, 2024: -174.0, 2025: -210.0}; 当前(实时mid)=-41.0; 历史年数=5; 期限斜率(元/月)=-33.234; 斜率同期分位%=0.0; 残差z=0.71; 残差(元)=98.1; 回归预测=-139.1; 回归R2=0.019; 回归样本=1069点/5年; 注销段=近腿10月=注销月,本段结构性偏低(即注销效应段); 仓单佐证=逆风(同期分位0%,当前3730); 最小腿OI=59648; 盘口空隙=1跳/0.034%",CZCE.SPD SF610&SF611,25.0,,
2026-08-12 15:27:35,价差季节性统计套利(正套),spread,Y,y2701-y2703,做多价差(季节性低位),7.636,True,未满足残差过滤,True,back(-25.6元/月),66.7,80.0,"(46, 12, 48, 4)","同期分位%=0.0; 最优夏普=7.64; 持有期(交易日)=37; 同期各年={2022: 164.0, 2023: 404.0, 2024: 238.0, 2025: 80.0, 2026: 118.0}; 当前(实时mid)=47.0; 历史年数=5; 期限斜率(元/月)=-27.42; 斜率同期分位%=66.7; 残差z=-0.51; 残差(元)=-43.0; 回归预测=90.0; 回归R2=0.545; 回归样本=983点/5年; 注销段=远腿3月=注销月,本段结构性偏高(效应段在下一段); 仓单佐证=逆风(同期分位80%,当前18166); 最小腿OI=81900; 盘口空隙=2跳/0.024%",DCE.SP y2701&y2703,37.0,,
2026-08-12 15:27:35,价差季节性统计套利(反套),spread,IH,IH2609-IH2612,做空价差(季节性高位),7.611,True,未满足残差过滤,False,back(-13.3元/月),0.0,,"(40.0, 2, 41.2, 1)","同期分位%=100.0; 最优夏普=-7.61; 持有期(交易日)=6; 同期各年={2021: 27.6, 2022: -3.4, 2023: -12.0, 2024: -0.6, 2025: -1.8}; 当前(实时mid)=40.6; 历史年数=5; 期限斜率(元/月)=-13.848; 斜率同期分位%=0.0; 残差z=1.32; 残差(元)=7.1; 回归预测=33.5; 回归R2=0.822; 回归样本=458点/5年; 最小腿OI=25133; 盘口空隙=6跳/0.041%; 分红季=跨9-9月,价差含分红贴现(偏大属正常)",,6.0,,
2026-08-12 15:27:35,价差季节性统计套利(反套),spread,RU,ru2611-ru2701,做空价差(季节性高位),7.331,True,未满足残差过滤,False,contango(+176.5元/月),0.0,0.0,"(-895, 1, -865, 1)","同期分位%=100.0; 最优夏普=-7.33; 持有期(交易日)=49; 同期各年={2021: -1015.0, 2022: -910.0, 2023: -990.0, 2024: -1215.0, 2025: -985.0}; 当前(实时mid)=-880.0; 历史年数=5; 期限斜率(元/月)=176.303; 斜率同期分位%=0.0; 残差z=1.15; 残差(元)=160.2; 回归预测=-1040.2; 回归R2=0.117; 回归样本=944点/5年; 仓单佐证=逆风(同期分位0%,当前147830); 最小腿OI=4842; 盘口空隙=6跳/0.167%",,49.0,,
2026-08-12 15:27:35,价差季节性统计套利(正套),spread,SA,SA702-SA703,做多价差(季节性低位),7.211,True,,True,contango(+13.4元/月),50.0,40.0,"(-4, 14, -3, 536)","同期分位%=0.0; 最优夏普=7.21; 持有期(交易日)=33; 同期各年={2022: 13.0, 2023: 83.0, 2024: 18.0, 2025: -1.0, 2026: -2.0}; 当前(实时mid)=-3.5; 历史年数=5; 期限斜率(元/月)=15.047; 斜率同期分位%=50.0; 残差z=-0.46; 残差(元)=-11.8; 回归预测=8.3; 回归R2=0.478; 回归样本=1074点/5年; 保留原因=近腿到期184天>180(远期豁免残差过滤); 注销段=远腿3月=注销月,本段结构性偏高(效应段在下一段); 仓单佐证=中性(同期分位40%,当前6037); 最小腿OI=5573; 盘口空隙=1跳/0.101%",CZCE.SPD SA702&SA703,33.0,,
2026-08-12 15:27:35,价差季节性统计套利(反套),spread,JD,jd2704-jd2705,做空价差(季节性高位),7.128,True,,False,back(-111.5元/月),0.0,0.0,"(-56, 1, -52, 3)","同期分位%=100.0; 最优夏普=-7.13; 持有期(交易日)=36; 同期各年={2022: -153.0, 2023: -102.0, 2024: -106.0, 2025: -77.0, 2026: -110.0}; 当前(实时mid)=-54.0; 历史年数=5; 期限斜率(元/月)=-107.941; 斜率同期分位%=0.0; 残差z=0.29; 残差(元)=20.4; 回归预测=-74.4; 回归R2=0.105; 回归样本=1029点/5年; 保留原因=近腿到期258天>180(远期豁免残差过滤); 仓单佐证=逆风(同期分位0%,当前0); 最小腿OI=4009; 盘口空隙=4跳/0.103%",DCE.SP jd2704&jd2705,36.0,,
2026-08-12 15:27:35,价差季节性统计套利(反套),spread,IM,IM2609-IM2612,做空价差(季节性高位),6.977,True,,False,back(-68.0元/月),0.0,,"(203.2, 1, 207.8, 1)","同期分位%=100.0; 最优夏普=-6.98; 持有期(交易日)=5; 同期各年={2022: 156.0, 2023: 11.6, 2024: 101.2, 2025: 189.4}; 当前(实时mid)=205.5; 历史年数=4; 期限斜率(元/月)=-66.457; 斜率同期分位%=0.0; 残差z=1.57; 残差(元)=15.4; 回归预测=190.1; 回归R2=0.969; 回归样本=300点/4年; 最小腿OI=116315; 盘口空隙=23跳/0.060%; 分红季=跨9-9月,价差含分红贴现(偏大属正常)",,5.0,,
2026-08-12 15:27:35,价差季节性统计套利(正套),spread,UR,UR612-UR701,做多价差(季节性低位),6.97,True,未满足残差过滤,True,contango(+13.6元/月),100.0,100.0,"(-5, 866, -4, 5)","同期分位%=0.0; 最优夏普=6.97; 持有期(交易日)=48; 同期各年={2021: 42.0, 2022: 33.0, 2023: 23.0, 2024: 21.0, 2025: -4.0}; 当前(实时mid)=-4.5; 历史年数=5; 期限斜率(元/月)=11.457; 斜率同期分位%=100.0; 残差z=-0.44; 残差(元)=-11.6; 回归预测=7.1; 回归R2=0.295; 回归样本=1051点/5年; 仓单佐证=逆风(同期分位100%,当前4958); 最小腿OI=32596; 盘口空隙=1跳/0.059%",CZCE.SPD UR612&UR701,48.0,,
2026-08-12 15:27:35,价差季节性统计套利(正套),spread,SM,SM611-SM612,做多价差(季节性低位),6.912,True,未满足残差过滤,True,contango(+13.1元/月),66.7,60.0,"(-14, 267, -10, 865)","同期分位%=0.0; 最优夏普=6.91; 持有期(交易日)=47; 同期各年={2021: 4.0, 2022: 18.0, 2023: 38.0, 2024: -6.0, 2025: -12.0}; 当前(实时mid)=-12.0; 历史年数=5; 期限斜率(元/月)=15.544; 斜率同期分位%=66.7; 残差z=-0.14; 残差(元)=-12.2; 回归预测=0.2; 回归R2=0.081; 回归样本=1043点/5年; 仓单佐证=中性(同期分位60%,当前65858); 最小腿OI=38959; 盘口空隙=2跳/0.069%",CZCE.SPD SM611&SM612,47.0,,
2026-08-12 15:27:35,价差季节性统计套利(正套),spread,P,p2611-p2612,做多价差(季节性低位),6.824,True,,False,contango(+67.9元/月),100.0,0.0,"(-114, 4, -111, 1)","同期分位%=0.0; 最优夏普=6.82; 持有期(交易日)=32; 同期各年={2021: 196.0, 2022: -18.0, 2023: 32.0, 2024: 28.0, 2025: -6.0}; 当前(实时mid)=-112.5; 历史年数=5; 期限斜率(元/月)=62.608; 斜率同期分位%=100.0; 残差z=-1.77; 残差(元)=-91.5; 回归预测=-21.0; 回归R2=0.481; 回归样本=1055点/5年; 仓单佐证=顺风(同期分位0%,当前738); 最小腿OI=32139; 盘口空隙=3跳/0.031%",DCE.SP p2611&p2612,32.0,,
2026-08-12 15:27:35,价差季节性统计套利(反套),spread,CJ,CJ701-CJ703,做空价差(季节性高位),6.817,True,未满足残差过滤,False,contango(+32.1元/月),16.7,20.0,"(5, 41, 10, 4)","同期分位%=100.0; 最优夏普=-6.82; 持有期(交易日)=41; 同期各年={2022: -70.0, 2023: -140.0, 2024: -65.0, 2025: -15.0, 2026: -60.0}; 当前(实时mid)=7.5; 历史年数=5; 期限斜率(元/月)=81.104; 斜率同期分位%=16.7; 残差z=0.38; 残差(元)=74.4; 回归预测=-66.9; 回归R2=0.137; 回归样本=983点/5年; 仓单佐证=逆风(同期分位20%,当前8267); 最小腿OI=14204; 盘口空隙=1跳/0.060%",CZCE.SPD CJ701&CJ703,41.0,,
2026-08-12 15:27:35,价差季节性统计套利(正套),spread,RM,RM611-RM701,做多价差(季节性低位),6.808,True,未满足残差过滤,False,分歧(-2.7元/月),66.7,0.0,"(-55, 149, -54, 33)","同期分位%=0.0; 最优夏普=6.81; 持有期(交易日)=38; 同期各年={2021: -17.0, 2022: 180.0, 2023: 320.0, 2024: -51.0, 2025: 44.0}; 当前(实时mid)=-54.5; 历史年数=5; 期限斜率(元/月)=-2.817; 斜率同期分位%=66.7; 残差z=-0.88; 残差(元)=-78.3; 回归预测=23.8; 回归R2=0.517; 回归样本=944点/5年; 注销段=近腿11月=注销月,本段结构性偏低(即注销效应段); 仓单佐证=顺风(同期分位0%,当前183); 最小腿OI=502458; 盘口空隙=1跳/0.046%",CZCE.SPD RM611&RM701,38.0,,
2026-08-12 15:27:35,价差季节性统计套利(正套),spread,J,j2612-j2701,做多价差(季节性低位),6.598,True,未满足残差过滤,True,contango(+12.1元/月),66.7,100.0,"(-21.5, 2, -20.5, 2)","同期分位%=0.0; 最优夏普=6.6; 持有期(交易日)=51; 同期各年={2021: 14.0, 2022: 82.5, 2023: 36.0, 2024: 10.0, 2025: -13.5}; 当前(实时mid)=-21.0; 历史年数=5; 期限斜率(元/月)=11.131; 斜率同期分位%=66.7; 残差z=-0.14; 残差(元)=-10.3; 回归预测=-10.7; 回归R2=0.315; 回归样本=1051点/5年; 仓单佐证=逆风(同期分位100%,当前1481); 最小腿OI=1314; 盘口空隙=2跳/0.052%",DCE.SP j2612&j2701,51.0,,
2026-08-12 15:27:35,价差季节性统计套利(正套),spread,A,a2701-a2705,做多价差(季节性低位),6.535,True,未满足残差过滤,False,contango(+18.1元/月),100.0,100.0,"(-86, 8, -84, 2)","同期分位%=0.0; 最优夏普=6.54; 持有期(交易日)=57; 同期各年={2022: -78.0, 2023: 58.0, 2024: 42.0, 2025: 1.0, 2026: -39.0}; 当前(实时mid)=-85.0; 历史年数=5; 期限斜率(元/月)=15.532; 斜率同期分位%=100.0; 残差z=-0.88; 残差(元)=-36.1; 回归预测=-48.9; 回归R2=0.465; 回归样本=772点/5年; 仓单佐证=逆风(同期分位100%,当前43344); 最小腿OI=19891; 盘口空隙=2跳/0.041%",DCE.SP a2701&a2705,57.0,,
2026-08-12 15:27:35,价差季节性统计套利(反套),spread,AP,AP611-AP612,做空价差(季节性高位),6.417,True,,False,back(-78.5元/月),16.7,0.0,"(97, 1, 98, 2)","同期分位%=100.0; 最优夏普=-6.42; 持有期(交易日)=19; 同期各年={2021: -11.0, 2022: -81.0, 2023: 66.0, 2024: -107.0, 2025: -15.0}; 当前(实时mid)=97.5; 历史年数=5; 期限斜率(元/月)=-66.856; 斜率同期分位%=16.7; 残差z=2.28; 残差(元)=136.6; 回归预测=-39.1; 回归R2=0.057; 回归样本=1055点/5年; 仓单佐证=逆风(同期分位0%,当前0); 最小腿OI=12965; 盘口空隙=1跳/0.013%",CZCE.SPD AP611&AP612,19.0,,
2026-08-12 15:27:35,价差季节性统计套利(正套),spread,P,p2701-p2702,做多价差(季节性低位),6.14,True,未满足残差过滤,False,contango(+67.9元/月),100.0,0.0,"(-59, 1, -57, 8)","同期分位%=0.0; 最优夏普=6.14; 持有期(交易日)=35; 同期各年={2022: 120.0, 2023: -20.0, 2024: -2.0, 2025: 36.0, 2026: 52.0}; 当前(实时mid)=-58.0; 历史年数=5; 期限斜率(元/月)=62.608; 斜率同期分位%=100.0; 残差z=-0.17; 残差(元)=-8.9; 回归预测=-49.1; 回归R2=0.54; 回归样本=1067点/5年; 仓单佐证=顺风(同期分位0%,当前738); 最小腿OI=25304; 盘口空隙=2跳/0.021%",DCE.SP p2701&p2702,35.0,,
2026-08-12 15:27:35,价差季节性统计套利(反套),spread,PG,pg2610-pg2611,做空价差(季节性高位),6.099,True,未满足残差过滤,False,back(-100.9元/月),16.7,0.0,"(108, 1, 110, 29)","同期分位%=100.0; 最优夏普=-6.1; 持有期(交易日)=25; 同期各年={2021: 29.0, 2022: 108.0, 2023: 103.0, 2024: 83.0, 2025: 67.0}; 当前(实时mid)=109.0; 历史年数=5; 期限斜率(元/月)=-90.486; 斜率同期分位%=16.7; 残差z=0.89; 残差(元)=54.2; 回归预测=54.8; 回归R2=0.029; 回归样本=1036点/5年; 仓单佐证=逆风(同期分位0%,当前3303); 最小腿OI=41644; 盘口空隙=2跳/0.037%",DCE.SP pg2610&pg2611,25.0,,
2026-08-12 15:27:35,价差季节性统计套利(正套),spread,CF,CF609-CF701,做多价差(季节性低位),5.841,True,未满足残差过滤,False,contango(+89.5元/月),83.3,40.0,"(-525, 629, -520, 75)","同期分位%=0.0; 最优夏普=5.84; 持有期(交易日)=13; 同期各年={2021: -290.0, 2022: 280.0, 2023: -25.0, 2024: -25.0, 2025: -245.0}; 当前(实时mid)=-522.5; 历史年数=5; 期限斜率(元/月)=83.419; 斜率同期分位%=83.3; 残差z=-1.15; 残差(元)=-113.4; 回归预测=-409.1; 回归R2=0.946; 回归样本=758点/5年; 仓单佐证=中性(同期分位40%,当前9723); 最小腿OI=260654; 盘口空隙=1跳/0.030%",CZCE.SPD CF609&CF701,13.0,,
2026-08-12 15:27:35,价差季节性统计套利(正套),spread,P,p2702-p2703,做多价差(季节性低位),5.767,True,,False,contango(+67.9元/月),100.0,0.0,"(-51, 15, -47, 1)","同期分位%=0.0; 最优夏普=5.77; 持有期(交易日)=60; 同期各年={2022: 92.0, 2023: -4.0, 2024: -8.0, 2025: -2.0, 2026: 72.0}; 当前(实时mid)=-49.0; 历史年数=5; 期限斜率(元/月)=62.608; 斜率同期分位%=100.0; 残差z=0.39; 残差(元)=28.8; 回归预测=-77.8; 回归R2=0.547; 回归样本=1078点/5年; 保留原因=近腿到期184天>180(远期豁免残差过滤); 仓单佐证=顺风(同期分位0%,当前738); 最小腿OI=2749; 盘口空隙=4跳/0.041%",DCE.SP p2702&p2703,60.0,,
2026-08-12 15:27:35,价差季节性统计套利(反套),spread,IF,IF2612-IF2703,做空价差(季节性高位),5.612,True,,False,back(-27.1元/月),0.0,,"(71.4, 1, 75.6, 1)","同期分位%=100.0; 最优夏普=-5.61; 持有期(交易日)=58; 同期各年={2020: 41.0, 2021: 29.8, 2022: 18.8, 2023: -21.8, 2024: 5.8}; 当前(实时mid)=73.5; 历史年数=5; 期限斜率(元/月)=-26.4; 斜率同期分位%=0.0; 残差z=2.61; 残差(元)=14.0; 回归预测=59.5; 回归R2=0.946; 回归样本=448点/5年; 最小腿OI=22444; 盘口空隙=21跳/0.090%; 分红季=跨3-3月,价差含分红贴现(偏大属正常)",,58.0,,
2026-08-12 15:27:35,价差季节性统计套利(反套),spread,JD,jd2703-jd2704,做空价差(季节性高位),5.606,True,,False,back(-111.5元/月),0.0,0.0,"(-56, 3, -52, 1)","同期分位%=100.0; 最优夏普=-5.61; 持有期(交易日)=55; 同期各年={2022: -128.0, 2023: -132.0, 2024: -115.0, 2025: -77.0, 2026: -157.0}; 当前(实时mid)=-54.0; 历史年数=5; 期限斜率(元/月)=-107.941; 斜率同期分位%=0.0; 残差z=0.95; 残差(元)=53.2; 回归预测=-107.2; 回归R2=0.086; 回归样本=1015点/5年; 保留原因=近腿到期226天>180(远期豁免残差过滤); 仓单佐证=逆风(同期分位0%,当前0); 最小腿OI=4009; 盘口空隙=4跳/0.103%",DCE.SP jd2703&jd2704,55.0,,
2026-08-12 15:27:35,价差季节性统计套利(正套),spread,NR,nr2610-nr2611,做多价差(季节性低位),5.548,True,未满足残差过滤,False,contango(+68.5元/月),50.0,0.0,"(-210, 6, -195, 6)","同期分位%=0.0; 最优夏普=5.55; 持有期(交易日)=20; 同期各年={2021: -85.0, 2022: 30.0, 2023: -40.0, 2024: -100.0, 2025: -45.0}; 当前(实时mid)=-202.5; 历史年数=5; 期限斜率(元/月)=58.968; 斜率同期分位%=50.0; 残差z=-0.77; 残差(元)=-154.7; 回归预测=-47.8; 回归R2=0.031; 回归样本=1074点/5年; 仓单佐证=顺风(同期分位0%,当前16632); 最小腿OI=27537; 盘口空隙=3跳/0.101%",,20.0,,
2026-08-12 15:27:35,价差季节性统计套利(正套),spread,CF,CF609-CF611,做多价差(季节性低位),5.261,True,未满足残差过滤,True,contango(+89.5元/月),83.3,40.0,"(-285, 935, -280, 7819)","同期分位%=0.0; 最优夏普=5.26; 持有期(交易日)=13; 同期各年={2021: -205.0, 2022: 215.0, 2023: -145.0, 2024: -20.0, 2025: -115.0}; 当前(实时mid)=-282.5; 历史年数=5; 期限斜率(元/月)=83.419; 斜率同期分位%=83.3; 残差z=-1.0; 残差(元)=-120.8; 回归预测=-161.7; 回归R2=0.788; 回归样本=976点/5年; 注销段=远腿11月=注销月,本段结构性偏高(效应段在下一段); 仓单佐证=中性(同期分位40%,当前9723); 最小腿OI=260654; 盘口空隙=1跳/0.030%",CZCE.SPD CF609&CF611,13.0,,
2026-08-12 15:27:35,价差季节性统计套利(正套),spread,SP,sp2701-sp2705,做多价差(季节性低位),5.161,True,未满足残差过滤,False,contango(+55.1元/月),83.3,60.0,"(-46, 3, -40, 1)","同期分位%=0.0; 最优夏普=5.16; 持有期(交易日)=34; 同期各年={2022: 86.0, 2023: 130.0, 2024: -38.0, 2025: 48.0, 2026: 26.0}; 当前(实时mid)=-43.0; 历史年数=5; 期限斜率(元/月)=52.966; 斜率同期分位%=83.3; 残差z=0.19; 残差(元)=20.3; 回归预测=-63.3; 回归R2=0.51; 回归样本=782点/5年; 仓单佐证=中性(同期分位60%,当前389664); 最小腿OI=5065; 盘口空隙=3跳/0.129%",,34.0,,
2026-08-12 15:27:35,价差季节性统计套利(反套),spread,EG,eg2612-eg2701,做空价差(季节性高位),5.1,True,未满足残差过滤,False,back(-130.1元/月),0.0,40.0,"(46, 17, 48, 31)","同期分位%=100.0; 最优夏普=-5.1; 持有期(交易日)=40; 同期各年={2021: 7.0, 2022: -11.0, 2023: -20.0, 2024: -6.0, 2025: 3.0}; 当前(实时mid)=47.0; 历史年数=5; 期限斜率(元/月)=-128.454; 斜率同期分位%=0.0; 残差z=0.4; 残差(元)=16.2; 回归预测=30.8; 回归R2=0.046; 回归样本=1021点/5年; 仓单佐证=中性(同期分位40%,当前4270); 最小腿OI=51969; 盘口空隙=2跳/0.041%",DCE.SP eg2612&eg2701,40.0,,
2026-08-12 15:27:35,价差季节性统计套利(正套),spread,UR,UR701-UR702,做多价差(季节性低位),5.052,True,未满足残差过滤,True,contango(+13.6元/月),100.0,100.0,"(2, 55, 3, 20)","同期分位%=0.0; 最优夏普=5.05; 持有期(交易日)=25; 同期各年={2022: 23.0, 2023: 12.0, 2024: 38.0, 2025: 19.0, 2026: 3.0}; 当前(实时mid)=2.5; 历史年数=5; 期限斜率(元/月)=11.457; 斜率同期分位%=100.0; 残差z=0.56; 残差(元)=9.4; 回归预测=-6.9; 回归R2=0.462; 回归样本=1066点/5年; 注销段=远腿2月=注销月,本段结构性偏高(效应段在下一段); 仓单佐证=逆风(同期分位100%,当前4958); 最小腿OI=1892; 盘口空隙=1跳/0.059%",CZCE.SPD UR701&UR702,25.0,,
2026-08-12 15:27:35,价差季节性统计套利(反套),spread,L,l2610-l2611,做空价差(季节性高位),5.034,True,,False,back(-96.9元/月),0.0,80.0,"(89, 19, 90, 6)","同期分位%=100.0; 最优夏普=-5.03; 持有期(交易日)=29; 同期各年={2021: 0.0, 2022: 12.0, 2023: -4.0, 2024: -1.0, 2025: -23.0}; 当前(实时mid)=89.5; 历史年数=5; 期限斜率(元/月)=-97.291; 斜率同期分位%=0.0; 残差z=1.86; 残差(元)=90.7; 回归预测=-1.2; 回归R2=0.003; 回归样本=1079点/5年; 仓单佐证=顺风(同期分位80%,当前5535); 最小腿OI=104962; 盘口空隙=1跳/0.013%",DCE.SP l2610&l2611,29.0,,
2026-08-12 15:27:35,价差季节性统计套利(正套),spread,UR,UR609-UR701,做多价差(季节性低位),4.871,True,,False,contango(+13.6元/月),100.0,100.0,"(-53, 7, -51, 14)","同期分位%=0.0; 最优夏普=4.87; 持有期(交易日)=5; 同期各年={2021: 107.0, 2022: 28.0, 2023: 211.0, 2024: 78.0, 2025: -29.0}; 当前(实时mid)=-52.0; 历史年数=5; 期限斜率(元/月)=11.457; 斜率同期分位%=100.0; 残差z=-2.1; 残差(元)=-75.0; 回归预测=23.0; 回归R2=0.552; 回归样本=758点/5年; 仓单佐证=逆风(同期分位100%,当前4958); 最小腿OI=144388; 盘口空隙=2跳/0.119%",CZCE.SPD UR609&UR701,5.0,,
2026-08-12 15:27:35,价差季节性统计套利(正套),spread,HC,hc2609-hc2610,做多价差(季节性低位),4.772,True,,False,contango(+5.5元/月),83.3,100.0,"(-31, 1, -22, 1)","同期分位%=0.0; 最优夏普=4.77; 持有期(交易日)=9; 同期各年={2021: 16.0, 2022: -19.0, 2023: -14.0, 2024: -5.0, 2025: 11.0}; 当前(实时mid)=-26.5; 历史年数=5; 期限斜率(元/月)=5.306; 斜率同期分位%=83.3; 残差z=-1.53; 残差(元)=-27.8; 回归预测=1.3; 回归R2=0.391; 回归样本=1081点/5年; 仓单佐证=逆风(同期分位100%,当前254518); 最小腿OI=13942; 盘口空隙=9跳/0.278%",,9.0,,
2026-08-12 15:27:35,价差季节性统计套利(正套),spread,ZN,zn2609-zn2610,做多价差(季节性低位),4.581,True,未满足残差过滤,True,contango(+5.2元/月),100.0,100.0,"(-55, 21, -45, 5)","同期分位%=0.0; 最优夏普=4.58; 持有期(交易日)=12; 同期各年={2021: 25.0, 2022: 320.0, 2023: 70.0, 2024: 65.0, 2025: -20.0}; 当前(实时mid)=-50.0; 历史年数=5; 期限斜率(元/月)=7.774; 斜率同期分位%=100.0; 残差z=-1.15; 残差(元)=-100.4; 回归预测=50.4; 回归R2=0.247; 回归样本=1081点/5年; 仓单佐证=逆风(同期分位100%,当前110325); 最小腿OI=113702; 盘口空隙=2跳/0.039%",,12.0,,
2026-08-12 15:27:35,价差季节性统计套利(正套),spread,V,v2704-v2705,做多价差(季节性低位),4.453,True,,True,contango(+44.0元/月),66.7,100.0,"(-34, 650, -32, 403)","同期分位%=0.0; 最优夏普=4.45; 持有期(交易日)=32; 同期各年={2022: 40.0, 2023: 38.0, 2024: 7.0, 2025: -28.0, 2026: -19.0}; 当前(实时mid)=-33.0; 历史年数=5; 期限斜率(元/月)=41.114; 斜率同期分位%=66.7; 残差z=-0.46; 残差(元)=-13.9; 回归预测=-19.1; 回归R2=0.704; 回归样本=1060点/5年; 保留原因=近腿到期245天>180(远期豁免残差过滤); 仓单佐证=逆风(同期分位100%,当前118656); 最小腿OI=2687; 盘口空隙=2跳/0.044%",DCE.SP v2704&v2705,32.0,,
2026-08-12 15:27:35,价差季节性统计套利(正套),spread,B,b2701-b2702,做多价差(季节性低位),4.251,True,未满足残差过滤,False,back(-14.2元/月),50.0,60.0,"(21, 15, 23, 57)","同期分位%=0.0; 最优夏普=4.25; 持有期(交易日)=39; 同期各年={2022: 31.0, 2023: 31.0, 2024: 154.0, 2025: 32.0, 2026: 25.0}; 当前(实时mid)=22.0; 历史年数=5; 期限斜率(元/月)=-9.921; 斜率同期分位%=50.0; 残差z=-0.1; 残差(元)=-5.8; 回归预测=27.8; 回归R2=0.198; 回归样本=1067点/5年; 仓单佐证=中性(同期分位60%,当前1200); 最小腿OI=5437; 盘口空隙=2跳/0.052%",DCE.SP b2701&b2702,39.0,,
2026-08-12 15:27:35,价差季节性统计套利(反套),spread,RR,rr2704-rr2705,做空价差(季节性高位),4.236,True,,False,back(-25.9元/月),0.0,0.0,"(-1, 1, 3, 1)","同期分位%=100.0; 最优夏普=-4.24; 持有期(交易日)=34; 同期各年={2022: -25.0, 2023: -16.0, 2024: -16.0, 2025: -42.0, 2026: 0.0}; 当前(实时mid)=1.0; 历史年数=5; 期限斜率(元/月)=-28.777; 斜率同期分位%=0.0; 残差z=-0.95; 残差(元)=-26.6; 回归预测=27.6; 回归R2=0.172; 回归样本=1060点/5年; 保留原因=近腿到期245天>180(远期豁免残差过滤); 仓单佐证=逆风(同期分位0%,当前0); 最小腿OI=18; 盘口空隙=4跳/0.110%",DCE.SP rr2704&rr2705,34.0,,
2026-08-12 15:27:35,价差季节性统计套利(反套),spread,MA,MA610-MA611,做空价差(季节性高位),4.201,True,,False,back(-19.7元/月),0.0,40.0,"(21, 914, 22, 74)","同期分位%=100.0; 最优夏普=-4.2; 持有期(交易日)=33; 同期各年={2021: -35.0, 2022: 4.0, 2023: -21.0, 2024: -8.0, 2025: -24.0}; 当前(实时mid)=21.5; 历史年数=5; 期限斜率(元/月)=-19.269; 斜率同期分位%=0.0; 残差z=3.19; 残差(元)=36.5; 回归预测=-15.0; 回归R2=0.116; 回归样本=1075点/5年; 注销段=远腿11月=注销月,本段结构性偏高(效应段在下一段); 仓单佐证=中性(同期分位40%,当前5928); 最小腿OI=175545; 盘口空隙=1跳/0.038%",CZCE.SPD MA610&MA611,33.0,,
2026-08-12 15:27:35,价差季节性统计套利(反套),spread,FU,fu2609-fu2610,做空价差(季节性高位),4.12,True,未满足残差过滤,False,back(-97.8元/月),0.0,60.0,"(156, 7, 160, 9)","同期分位%=100.0; 最优夏普=-4.12; 持有期(交易日)=9; 同期各年={2021: -10.0, 2022: 31.0, 2023: 132.0, 2024: 100.0, 2025: -16.0}; 当前(实时mid)=158.0; 历史年数=5; 期限斜率(元/月)=-102.526; 斜率同期分位%=0.0; 残差z=1.0; 残差(元)=25.3; 回归预测=132.7; 回归R2=0.622; 回归样本=1125点/5年; 仓单佐证=中性(同期分位60%,当前35420); 最小腿OI=49349; 盘口空隙=4跳/0.114%",,9.0,,
2026-08-12 15:27:35,价差季节性统计套利(正套),spread,I,i2701-i2702,做多价差(季节性低位),4.106,True,未满足残差过滤,True,back(-3.0元/月),83.3,100.0,"(1.5, 14, 2.0, 899)","同期分位%=0.0; 最优夏普=4.11; 持有期(交易日)=8; 同期各年={2022: 18.0, 2023: 11.5, 2024: 3.5, 2025: 3.5, 2026: 3.5}; 当前(实时mid)=1.75; 历史年数=5; 期限斜率(元/月)=-3.112; 斜率同期分位%=83.3; 残差z=0.03; 残差(元)=0.1; 回归预测=1.6; 回归R2=0.611; 回归样本=1067点/5年; 仓单佐证=逆风(同期分位100%,当前4800); 最小腿OI=45716; 盘口空隙=1跳/0.071%",DCE.SP i2701&i2702,8.0,,
2026-08-12 15:27:35,价差季节性统计套利(反套),spread,RR,rr2703-rr2704,做空价差(季节性高位),4.084,True,,False,back(-25.9元/月),0.0,0.0,"(2, 1, 8, 1)","同期分位%=100.0; 最优夏普=-4.08; 持有期(交易日)=29; 同期各年={2022: -3.0, 2023: -13.0, 2024: -8.0, 2025: -8.0, 2026: -1.0}; 当前(实时mid)=5.0; 历史年数=5; 期限斜率(元/月)=-28.777; 斜率同期分位%=0.0; 残差z=-0.84; 残差(元)=-15.8; 回归预测=20.8; 回归R2=0.19; 回归样本=1050点/5年; 保留原因=近腿到期212天>180(远期豁免残差过滤); 仓单佐证=逆风(同期分位0%,当前0); 最小腿OI=18; 盘口空隙=6跳/0.166%",DCE.SP rr2703&rr2704,29.0,,
2026-08-12 15:27:35,价差季节性统计套利(反套),spread,IF,IF2609-IF2612,做空价差(季节性高位),4.062,True,,False,back(-27.1元/月),0.0,,"(82.4, 1, 85.0, 1)","同期分位%=100.0; 最优夏普=-4.06; 持有期(交易日)=6; 同期各年={2021: 62.8, 2022: 22.8, 2023: -28.6, 2024: 5.6, 2025: 29.2}; 当前(实时mid)=83.7; 历史年数=5; 期限斜率(元/月)=-26.4; 斜率同期分位%=0.0; 残差z=1.83; 残差(元)=11.8; 回归预测=71.9; 回归R2=0.902; 回归样本=458点/5年; 最小腿OI=62553; 盘口空隙=13跳/0.056%; 分红季=跨9-9月,价差含分红贴现(偏大属正常)",,6.0,,
2026-08-12 15:27:35,价差季节性统计套利(正套),spread,FG,FG704-FG705,做多价差(季节性低位),4.038,True,,True,contango(+18.0元/月),83.3,60.0,"(2, 259, 4, 225)","同期分位%=0.0; 最优夏普=4.04; 持有期(交易日)=14; 同期各年={2022: 25.0, 2023: 10.0, 2024: 32.0, 2025: 4.0, 2026: 5.0}; 当前(实时mid)=3.0; 历史年数=5; 期限斜率(元/月)=20.069; 斜率同期分位%=83.3; 残差z=-0.12; 残差(元)=-1.5; 回归预测=4.5; 回归R2=0.437; 回归样本=1060点/5年; 保留原因=近腿到期245天>180(远期豁免残差过滤); 注销段=远腿5月=注销月,本段结构性偏高(效应段在下一段); 仓单佐证=中性(同期分位60%,当前1311); 最小腿OI=2003; 盘口空隙=2跳/0.228%",CZCE.SPD FG704&FG705,14.0,,
2026-08-12 15:27:35,价差季节性统计套利(正套),spread,TL,TL2609-TL2612,做多价差(季节性低位),4.002,True,"仅提示(现金交割:集运/国债,不参与)",False,contango(+0.1元/月),100.0,,"(-0.33, 21, -0.31, 5)","同期分位%=0.0; 最优夏普=4.0; 持有期(交易日)=13; 同期各年={2023: 0.4, 2024: 0.5, 2025: 0.4}; 当前(实时mid)=-0.32; 历史年数=3; 期限斜率(元/月)=0.087; 斜率同期分位%=100.0; 残差z=-5.16; 残差(元)=-0.4; 回归预测=0.1; 回归R2=0.685; 回归样本=321点/3年; 最小腿OI=63682; 盘口空隙=2跳/0.017%",,13.0,,
2026-08-12 15:27:35,价差季节性统计套利(正套),spread,AU,au2704-au2706,做多价差(季节性低位),3.93,True,,True,contango(+1.1元/月),100.0,100.0,"(-2.7, 1, -1.9, 1)","同期分位%=0.0; 最优夏普=3.93; 持有期(交易日)=35; 同期各年={2022: -0.7, 2023: -0.5, 2024: -1.2, 2025: -2.0, 2026: -2.1}; 当前(实时mid)=-2.3; 历史年数=5; 期限斜率(元/月)=1.128; 斜率同期分位%=100.0; 残差z=-0.15; 残差(元)=-0.1; 回归预测=-2.2; 回归R2=0.778; 回归样本=1070点/5年; 保留原因=近腿到期246天>180(远期豁免残差过滤); 仓单佐证=逆风(同期分位100%,当前113676); 最小腿OI=6512; 盘口空隙=40跳/0.083%",,35.0,,
2026-08-12 15:27:35,价差季节性统计套利(正套),spread,AU,au2610-au2612,做多价差(季节性低位),3.928,True,未满足残差过滤,True,contango(+1.1元/月),100.0,100.0,"(-2.22, 2, -2.08, 2)","同期分位%=0.0; 最优夏普=3.93; 持有期(交易日)=33; 同期各年={2021: -0.6, 2022: -0.7, 2023: -0.7, 2024: -1.7, 2025: -2.1}; 当前(实时mid)=-2.1500000000000004; 历史年数=5; 期限斜率(元/月)=1.128; 斜率同期分位%=100.0; 残差z=0.33; 残差(元)=0.1; 回归预测=-2.3; 回归R2=0.748; 回归样本=1074点/5年; 仓单佐证=逆风(同期分位100%,当前113676); 最小腿OI=98489; 盘口空隙=7跳/0.015%",,33.0,,
2026-08-12 15:27:35,价差季节性统计套利(正套),spread,SP,sp2612-sp2701,做多价差(季节性低位),3.838,True,未满足残差过滤,False,contango(+55.1元/月),83.3,60.0,"(-226, 3, -216, 4)","同期分位%=0.0; 最优夏普=3.84; 持有期(交易日)=30; 同期各年={2021: -26.0, 2022: 22.0, 2023: -188.0, 2024: -122.0, 2025: -218.0}; 当前(实时mid)=-221.0; 历史年数=5; 期限斜率(元/月)=52.966; 斜率同期分位%=83.3; 残差z=-0.19; 残差(元)=-15.9; 回归预测=-205.1; 回归R2=0.538; 回归样本=1051点/5年; 仓单佐证=中性(同期分位60%,当前389664); 最小腿OI=4051; 盘口空隙=5跳/0.215%",,30.0,,
2026-08-12 15:27:35,价差季节性统计套利(反套),spread,L,l2705-l2706,做空价差(季节性高位),3.233,True,,False,back(-96.9元/月),0.0,80.0,"(15, 2, 18, 3)","同期分位%=100.0; 最优夏普=-3.23; 持有期(交易日)=6; 同期各年={2022: 5.0, 2023: -3.0, 2024: 12.0, 2025: -10.0, 2026: 1.0}; 当前(实时mid)=16.5; 历史年数=5; 期限斜率(元/月)=-97.291; 斜率同期分位%=0.0; 残差z=-0.79; 残差(元)=-32.6; 回归预测=49.1; 回归R2=0.098; 回归样本=1064点/5年; 保留原因=近腿到期275天>180(远期豁免残差过滤); 仓单佐证=顺风(同期分位80%,当前5535); 最小腿OI=61; 盘口空隙=3跳/0.038%",DCE.SP l2705&l2706,6.0,,
2026-08-12 15:27:35,远期高低估,spread,AO,ao2706-ao2707,做多价差(低估),2.972,False,低流动性(钓鱼),False,contango(+14.3元/月),100.0,100.0,"(-47, 1, -14, 2)","z=-2.97; 每月carry率=-0.010755; 组均值=-0.005362; 注销状态=both; 样本数=15; 仓单佐证=逆风(同期分位100%,当前273586); 最小腿OI=64; 盘口空隙=33跳/1.217%",,,,
2026-08-12 15:27:35,价差季节性统计套利(正套),spread,A,a2705-a2707,做多价差(季节性低位),2.942,True,,True,contango(+18.1元/月),100.0,100.0,"(-9, 49, -7, 71)","同期分位%=0.0; 最优夏普=2.94; 持有期(交易日)=22; 同期各年={2022: 26.0, 2023: 25.0, 2024: 20.0, 2025: 19.0, 2026: 5.0}; 当前(实时mid)=-8.0; 历史年数=5; 期限斜率(元/月)=15.532; 斜率同期分位%=100.0; 残差z=-0.3; 残差(元)=-9.6; 回归预测=1.6; 回归R2=0.118; 回归样本=963点/5年; 保留原因=近腿到期275天>180(远期豁免残差过滤); 仓单佐证=逆风(同期分位100%,当前43344); 最小腿OI=12354; 盘口空隙=2跳/0.041%",DCE.SP a2705&a2707,22.0,,
2026-08-12 15:27:35,远期高低估,spread,AG,ag2702-ag2703,做空价差(高估),2.882,False,低流动性(钓鱼),False,contango(+13.9元/月),100.0,40.0,"(-61, 1, 56, 1)","z=2.88; 每月carry率=-0.000154; 组均值=-0.000862; 注销状态=none; 样本数=15; 仓单佐证=中性(同期分位40%,当前1.30095e+06); 最小腿OI=2698; 盘口空隙=117跳/0.724%",,,,
2026-08-12 15:27:35,价差季节性统计套利(正套),spread,I,i2706-i2707,做多价差(季节性低位),2.862,True,,True,back(-3.0元/月),83.3,100.0,"(1.5, 183, 2.0, 150)","同期分位%=0.0; 最优夏普=2.86; 持有期(交易日)=30; 同期各年={2022: 9.0, 2023: 9.5, 2024: 9.5, 2025: 2.0, 2026: 3.0}; 当前(实时mid)=1.75; 历史年数=5; 期限斜率(元/月)=-3.112; 斜率同期分位%=83.3; 残差z=0.26; 残差(元)=1.3; 回归预测=0.5; 回归R2=0.529; 回归样本=1059点/5年; 保留原因=近腿到期306天>180(远期豁免残差过滤); 仓单佐证=逆风(同期分位100%,当前4800); 最小腿OI=15602; 盘口空隙=1跳/0.071%",DCE.SP i2706&i2707,30.0,,
2026-08-12 15:27:35,价差季节性统计套利(反套),spread,MA,MA609-MA610,做空价差(季节性高位),2.848,True,未满足残差过滤,False,back(-19.7元/月),0.0,40.0,"(-2, 1, -1, 130)","同期分位%=100.0; 最优夏普=-2.85; 持有期(交易日)=10; 同期各年={2021: -49.0, 2022: -12.0, 2023: -25.0, 2024: -27.0, 2025: -31.0}; 当前(实时mid)=-1.5; 历史年数=5; 期限斜率(元/月)=-19.269; 斜率同期分位%=0.0; 残差z=1.42; 残差(元)=17.3; 回归预测=-18.8; 回归R2=0.171; 回归样本=1056点/5年; 仓单佐证=中性(同期分位40%,当前5928); 最小腿OI=314143; 盘口空隙=1跳/0.038%",CZCE.SPD MA609&MA610,10.0,,
2026-08-12 15:27:35,远期高低估,spread,SP,sp2702-sp2703,做多价差(低估),2.81,False,低流动性(钓鱼),False,contango(+55.1元/月),83.3,60.0,"(-64, 1, 2, 1)","z=-2.81; 每月carry率=-0.006384; 组均值=-0.001376; 注销状态=both; 样本数=15; 仓单佐证=中性(同期分位60%,当前389664); 最小腿OI=54; 盘口空隙=33跳/1.421%",,,,
2026-08-12 15:27:35,价差季节性统计套利(正套),spread,PF,PF703-PF704,做多价差(季节性低位),2.756,True,,False,back(-57.8元/月),0.0,20.0,"(-36, 1, -24, 3)","同期分位%=0.0; 最优夏普=2.76; 持有期(交易日)=13; 同期各年={2022: -20.0, 2023: -12.0, 2024: -2.0, 2025: 6.0, 2026: -6.0}; 当前(实时mid)=-30.0; 历史年数=5; 期限斜率(元/月)=-59.591; 斜率同期分位%=0.0; 残差z=-0.37; 残差(元)=-31.2; 回归预测=1.2; 回归R2=0.012; 回归样本=1030点/5年; 保留原因=近腿到期212天>180(远期豁免残差过滤); 注销段=近腿3月=注销月,本段结构性偏低(即注销效应段); 仓单佐证=顺风(同期分位20%,当前2318); 最小腿OI=29; 盘口空隙=6跳/0.163%",CZCE.SPD PF703&PF704,13.0,,
2026-08-12 15:27:35,价差季节性统计套利(反套),spread,IC,IC2609-IC2612,做空价差(季节性高位),2.753,True,未满足残差过滤,False,back(-61.0元/月),0.0,,"(180.8, 1, 182.0, 1)","同期分位%=100.0; 最优夏普=-2.75; 持有期(交易日)=6; 同期各年={2021: 165.6, 2022: 100.8, 2023: 2.4, 2024: 61.0, 2025: 152.6}; 当前(实时mid)=181.4; 历史年数=5; 期限斜率(元/月)=-63.702; 斜率同期分位%=0.0; 残差z=-0.56; 残差(元)=-5.1; 回归预测=186.5; 回归R2=0.961; 回归样本=458点/5年; 最小腿OI=76536; 盘口空隙=6跳/0.015%; 分红季=跨9-9月,价差含分红贴现(偏大属正常)",,6.0,,
2026-08-12 15:27:35,远期高低估,spread,RR,rr2702-rr2703,做多价差(低估),2.732,True,,False,back(-25.9元/月),0.0,0.0,"(-18, 1, -10, 1)","z=-2.73; 每月carry率=-0.003901; 组均值=-0.000396; 注销状态=both; 样本数=15; 仓单佐证=顺风(同期分位0%,当前0); 最小腿OI=49; 盘口空隙=8跳/0.221%",DCE.SP rr2702&rr2703,,,
2026-08-12 15:27:35,远期高低估,spread,SC,sc2703-sc2704,做多价差(低估),2.721,False,低流动性(钓鱼),True,back(-4.1元/月),28.6,20.0,"(-11.6, 1, 8.0, 1)","z=-2.72; 每月carry率=-0.003381; 组均值=0.004033; 注销状态=none; 样本数=28; 仓单佐证=顺风(同期分位20%,当前2.961e+06); 最小腿OI=63; 盘口空隙=196跳/3.550%",,,,
2026-08-12 15:27:35,远期高低估,spread,OP,op2706-op2707,做多价差(低估),2.716,False,低流动性(钓鱼),False,contango(+6.4元/月),,,"(-142, 2, 76, 2)",z=-2.72; 每月carry率=-0.008333; 组均值=-0.001209; 注销状态=both; 样本数=15; 最小腿OI=0; 盘口空隙=109跳/5.619%,,,,
2026-08-12 15:27:35,远期高低估,spread,FU,fu2703-fu2704,做空价差(高估),2.669,False,低流动性(钓鱼),False,back(-97.8元/月),0.0,60.0,"(19, 1, 60, 1)","z=2.67; 每月carry率=0.012286; 组均值=0.007874; 注销状态=none; 样本数=15; 仓单佐证=中性(同期分位60%,当前35420); 最小腿OI=312; 盘口空隙=41跳/1.170%",,,,
2026-08-12 15:27:35,价差季节性统计套利(反套),spread,BC,bc2609-bc2610,做空价差(季节性高位),2.661,True,未满足残差过滤,False,back(-159.1元/月),0.0,60.0,"(110, 1, 390, 1)","同期分位%=100.0; 最优夏普=-2.66; 持有期(交易日)=13; 同期各年={2021: -150.0, 2022: 220.0, 2023: 20.0, 2024: -150.0, 2025: -80.0}; 当前(实时mid)=250.0; 历史年数=5; 期限斜率(元/月)=-201.351; 斜率同期分位%=0.0; 残差z=0.32; 残差(元)=210.1; 回归预测=39.9; 回归R2=0.003; 回归样本=1057点/5年; 仓单佐证=中性(同期分位60%,当前7853); 最小腿OI=6217; 盘口空隙=28跳/0.290%",,13.0,,
2026-08-12 15:27:35,价差季节性统计套利(反套),spread,PF,PF701-PF702,做空价差(季节性高位),2.636,True,未满足残差过滤,False,back(-57.8元/月),0.0,20.0,"(36, 10, 38, 7)","同期分位%=100.0; 最优夏普=-2.64; 持有期(交易日)=6; 同期各年={2022: -60.0, 2023: 24.0, 2024: -12.0, 2025: -36.0, 2026: -20.0}; 当前(实时mid)=37.0; 历史年数=5; 期限斜率(元/月)=-59.591; 斜率同期分位%=0.0; 残差z=0.51; 残差(元)=34.7; 回归预测=2.3; 回归R2=0.056; 回归样本=1045点/5年; 仓单佐证=逆风(同期分位20%,当前2318); 最小腿OI=279; 盘口空隙=1跳/0.027%",CZCE.SPD PF701&PF702,6.0,,
2026-08-12 15:27:35,价差季节性统计套利(反套),spread,L,l2703-l2704,做空价差(季节性高位),2.625,True,,False,back(-96.9元/月),0.0,80.0,"(20, 2, 34, 2)","同期分位%=100.0; 最优夏普=-2.63; 持有期(交易日)=52; 同期各年={2022: -5.0, 2023: 6.0, 2024: -4.0, 2025: -4.0, 2026: -21.0}; 当前(实时mid)=27.0; 历史年数=5; 期限斜率(元/月)=-97.291; 斜率同期分位%=0.0; 残差z=-0.08; 残差(元)=-3.8; 回归预测=30.8; 回归R2=0.067; 回归样本=1050点/5年; 保留原因=近腿到期212天>180(远期豁免残差过滤); 注销段=近腿3月=注销月,本段结构性偏低(即注销效应段); 仓单佐证=顺风(同期分位80%,当前5535); 最小腿OI=39; 盘口空隙=14跳/0.179%",DCE.SP l2703&l2704,52.0,,
2026-08-12 15:27:35,远期高低估,spread,AD,ad2706-ad2707,做空价差(高估),2.612,False,低流动性(钓鱼),False,contango(+60.4元/月),,,"(-430, 2, 530, 2)",z=2.61; 每月carry率=0.002113; 组均值=-0.000346; 注销状态=both; 样本数=15; 最小腿OI=4; 盘口空隙=192跳/4.060%,,,,
2026-08-12 15:27:35,价差季节性统计套利(反套),spread,AG,ag2701-ag2702,做空价差(季节性高位),2.61,True,未满足残差过滤,False,contango(+13.9元/月),100.0,40.0,"(-16, 1, 3, 2)","同期分位%=100.0; 最优夏普=-2.61; 持有期(交易日)=56; 同期各年={2022: -11.0, 2023: -7.0, 2024: -7.0, 2025: -9.0, 2026: -13.0}; 当前(实时mid)=-6.5; 历史年数=5; 期限斜率(元/月)=14.612; 斜率同期分位%=100.0; 残差z=0.7; 残差(元)=7.3; 回归预测=-13.8; 回归R2=0.084; 回归样本=1078点/5年; 仓单佐证=中性(同期分位40%,当前1.30095e+06); 最小腿OI=9425; 盘口空隙=19跳/0.118%",,56.0,,
2026-08-12 15:27:35,远期高低估,spread,SI,si2703-si2704,做多价差(低估),2.544,False,低流动性(钓鱼),True,contango(+72.1元/月),0.0,33.3,"(-110, 1, -25, 1)","z=-2.54; 每月carry率=-0.007504; 组均值=-0.002001; 注销状态=none; 样本数=15; 仓单佐证=中性(同期分位33%,当前33103); 最小腿OI=250; 盘口空隙=17跳/0.984%",,,,
2026-08-12 15:27:35,价差季节性统计套利(正套),spread,AG,ag2609-ag2701,做多价差(季节性低位),2.54,True,,True,contango(+13.9元/月),100.0,40.0,"(-88, 1, -69, 1)","同期分位%=0.0; 最优夏普=2.54; 持有期(交易日)=13; 同期各年={2021: -55.0, 2022: -22.0, 2023: -31.0, 2024: -35.0, 2025: -46.0}; 当前(实时mid)=-78.5; 历史年数=5; 期限斜率(元/月)=14.612; 斜率同期分位%=100.0; 残差z=-2.3; 残差(元)=-22.0; 回归预测=-56.5; 回归R2=0.744; 回归样本=758点/5年; 仓单佐证=中性(同期分位40%,当前1.30095e+06); 最小腿OI=9425; 盘口空隙=19跳/0.118%",,13.0,,
2026-08-12 15:27:35,远期高低估,spread,JD,jd2705-jd2706,做空价差(高估),2.457,True,,False,back(-111.5元/月),0.0,0.0,"(133, 22, 137, 7)","z=2.46; 每月carry率=0.041108; 组均值=-0.004876; 注销状态=both; 样本数=15; 仓单佐证=逆风(同期分位0%,当前0); 最小腿OI=10161; 盘口空隙=4跳/0.103%",DCE.SP jd2705&jd2706,,,
2026-08-12 15:27:35,远期高低估,spread,LU,lu2704-lu2705,做多价差(低估),2.437,False,低流动性(钓鱼),True,back(-161.9元/月),16.7,0.0,"(-123, 1, 44, 1)","z=-2.44; 每月carry率=-0.009937; 组均值=0.003403; 注销状态=none; 样本数=15; 仓单佐证=顺风(同期分位0%,当前330); 最小腿OI=20; 盘口空隙=167跳/3.549%",,,,
2026-08-12 15:27:35,远期高低估,spread,CU,cu2702-cu2703,做空价差(高估),2.419,False,低流动性(钓鱼),False,back(-154.3元/月),33.3,40.0,"(0, 1, 340, 1)","z=2.42; 每月carry率=0.00158; 组均值=0.000718; 注销状态=none; 样本数=15; 仓单佐证=中性(同期分位40%,当前23178); 最小腿OI=12347; 盘口空隙=34跳/0.314%",,,,
2026-08-12 15:27:35,远期高低估,spread,PS,ps2703-ps2704,做空价差(高估),2.381,False,低流动性(钓鱼),False,contango(+789.4元/月),,,"(635, 10, 2695, 5)",z=2.38; 每月carry率=0.040242; 组均值=0.000328; 注销状态=none; 样本数=10; 最小腿OI=405; 盘口空隙=412跳/5.372%,,,,
2026-08-12 15:27:35,远期高低估,spread,BC,bc2704-bc2705,做空价差(高估),2.31,False,低流动性(钓鱼),False,back(-159.1元/月),0.0,60.0,"(-1850, 1, 2670, 1)","z=2.31; 每月carry率=0.004305; 组均值=-0.00028; 注销状态=none; 样本数=15; 仓单佐证=中性(同期分位60%,当前7853); 最小腿OI=1; 盘口空隙=452跳/4.681%",,,,
2026-08-12 15:27:35,注销月折价,butterfly,BB,bb2609-bb2611-bb2701,做多前段/做空后段,2.3,False,低流动性(钓鱼),False,back(-0.2元/月),33.3,,,中间注销=True; 前段=-0.65; 后段=1.65; 最小腿OI=67; 盘口空隙=缺边,,,,注销月折价 中间注销
2026-08-12 15:27:35,远期高低估,spread,SN,sn2702-sn2703,做空价差(高估),2.296,False,低流动性(钓鱼),False,contango(+145.0元/月),83.3,40.0,"(-450, 1, 2170, 2)","z=2.3; 每月carry率=0.001998; 组均值=0.000211; 注销状态=none; 样本数=15; 仓单佐证=中性(同期分位40%,当前5063); 最小腿OI=120; 盘口空隙=262跳/0.607%",,,,
2026-08-12 15:27:35,远期高低估,spread,ZN,zn2704-zn2705,做空价差(高估),2.256,False,低流动性(钓鱼),False,contango(+5.2元/月),100.0,100.0,"(-85, 2, 205, 2)","z=2.26; 每月carry率=0.002343; 组均值=0.001173; 注销状态=none; 样本数=15; 仓单佐证=顺风(同期分位100%,当前110325); 最小腿OI=149; 盘口空隙=58跳/1.121%",,,,
2026-08-12 15:27:35,远期高低估,spread,JD,jd2706-jd2707,做多价差(低估),2.25,True,,False,back(-111.5元/月),0.0,0.0,"(-150, 2, -146, 2)","z=-2.25; 每月carry率=-0.046999; 组均值=-0.004876; 注销状态=both; 样本数=15; 仓单佐证=顺风(同期分位0%,当前0); 最小腿OI=7639; 盘口空隙=4跳/0.103%",DCE.SP jd2706&jd2707,,,
2026-08-12 15:27:35,远期高低估,spread,RB,rb2702-rb2703,做空价差(高估),2.24,False,低流动性(钓鱼),False,contango(+10.4元/月),66.7,100.0,"(-11, 2, -1, 2)","z=2.24; 每月carry率=-0.001968; 组均值=-0.002886; 注销状态=both; 样本数=15; 仓单佐证=顺风(同期分位100%,当前97712); 最小腿OI=520; 盘口空隙=10跳/0.332%",,,,
2026-08-12 15:27:35,远期高低估,spread,EB,eb2705-eb2707,做多价差(低估),2.235,False,低流动性(钓鱼),False,back(-111.7元/月),33.3,0.0,"(-15, 1, 77, 1)","z=-2.23; 每月carry率=0.001995; 组均值=0.003344; 注销状态=both; 样本数=15; 仓单佐证=顺风(同期分位0%,当前0); 最小腿OI=11; 盘口空隙=92跳/1.121%",,,,
2026-08-12 15:27:35,远期高低估,spread,PP,pp2702-pp2704,做空价差(高估),2.226,False,低流动性(钓鱼),False,back(-180.4元/月),0.0,100.0,"(91, 1, 191, 1)","z=2.23; 每月carry率=0.009439; 组均值=0.005848; 注销状态=none; 样本数=10; 仓单佐证=顺风(同期分位100%,当前26379); 最小腿OI=131; 盘口空隙=100跳/1.197%",DCE.SP pp2702&pp2704,,,
2026-08-12 15:27:35,远期高低估,spread,BZ,bz2702-bz2703,做空价差(高估),2.202,False,低流动性(钓鱼),False,back(-118.2元/月),,,"(6, 1, 38, 1)",z=2.2; 每月carry率=0.003263; 组均值=-0.000394; 注销状态=both; 样本数=15; 最小腿OI=28; 盘口空隙=32跳/0.443%,DCE.SP bz2702&bz2703,,,
2026-08-12 15:27:35,远期高低估,spread,RU,ru2706-ru2707,做空价差(高估),2.186,False,低流动性(钓鱼),False,contango(+176.5元/月),0.0,0.0,"(-105, 1, 210, 1)","z=2.19; 每月carry率=0.002926; 组均值=-7e-05; 注销状态=both; 样本数=10; 仓单佐证=逆风(同期分位0%,当前147830); 最小腿OI=33; 盘口空隙=63跳/1.755%",,,,
2026-08-12 15:27:35,远期高低估,spread,I,i2704-i2705,做空价差(高估),2.175,True,,False,back(-3.0元/月),83.3,100.0,"(4.5, 134, 5.0, 144)","z=2.17; 每月carry率=0.0068; 组均值=0.003866; 注销状态=none; 样本数=10; 仓单佐证=顺风(同期分位100%,当前4800); 最小腿OI=36840; 盘口空隙=1跳/0.071%",DCE.SP i2704&i2705,,,
2026-08-12 15:27:35,远期高低估,spread,AL,al2704-al2705,做空价差(高估),2.122,False,低流动性(钓鱼),False,back(-15.5元/月),83.3,100.0,"(-5, 1, 135, 1)","z=2.12; 每月carry率=0.002688; 组均值=0.000461; 注销状态=none; 样本数=15; 仓单佐证=顺风(同期分位100%,当前304191); 最小腿OI=2851; 盘口空隙=28跳/0.576%",,,,
2026-08-12 15:27:35,远期高低估,spread,BC,bc2705-bc2706,做多价差(低估),2.084,False,低流动性(钓鱼),True,back(-159.1元/月),0.0,60.0,"(-2690, 1, 1850, 1)","z=-2.08; 每月carry率=-0.004417; 组均值=-0.00028; 注销状态=none; 样本数=15; 仓单佐证=中性(同期分位60%,当前7853); 最小腿OI=1; 盘口空隙=454跳/4.701%",,,,
2026-08-12 15:27:35,价差季节性统计套利(反套),spread,EG,eg2609-eg2610,做空价差(季节性高位),2.057,True,,False,back(-130.1元/月),0.0,40.0,"(233, 1, 235, 8)","同期分位%=100.0; 最优夏普=-2.06; 持有期(交易日)=12; 同期各年={2021: 55.0, 2022: -41.0, 2023: -43.0, 2024: -19.0, 2025: -8.0}; 当前(实时mid)=234.0; 历史年数=5; 期限斜率(元/月)=-128.454; 斜率同期分位%=0.0; 残差z=3.91; 残差(元)=195.9; 回归预测=38.1; 回归R2=0.037; 回归样本=1042点/5年; 仓单佐证=中性(同期分位40%,当前4270); 最小腿OI=146489; 盘口空隙=2跳/0.041%",DCE.SP eg2609&eg2610,12.0,,
2026-08-12 15:27:35,注销月折价,butterfly,BB,bb2611-bb2701-bb2703,做空前段/做多后段,2.05,False,低流动性(钓鱼),False,back(-0.2元/月),33.3,,,中间注销=False; 前段=1.65; 后段=-0.4; 最小腿OI=37; 盘口空隙=缺边,,,,注销月折价 前后注销
2026-08-12 15:27:35,远期高低估,spread,BZ,bz2705-bz2707,做多价差(低估),2.02,False,低流动性(钓鱼),False,back(-118.2元/月),,,"(-229, 1, 129, 1)",z=-2.02; 每月carry率=-0.00375; 组均值=-0.000394; 注销状态=both; 样本数=15; 最小腿OI=2; 盘口空隙=358跳/4.955%,DCE.SP bz2705&bz2707,,,
2026-08-12 15:27:35,远期高低估,spread,J,j2702-j2704,做多价差(低估),2.02,False,低流动性(钓鱼),False,contango(+12.1元/月),66.7,100.0,"(-19.5, 1, -7.5, 1)","z=-2.02; 每月carry率=-0.003435; 组均值=0.001351; 注销状态=none; 样本数=10; 仓单佐证=逆风(同期分位100%,当前1481); 最小腿OI=16; 盘口空隙=24跳/0.630%",DCE.SP j2702&j2704,,,
2026-08-12 15:27:35,远期高低估,spread,AL,al2703-al2704,做多价差(低估),2.015,False,低流动性(钓鱼),True,back(-15.5元/月),83.3,100.0,"(-205, 1, 125, 1)","z=-2.02; 每月carry率=-0.001654; 组均值=0.000461; 注销状态=none; 样本数=15; 仓单佐证=逆风(同期分位100%,当前304191); 最小腿OI=3468; 盘口空隙=66跳/1.359%",,,,
2026-08-12 15:27:35,远期高低估,spread,JM,jm2705-jm2706,做多价差(低估),2.002,False,低流动性(钓鱼),False,contango(+28.4元/月),100.0,100.0,"(-5.5, 1, 8.5, 2)","z=-2.0; 每月carry率=0.001039; 组均值=0.00379; 注销状态=both; 样本数=15; 仓单佐证=逆风(同期分位100%,当前2100); 最小腿OI=131; 盘口空隙=28跳/0.949%",,,,
2026-08-12 15:27:35,远期高低估,spread,LU,lu2703-lu2704,做空价差(高估),2.0,False,低流动性(钓鱼),False,back(-161.9元/月),16.7,0.0,"(-51, 1, 166, 1)","z=2.0; 每月carry率=0.014353; 组均值=0.003403; 注销状态=none; 样本数=15; 仓单佐证=逆风(同期分位0%,当前330); 最小腿OI=20; 盘口空隙=217跳/4.611%",,,,
2026-08-12 15:27:35,近月转抛,spread,LC,lc2706-lc2707,买近卖远持有转抛,1.8875,False,低流动性(钓鱼),True,back(-242.5元/月),66.7,50.0,"(-9840, 5, 6340, 5)","转抛比例=1.8875; fullcarry=-927.15; 时间贴水=0; 近月波动率条件=未评估(需历史库); 注销段=远腿7月=注销月,本段结构性偏高(效应段在下一段); 仓单佐证=中性(同期分位50%,当前32551); 最小腿OI=0; 盘口空隙=809跳/10.818%",,,,
2026-08-12 15:27:35,远月转抛,spread,LC,lc2706-lc2707,买近卖远持有转抛(远月对),1.8875,False,低流动性(钓鱼),True,back(-242.5元/月),66.7,50.0,"(-9840, 5, 6340, 5)","转抛比例=1.8875; 前腿到期天数=306; 近月对比例=[-0.349, -0.299, -0.031, -1.758, -0.277, -0.894, -1.038, -1.542]; 注销段=远腿7月=注销月,本段结构性偏高(效应段在下一段); 仓单佐证=中性(同期分位50%,当前32551); 最小腿OI=0; 盘口空隙=809跳/10.818%",,,,
2026-08-12 15:27:35,近月转抛,spread,PS,ps2702-ps2703,买近卖远持有转抛,1.5895,False,低流动性(钓鱼),True,contango(+789.4元/月),,,"(-2065, 5, 960, 5)",转抛比例=1.5895; fullcarry=-347.59; 时间贴水=0; 近月波动率条件=未评估(需历史库); 最小腿OI=175; 盘口空隙=605跳/7.889%,,,,
2026-08-12 15:27:35,远月转抛,spread,PS,ps2702-ps2703,买近卖远持有转抛(远月对),1.5895,False,低流动性(钓鱼),True,contango(+789.4元/月),,,"(-2065, 5, 960, 5)","转抛比例=1.5895; 前腿到期天数=184; 近月对比例=[0.333, 0.129, 0.05, -1.041, 0.22, -0.495, 0.195, -1.039, -0.969, 0.267, -1.405, -1.227]; 最小腿OI=175; 盘口空隙=605跳/7.889%",,,,
2026-08-12 15:27:35,注销月近月崩塌,spread,M,m2703-m2705,做空价差(仓单高+崩塌未定价),1.0,True,,False,back(-31.5元/月),83.3,100.0,"(249, 242, 251, 1932)","仓单同期分位%=100.0; 当前仓单=25100.0; 价差同期分位%=100.0; 距注销月天数=200; 当前价差(实时mid)=250.0; 同期各年={2022: 95.0, 2023: 118.0, 2024: 211.0, 2025: 79.0, 2026: 181.0}; 注销段=近腿3月=注销月,本段结构性偏低(即注销效应段); 仓单佐证=顺风(同期分位100%,当前25100); 最小腿OI=323010; 盘口空隙=2跳/0.064%",DCE.SP m2703&m2705,,,
2026-08-12 15:27:35,注销月近月崩塌,spread,L,l2703-l2704,做空价差(仓单高+崩塌未定价),0.8,True,,False,back(-96.9元/月),0.0,80.0,"(20, 2, 34, 2)","仓单同期分位%=80.0; 当前仓单=5535.0; 价差同期分位%=100.0; 距注销月天数=200; 当前价差(实时mid)=27.0; 同期各年={2022: -5.0, 2023: 6.0, 2024: -4.0, 2025: -4.0, 2026: -21.0}; 注销段=近腿3月=注销月,本段结构性偏低(即注销效应段); 仓单佐证=顺风(同期分位80%,当前5535); 最小腿OI=39; 盘口空隙=14跳/0.179%",DCE.SP l2703&l2704,,,
2026-08-12 15:27:35,注销月近月崩塌,spread,PP,pp2703-pp2704,做空价差(仓单高+崩塌未定价),0.8,True,,False,back(-180.4元/月),0.0,100.0,"(40, 1, 44, 4)","仓单同期分位%=100.0; 当前仓单=26379.0; 价差同期分位%=80.0; 距注销月天数=200; 当前价差(实时mid)=42.0; 同期各年={2022: -14.0, 2023: 42.0, 2024: -14.0, 2025: 15.0, 2026: -2.0}; 注销段=近腿3月=注销月,本段结构性偏低(即注销效应段); 仓单佐证=顺风(同期分位100%,当前26379); 最小腿OI=131; 盘口空隙=4跳/0.048%",DCE.SP pp2703&pp2704,,,
2026-08-12 15:27:35,流动性溢价,spread,J,j2609-j2610,做空价差(主力−后月被溢价抬高),0.56,False,低流动性(钓鱼),False,contango(+12.1元/月),66.7,100.0,"(-5.0, 1, 7.5, 1)","主力=j2609; 主力距到期=33; 换月进度=0.56; 当前价差=1.25; 价差同期分位%=None; 仓单佐证=顺风(同期分位100%,当前1481); 最小腿OI=3917; 盘口空隙=25跳/0.656%",DCE.SP j2609&j2610,,,
2026-08-12 15:27:35,流动性溢价,spread,L,l2609-l2610,做空价差(主力−后月被溢价抬高),0.56,True,,False,back(-96.9元/月),0.0,80.0,"(192, 10, 198, 3)","主力=l2609; 主力距到期=33; 换月进度=0.56; 当前价差=195.0; 价差同期分位%=100.0; 仓单佐证=顺风(同期分位80%,当前5535); 最小腿OI=122240; 盘口空隙=6跳/0.077%",DCE.SP l2609&l2610,,,
2026-08-12 15:27:35,流动性溢价,spread,PP,pp2608-pp2609,做多价差(前月−主力被溢价压低),0.56,False,低流动性(钓鱼),False,back(-180.4元/月),0.0,100.0,"(220, 80, 300, 2)","主力=pp2609; 主力距到期=33; 换月进度=0.56; 当前价差=260.0; 价差同期分位%=None; 仓单佐证=逆风(同期分位100%,当前26379); 最小腿OI=5014; 盘口空隙=80跳/0.957%",DCE.SP pp2608&pp2609,,,
2026-08-12 15:27:35,流动性溢价,spread,PP,pp2609-pp2610,做空价差(主力−后月被溢价抬高),0.56,True,,False,back(-180.4元/月),0.0,100.0,"(362, 15, 366, 14)","主力=pp2609; 主力距到期=33; 换月进度=0.56; 当前价差=364.0; 价差同期分位%=100.0; 仓单佐证=顺风(同期分位100%,当前26379); 最小腿OI=149911; 盘口空隙=4跳/0.048%",DCE.SP pp2609&pp2610,,,
2026-08-12 15:27:35,流动性溢价,spread,V,v2608-v2609,做多价差(前月−主力被溢价压低),0.56,True,,False,contango(+44.0元/月),66.7,100.0,"(-41, 20, -40, 177)","主力=v2609; 主力距到期=33; 换月进度=0.56; 当前价差=-40.5; 价差同期分位%=None; 仓单佐证=逆风(同期分位100%,当前118656); 最小腿OI=13555; 盘口空隙=1跳/0.022%",DCE.SP v2608&v2609,,,
2026-08-12 15:27:35,流动性溢价,spread,V,v2609-v2610,做空价差(主力−后月被溢价抬高),0.56,True,,False,contango(+44.0元/月),66.7,100.0,"(-43, 1010, -42, 314)","主力=v2609; 主力距到期=33; 换月进度=0.56; 当前价差=-42.5; 价差同期分位%=20.0; 仓单佐证=顺风(同期分位100%,当前118656); 最小腿OI=196557; 盘口空隙=1跳/0.022%",DCE.SP v2609&v2610,,,
2026-08-12 15:27:35,流动性溢价,spread,FG,FG609-FG610,做空价差(主力−后月被溢价抬高),0.56,True,,False,contango(+18.0元/月),83.3,60.0,"(-39, 63, -38, 1567)","主力=FG609; 主力距到期=33; 换月进度=0.56; 当前价差=-38.5; 价差同期分位%=20.0; 注销段=近腿9月=注销月,本段结构性偏低(即注销效应段); 仓单佐证=中性(同期分位60%,当前1311); 最小腿OI=137928; 盘口空隙=1跳/0.114%",CZCE.SPD FG609&FG610,,,
2026-08-12 15:27:35,流动性溢价,spread,RS,RS609-RS611,做空价差(主力−后月被溢价抬高),0.56,False,低流动性(钓鱼),False,样本不足,0.0,0.0,"(-199, 1, 199, 1)","主力=RS609; 主力距到期=33; 换月进度=0.56; 当前价差=0.0; 价差同期分位%=None; 仓单佐证=逆风(同期分位0%,当前0); 最小腿OI=0; 盘口空隙=无主力价",CZCE.SPD RS609&RS611,,,
2026-08-12 15:27:35,流动性溢价,spread,SA,SA608-SA609,做多价差(前月−主力被溢价压低),0.56,False,低流动性(钓鱼),False,contango(+13.4元/月),50.0,40.0,"(-14, 350, -11, 100)","主力=SA609; 主力距到期=33; 换月进度=0.56; 当前价差=-12.5; 价差同期分位%=None; 注销段=远腿9月=注销月,本段结构性偏高(效应段在下一段); 仓单佐证=中性(同期分位40%,当前6037); 最小腿OI=5488; 盘口空隙=3跳/0.304%",CZCE.SPD SA608&SA609,,,
2026-08-12 15:27:35,流动性溢价,spread,SA,SA609-SA610,做空价差(主力−后月被溢价抬高),0.56,True,,False,contango(+13.4元/月),50.0,40.0,"(-23, 570, -22, 155)","主力=SA609; 主力距到期=33; 换月进度=0.56; 当前价差=-22.5; 价差同期分位%=40.0; 注销段=近腿9月=注销月,本段结构性偏低(即注销效应段); 仓单佐证=中性(同期分位40%,当前6037); 最小腿OI=143731; 盘口空隙=1跳/0.101%",CZCE.SPD SA609&SA610,,,
2026-08-12 15:27:35,流动性溢价,spread,TA,TA608-TA609,做多价差(前月−主力被溢价压低),0.56,False,低流动性(钓鱼),False,back(-42.3元/月),16.7,20.0,"(42, 7, 260, 30)","主力=TA609; 主力距到期=33; 换月进度=0.56; 当前价差=151.0; 价差同期分位%=None; 注销段=远腿9月=注销月,本段结构性偏高(效应段在下一段); 仓单佐证=顺风(同期分位20%,当前24979); 最小腿OI=10252; 盘口空隙=109跳/3.782%",CZCE.SPD TA608&TA609,,,
2026-08-12 15:27:35,流动性溢价,spread,TA,TA609-TA610,做空价差(主力−后月被溢价抬高),0.56,True,,False,back(-42.3元/月),16.7,20.0,"(16, 32, 20, 37)","主力=TA609; 主力距到期=33; 换月进度=0.56; 当前价差=18.0; 价差同期分位%=80.0; 注销段=近腿9月=注销月,本段结构性偏低(即注销效应段); 仓单佐证=逆风(同期分位20%,当前24979); 最小腿OI=236937; 盘口空隙=2跳/0.069%",CZCE.SPD TA609&TA610,,,
2026-08-12 15:27:35,流动性溢价,spread,UR,UR608-UR609,做多价差(前月−主力被溢价压低),0.56,True,,False,contango(+13.6元/月),100.0,100.0,"(-7, 25, -3, 25)","主力=UR609; 主力距到期=33; 换月进度=0.56; 当前价差=-5.0; 价差同期分位%=None; 仓单佐证=逆风(同期分位100%,当前4958); 最小腿OI=1278; 盘口空隙=4跳/0.238%",CZCE.SPD UR608&UR609,,,
2026-08-12 15:27:35,流动性溢价,spread,UR,UR609-UR610,做空价差(主力−后月被溢价抬高),0.56,True,,False,contango(+13.6元/月),100.0,100.0,"(-11, 1752, -9, 418)","主力=UR609; 主力距到期=33; 换月进度=0.56; 当前价差=-10.0; 价差同期分位%=20.0; 注销段=远腿10月=注销月,本段结构性偏高(效应段在下一段); 仓单佐证=顺风(同期分位100%,当前4958); 最小腿OI=54729; 盘口空隙=2跳/0.119%",CZCE.SPD UR609&UR610,,,
2026-08-12 15:27:35,流动性溢价,spread,AL,al2608-al2609,做多价差(前月−主力被溢价压低),0.547,False,低流动性(钓鱼),False,back(-15.5元/月),83.3,100.0,"(-120, 20, -20, 10)","主力=al2609; 主力距到期=34; 换月进度=0.547; 当前价差=-70.0; 价差同期分位%=None; 仓单佐证=逆风(同期分位100%,当前304191); 最小腿OI=17160; 盘口空隙=20跳/0.412%",,,,
2026-08-12 15:27:35,流动性溢价,spread,AL,al2609-al2610,做空价差(主力−后月被溢价抬高),0.547,True,,False,back(-15.5元/月),83.3,100.0,"(-15, 41, 0, 21)","主力=al2609; 主力距到期=34; 换月进度=0.547; 当前价差=-7.5; 价差同期分位%=20.0; 仓单佐证=顺风(同期分位100%,当前304191); 最小腿OI=214500; 盘口空隙=3跳/0.062%",,,,
2026-08-12 15:27:35,流动性溢价,spread,CU,cu2608-cu2609,做多价差(前月−主力被溢价压低),0.547,True,,False,back(-154.3元/月),33.3,40.0,"(370, 1, 490, 2)","主力=cu2609; 主力距到期=34; 换月进度=0.547; 当前价差=430.0; 价差同期分位%=None; 仓单佐证=中性(同期分位40%,当前23178); 最小腿OI=22320; 盘口空隙=12跳/0.111%",,,,
2026-08-12 15:27:35,流动性溢价,spread,CU,cu2609-cu2610,做空价差(主力−后月被溢价抬高),0.547,True,,False,back(-154.3元/月),33.3,40.0,"(170, 2, 190, 1)","主力=cu2609; 主力距到期=34; 换月进度=0.547; 当前价差=180.0; 价差同期分位%=60.0; 仓单佐证=中性(同期分位40%,当前23178); 最小腿OI=170985; 盘口空隙=2跳/0.018%",,,,
2026-08-12 15:27:35,流动性溢价,spread,NI,ni2608-ni2609,做多价差(前月−主力被溢价压低),0.547,False,低流动性(钓鱼),False,contango(+266.5元/月),83.3,100.0,"(-360, 5, 140, 1)","主力=ni2609; 主力距到期=34; 换月进度=0.547; 当前价差=-110.0; 价差同期分位%=None; 仓单佐证=逆风(同期分位100%,当前100927); 最小腿OI=12570; 盘口空隙=50跳/0.388%",,,,
2026-08-12 15:27:35,流动性溢价,spread,NI,ni2609-ni2610,做空价差(主力−后月被溢价抬高),0.547,True,,False,contango(+266.5元/月),83.3,100.0,"(-290, 1, -210, 1)","主力=ni2609; 主力距到期=34; 换月进度=0.547; 当前价差=-250.0; 价差同期分位%=20.0; 仓单佐证=顺风(同期分位100%,当前100927); 最小腿OI=104646; 盘口空隙=8跳/0.062%",,,,
2026-08-12 15:27:35,流动性溢价,spread,SN,sn2608-sn2609,做多价差(前月−主力被溢价压低),0.547,False,低流动性(钓鱼),False,contango(+145.0元/月),83.3,40.0,"(-2380, 3, 1810, 2)","主力=sn2609; 主力距到期=34; 换月进度=0.547; 当前价差=-285.0; 价差同期分位%=None; 仓单佐证=中性(同期分位40%,当前5063); 最小腿OI=2018; 盘口空隙=419跳/0.971%",,,,
2026-08-12 15:27:35,流动性溢价,spread,SN,sn2609-sn2610,做空价差(主力−后月被溢价抬高),0.547,True,,False,contango(+145.0元/月),83.3,40.0,"(-340, 1, -280, 3)","主力=sn2609; 主力距到期=34; 换月进度=0.547; 当前价差=-310.0; 价差同期分位%=0.0; 仓单佐证=中性(同期分位40%,当前5063); 最小腿OI=30424; 盘口空隙=6跳/0.014%",,,,
2026-08-12 15:27:35,流动性溢价,spread,WR,wr2609-wr2610,做空价差(主力−后月被溢价抬高),0.547,False,低流动性(钓鱼),False,contango(+8.8元/月),66.7,0.0,"(-44, 1, -3, 1)","主力=wr2609; 主力距到期=34; 换月进度=0.547; 当前价差=-23.5; 价差同期分位%=None; 仓单佐证=逆风(同期分位0%,当前0); 最小腿OI=1; 盘口空隙=41跳/1.248%",,,,
2026-08-12 15:27:35,流动性溢价,spread,BC,bc2609-bc2610,做空价差(主力−后月被溢价抬高),0.547,True,,False,back(-159.1元/月),0.0,60.0,"(110, 1, 390, 1)","主力=bc2609; 主力距到期=34; 换月进度=0.547; 当前价差=250.0; 价差同期分位%=100.0; 仓单佐证=中性(同期分位60%,当前7853); 最小腿OI=6217; 盘口空隙=28跳/0.290%",,,,
2026-08-12 15:27:35,流动性溢价,spread,IC,IC2608-IC2609,做多价差(前月−主力被溢价压低),0.507,True,,True,back(-61.0元/月),0.0,,"(71.4, 1, 73.8, 1)","主力=IC2609; 主力距到期=37; 换月进度=0.507; 当前价差=72.6; 价差同期分位%=None; 最小腿OI=39772; 盘口空隙=12跳/0.030%; 分红季=跨8-9月,价差含分红贴现(偏大属正常)",,,,
2026-08-12 15:27:35,流动性溢价,spread,IC,IC2609-IC2612,做空价差(主力−后月被溢价抬高),0.507,True,,False,back(-61.0元/月),0.0,,"(180.8, 1, 182.0, 1)","主力=IC2609; 主力距到期=37; 换月进度=0.507; 当前价差=181.4; 价差同期分位%=100.0; 最小腿OI=76536; 盘口空隙=6跳/0.015%; 分红季=跨9-9月,价差含分红贴现(偏大属正常)",,,,
2026-08-12 15:27:35,流动性溢价,spread,IF,IF2608-IF2609,做多价差(前月−主力被溢价压低),0.507,True,,True,back(-27.1元/月),0.0,,"(29.2, 1, 33.2, 1)","主力=IF2609; 主力距到期=37; 换月进度=0.507; 当前价差=31.200000000000003; 价差同期分位%=None; 最小腿OI=34656; 盘口空隙=20跳/0.086%; 分红季=跨8-9月,价差含分红贴现(偏大属正常)",,,,
2026-08-12 15:27:35,流动性溢价,spread,IF,IF2609-IF2612,做空价差(主力−后月被溢价抬高),0.507,True,,False,back(-27.1元/月),0.0,,"(82.4, 1, 85.0, 1)","主力=IF2609; 主力距到期=37; 换月进度=0.507; 当前价差=83.7; 价差同期分位%=100.0; 最小腿OI=62553; 盘口空隙=13跳/0.056%; 分红季=跨9-9月,价差含分红贴现(偏大属正常)",,,,
2026-08-12 15:27:35,流动性溢价,spread,IH,IH2608-IH2609,做多价差(前月−主力被溢价压低),0.507,True,,True,back(-13.3元/月),0.0,,"(19.6, 1, 20.2, 2)","主力=IH2609; 主力距到期=37; 换月进度=0.507; 当前价差=19.9; 价差同期分位%=None; 最小腿OI=18564; 盘口空隙=3跳/0.021%; 分红季=跨8-9月,价差含分红贴现(偏大属正常)",,,,
2026-08-12 15:27:35,流动性溢价,spread,IH,IH2609-IH2612,做空价差(主力−后月被溢价抬高),0.507,True,,False,back(-13.3元/月),0.0,,"(40.0, 2, 41.2, 1)","主力=IH2609; 主力距到期=37; 换月进度=0.507; 当前价差=40.6; 价差同期分位%=100.0; 最小腿OI=25133; 盘口空隙=6跳/0.041%; 分红季=跨9-9月,价差含分红贴现(偏大属正常)",,,,
2026-08-12 15:27:35,流动性溢价,spread,IM,IM2608-IM2609,做多价差(前月−主力被溢价压低),0.507,True,,True,back(-68.0元/月),0.0,,"(74.2, 1, 77.6, 2)","主力=IM2609; 主力距到期=37; 换月进度=0.507; 当前价差=75.9; 价差同期分位%=None; 最小腿OI=63896; 盘口空隙=17跳/0.044%; 分红季=跨8-9月,价差含分红贴现(偏大属正常)",,,,
2026-08-12 15:27:35,流动性溢价,spread,IM,IM2609-IM2612,做空价差(主力−后月被溢价抬高),0.507,True,,False,back(-68.0元/月),0.0,,"(203.2, 1, 207.8, 1)","主力=IM2609; 主力距到期=37; 换月进度=0.507; 当前价差=205.5; 价差同期分位%=100.0; 最小腿OI=116315; 盘口空隙=23跳/0.060%; 分红季=跨9-9月,价差含分红贴现(偏大属正常)",,,,
2026-08-12 15:27:35,价差统计套利,spread,AG,ag2701-ag2702,做空价差(远期+同期极值高位),0.5,True,,False,contango(+13.9元/月),100.0,40.0,"(-16, 1, 3, 2)","分支=远期同期极值(免季节性/结构过滤,刷波动候选); 同期分位%=100.0; 距到期=156; 当前(实时mid)=-6.5; 同期各年={2022: -11.0, 2023: -7.0, 2024: -7.0, 2025: -9.0, 2026: -13.0}; 仓单佐证=中性(同期分位40%,当前1.30095e+06); 最小腿OI=9425; 盘口空隙=19跳/0.118%",,,,
2026-08-12 15:27:35,价差统计套利,spread,AU,au2704-au2706,做多价差(远期+同期极值低位),0.5,True,,True,contango(+1.1元/月),100.0,100.0,"(-2.7, 1, -1.9, 1)","分支=远期同期极值(免季节性/结构过滤,刷波动候选); 同期分位%=0.0; 距到期=246; 当前(实时mid)=-2.3; 同期各年={2022: -0.7, 2023: -0.5, 2024: -1.2, 2025: -2.0, 2026: -2.1}; 仓单佐证=逆风(同期分位100%,当前113676); 最小腿OI=6512; 盘口空隙=40跳/0.083%",,,,
2026-08-12 15:27:35,价差统计套利,spread,AU,au2706-au2708,做多价差(远期+同期极值低位),0.5,True,,True,contango(+1.1元/月),100.0,100.0,"(-2.6, 1, -2.0, 1)","分支=远期同期极值(免季节性/结构过滤,刷波动候选); 同期分位%=0.0; 距到期=307; 当前(实时mid)=-2.3; 同期各年={2021: -0.4, 2022: -0.3, 2023: 0.3, 2024: -0.6, 2025: -2.2}; 仓单佐证=逆风(同期分位100%,当前113676); 最小腿OI=995; 盘口空隙=30跳/0.063%",,,,
2026-08-12 15:27:35,价差统计套利,spread,CU,cu2703-cu2704,做空价差(远期+同期极值高位),0.5,True,,False,back(-154.3元/月),33.3,40.0,"(-30, 1, 240, 1)","分支=远期同期极值(免季节性/结构过滤,刷波动候选); 同期分位%=100.0; 距到期=215; 当前(实时mid)=105.0; 同期各年={2022: -30.0, 2023: -30.0, 2024: 90.0, 2025: -80.0, 2026: -10.0}; 仓单佐证=中性(同期分位40%,当前23178); 最小腿OI=8907; 盘口空隙=27跳/0.249%",,,,
2026-08-12 15:27:35,价差统计套利,spread,PB,pb2701-pb2702,做多价差(远期+同期极值低位),0.5,True,,True,contango(+20.5元/月),83.3,60.0,"(-20, 1, 10, 1)","分支=远期同期极值(免季节性/结构过滤,刷波动候选); 同期分位%=0.0; 距到期=156; 当前(实时mid)=-5.0; 同期各年={2022: 50.0, 2023: 10.0, 2024: 5.0, 2025: 75.0, 2026: -5.0}; 仓单佐证=中性(同期分位60%,当前60927); 最小腿OI=29; 盘口空隙=6跳/0.188%",,,,
2026-08-12 15:27:35,价差统计套利,spread,SP,sp2612-sp2701,做多价差(远期+同期极值低位),0.5,True,,False,contango(+55.1元/月),83.3,60.0,"(-226, 3, -216, 4)","分支=远期同期极值(免季节性/结构过滤,刷波动候选); 同期分位%=0.0; 距到期=125; 当前(实时mid)=-221.0; 同期各年={2021: -26.0, 2022: 22.0, 2023: -188.0, 2024: -122.0, 2025: -218.0}; 仓单佐证=中性(同期分位60%,当前389664); 最小腿OI=4051; 盘口空隙=5跳/0.215%",,,,
2026-08-12 15:27:35,价差统计套利,spread,SP,sp2701-sp2705,做多价差(远期+同期极值低位),0.5,True,,False,contango(+55.1元/月),83.3,60.0,"(-46, 3, -40, 1)","分支=远期同期极值(免季节性/结构过滤,刷波动候选); 同期分位%=0.0; 距到期=156; 当前(实时mid)=-43.0; 同期各年={2022: 86.0, 2023: 130.0, 2024: -38.0, 2025: 48.0, 2026: 26.0}; 仓单佐证=中性(同期分位60%,当前389664); 最小腿OI=5065; 盘口空隙=3跳/0.129%",,,,
2026-08-12 15:27:35,价差统计套利,spread,A,a2701-a2703,做多价差(远期+同期极值低位),0.5,True,,True,contango(+18.1元/月),100.0,100.0,"(-7, 207, -5, 108)","分支=远期同期极值(免季节性/结构过滤,刷波动候选); 同期分位%=0.0; 距到期=155; 当前(实时mid)=-6.0; 同期各年={2022: 4.0, 2023: 56.0, 2024: 42.0, 2025: 26.0, 2026: 0.0}; 注销段=远腿3月=注销月,本段结构性偏高(效应段在下一段); 仓单佐证=逆风(同期分位100%,当前43344); 最小腿OI=49919; 盘口空隙=2跳/0.041%",DCE.SP a2701&a2703,,,
2026-08-12 15:27:35,价差统计套利,spread,A,a2705-a2707,做多价差(远期+同期极值低位),0.5,True,,True,contango(+18.1元/月),100.0,100.0,"(-9, 49, -7, 71)","分支=远期同期极值(免季节性/结构过滤,刷波动候选); 同期分位%=0.0; 距到期=275; 当前(实时mid)=-8.0; 同期各年={2022: 26.0, 2023: 25.0, 2024: 20.0, 2025: 19.0, 2026: 5.0}; 仓单佐证=逆风(同期分位100%,当前43344); 最小腿OI=12354; 盘口空隙=2跳/0.041%",DCE.SP a2705&a2707,,,
2026-08-12 15:27:35,价差统计套利,spread,A,a2701-a2705,做多价差(远期+同期极值低位),0.5,True,,False,contango(+18.1元/月),100.0,100.0,"(-86, 8, -84, 2)","分支=远期同期极值(免季节性/结构过滤,刷波动候选); 同期分位%=0.0; 距到期=155; 当前(实时mid)=-85.0; 同期各年={2022: -78.0, 2023: 58.0, 2024: 42.0, 2025: 1.0, 2026: -39.0}; 仓单佐证=逆风(同期分位100%,当前43344); 最小腿OI=19891; 盘口空隙=2跳/0.041%",DCE.SP a2701&a2705,,,
2026-08-12 15:27:35,价差统计套利,spread,B,b2701-b2702,做多价差(远期+同期极值低位),0.5,True,,False,back(-14.2元/月),50.0,60.0,"(21, 15, 23, 57)","分支=远期同期极值(免季节性/结构过滤,刷波动候选); 同期分位%=0.0; 距到期=155; 当前(实时mid)=22.0; 同期各年={2022: 31.0, 2023: 31.0, 2024: 154.0, 2025: 32.0, 2026: 25.0}; 仓单佐证=中性(同期分位60%,当前1200); 最小腿OI=5437; 盘口空隙=2跳/0.052%",DCE.SP b2701&b2702,,,
2026-08-12 15:27:35,价差统计套利,spread,B,b2704-b2705,做空价差(远期+同期极值高位),0.5,True,,False,back(-14.2元/月),50.0,60.0,"(83, 17, 86, 7)","分支=远期同期极值(免季节性/结构过滤,刷波动候选); 同期分位%=100.0; 距到期=245; 当前(实时mid)=84.5; 同期各年={2022: 70.0, 2023: 10.0, 2024: 83.0, 2025: 35.0, 2026: 70.0}; 仓单佐证=中性(同期分位60%,当前1200); 最小腿OI=636; 盘口空隙=3跳/0.078%",DCE.SP b2704&b2705,,,
2026-08-12 15:27:35,价差统计套利,spread,CS,cs2701-cs2703,做多价差(远期+同期极值低位),0.5,True,,True,分歧(-1.0元/月),66.7,100.0,"(-5, 212, -4, 3)","分支=远期同期极值(免季节性/结构过滤,刷波动候选); 同期分位%=0.0; 距到期=155; 当前(实时mid)=-4.5; 同期各年={2022: 22.0, 2023: 12.0, 2024: 33.0, 2025: 11.0, 2026: 2.0}; 注销段=远腿3月=注销月,本段结构性偏高(效应段在下一段); 仓单佐证=逆风(同期分位100%,当前7500); 最小腿OI=23418; 盘口空隙=1跳/0.040%",DCE.SP cs2701&cs2703,,,
2026-08-12 15:27:35,价差统计套利,spread,CS,cs2703-cs2705,做多价差(远期+同期极值低位),0.5,True,,False,分歧(-1.0元/月),66.7,100.0,"(-65, 3, -61, 1)","分支=远期同期极值(免季节性/结构过滤,刷波动候选); 同期分位%=0.0; 距到期=212; 当前(实时mid)=-63.0; 同期各年={2022: -50.0, 2023: -58.0, 2024: -23.0, 2025: -37.0, 2026: -63.0}; 注销段=近腿3月=注销月,本段结构性偏低(即注销效应段); 仓单佐证=逆风(同期分位100%,当前7500); 最小腿OI=1629; 盘口空隙=4跳/0.159%",DCE.SP cs2703&cs2705,,,
2026-08-12 15:27:35,价差统计套利,spread,CS,cs2705-cs2707,做多价差(远期+同期极值低位),0.5,True,,True,分歧(-1.0元/月),66.7,100.0,"(-5, 24, -3, 10)","分支=远期同期极值(免季节性/结构过滤,刷波动候选); 同期分位%=0.0; 距到期=275; 当前(实时mid)=-4.0; 同期各年={2022: 9.0, 2023: 20.0, 2024: 19.0, 2025: 3.0, 2026: -2.0}; 注销段=远腿7月=注销月,本段结构性偏高(效应段在下一段); 仓单佐证=逆风(同期分位100%,当前7500); 最小腿OI=103; 盘口空隙=2跳/0.080%",DCE.SP cs2705&cs2707,,,
2026-08-12 15:27:35,价差统计套利,spread,CS,cs2701-cs2705,做多价差(远期+同期极值低位),0.5,True,,False,分歧(-1.0元/月),66.7,100.0,"(-70, 3, -68, 1)","分支=远期同期极值(免季节性/结构过滤,刷波动候选); 同期分位%=0.0; 距到期=155; 当前(实时mid)=-69.0; 同期各年={2022: -28.0, 2023: -46.0, 2024: 10.0, 2025: -26.0, 2026: -61.0}; 仓单佐证=逆风(同期分位100%,当前7500); 最小腿OI=1629; 盘口空隙=2跳/0.080%",DCE.SP cs2701&cs2705,,,
2026-08-12 15:27:35,价差统计套利,spread,EB,eb2704-eb2705,做空价差(远期+同期极值高位),0.5,True,,False,back(-111.7元/月),33.3,0.0,"(26, 5, 28, 3)","分支=远期同期极值(免季节性/结构过滤,刷波动候选); 同期分位%=100.0; 距到期=258; 当前(实时mid)=27.0; 同期各年={2022: 20.0, 2023: -53.0, 2024: 15.0, 2025: -48.0, 2026: -23.0}; 仓单佐证=逆风(同期分位0%,当前0); 最小腿OI=157; 盘口空隙=2跳/0.024%",DCE.SP eb2704&eb2705,,,
2026-08-12 15:27:35,价差统计套利,spread,EG,eg2612-eg2701,做空价差(远期+同期极值高位),0.5,True,,False,back(-130.1元/月),0.0,40.0,"(46, 17, 48, 31)","分支=远期同期极值(免季节性/结构过滤,刷波动候选); 同期分位%=100.0; 距到期=138; 当前(实时mid)=47.0; 同期各年={2021: 7.0, 2022: -11.0, 2023: -20.0, 2024: -6.0, 2025: 3.0}; 仓单佐证=中性(同期分位40%,当前4270); 最小腿OI=51969; 盘口空隙=2跳/0.041%",DCE.SP eg2612&eg2701,,,
2026-08-12 15:27:35,价差统计套利,spread,EG,eg2701-eg2702,做空价差(远期+同期极值高位),0.5,True,,False,back(-130.1元/月),0.0,40.0,"(34, 3, 35, 4)","分支=远期同期极值(免季节性/结构过滤,刷波动候选); 同期分位%=100.0; 距到期=167; 当前(实时mid)=34.5; 同期各年={2022: 4.0, 2023: -11.0, 2024: -21.0, 2025: 12.0, 2026: -4.0}; 仓单佐证=中性(同期分位40%,当前4270); 最小腿OI=3386; 盘口空隙=1跳/0.020%",DCE.SP eg2701&eg2702,,,
2026-08-12 15:27:35,价差统计套利,spread,EG,eg2702-eg2703,做空价差(远期+同期极值高位),0.5,True,,False,back(-130.1元/月),0.0,40.0,"(13, 1, 19, 3)","分支=远期同期极值(免季节性/结构过滤,刷波动候选); 同期分位%=100.0; 距到期=195; 当前(实时mid)=16.0; 同期各年={2022: 4.0, 2023: -22.0, 2024: -15.0, 2025: 0.0, 2026: -3.0}; 注销段=远腿3月=注销月,本段结构性偏高(效应段在下一段); 仓单佐证=中性(同期分位40%,当前4270); 最小腿OI=373; 盘口空隙=6跳/0.122%",DCE.SP eg2702&eg2703,,,
2026-08-12 15:27:35,价差统计套利,spread,EG,eg2701-eg2705,做空价差(远期+同期极值高位),0.5,True,,False,back(-130.1元/月),0.0,40.0,"(70, 1, 75, 10)","分支=远期同期极值(免季节性/结构过滤,刷波动候选); 同期分位%=100.0; 距到期=167; 当前(实时mid)=72.5; 同期各年={2022: 23.0, 2023: -82.0, 2024: -92.0, 2025: -8.0, 2026: -47.0}; 仓单佐证=中性(同期分位40%,当前4270); 最小腿OI=2084; 盘口空隙=5跳/0.102%",DCE.SP eg2701&eg2705,,,
2026-08-12 15:27:35,价差统计套利,spread,I,i2701-i2702,做多价差(远期+同期极值低位),0.5,True,,True,back(-3.0元/月),83.3,100.0,"(1.5, 14, 2.0, 899)","分支=远期同期极值(免季节性/结构过滤,刷波动候选); 同期分位%=0.0; 距到期=155; 当前(实时mid)=1.75; 同期各年={2022: 18.0, 2023: 11.5, 2024: 3.5, 2025: 3.5, 2026: 3.5}; 仓单佐证=逆风(同期分位100%,当前4800); 最小腿OI=45716; 盘口空隙=1跳/0.071%",DCE.SP i2701&i2702,,,
2026-08-12 15:27:35,价差统计套利,spread,I,i2706-i2707,做多价差(远期+同期极值低位),0.5,True,,True,back(-3.0元/月),83.3,100.0,"(1.5, 183, 2.0, 150)","分支=远期同期极值(免季节性/结构过滤,刷波动候选); 同期分位%=0.0; 距到期=306; 当前(实时mid)=1.75; 同期各年={2022: 9.0, 2023: 9.5, 2024: 9.5, 2025: 2.0, 2026: 3.0}; 仓单佐证=逆风(同期分位100%,当前4800); 最小腿OI=15602; 盘口空隙=1跳/0.071%",DCE.SP i2706&i2707,,,
2026-08-12 15:27:35,价差统计套利,spread,J,j2612-j2701,做多价差(远期+同期极值低位),0.5,True,,True,contango(+12.1元/月),66.7,100.0,"(-21.5, 2, -20.5, 2)","分支=远期同期极值(免季节性/结构过滤,刷波动候选); 同期分位%=0.0; 距到期=124; 当前(实时mid)=-21.0; 同期各年={2021: 14.0, 2022: 82.5, 2023: 36.0, 2024: 10.0, 2025: -13.5}; 仓单佐证=逆风(同期分位100%,当前1481); 最小腿OI=1314; 盘口空隙=2跳/0.052%",DCE.SP j2612&j2701,,,
2026-08-12 15:27:35,价差统计套利,spread,JD,jd2702-jd2703,做空价差(远期+同期极值高位),0.5,True,,False,back(-111.5元/月),0.0,0.0,"(13, 2, 16, 2)","分支=远期同期极值(免季节性/结构过滤,刷波动候选); 同期分位%=100.0; 距到期=195; 当前(实时mid)=14.5; 同期各年={2022: -19.0, 2023: -85.0, 2024: -14.0, 2025: -6.0, 2026: -3.0}; 仓单佐证=逆风(同期分位0%,当前0); 最小腿OI=13587; 盘口空隙=3跳/0.077%",DCE.SP jd2702&jd2703,,,
2026-08-12 15:27:35,价差统计套利,spread,JD,jd2703-jd2704,做空价差(远期+同期极值高位),0.5,True,,False,back(-111.5元/月),0.0,0.0,"(-56, 3, -52, 1)","分支=远期同期极值(免季节性/结构过滤,刷波动候选); 同期分位%=100.0; 距到期=226; 当前(实时mid)=-54.0; 同期各年={2022: -128.0, 2023: -132.0, 2024: -115.0, 2025: -77.0, 2026: -157.0}; 仓单佐证=逆风(同期分位0%,当前0); 最小腿OI=4009; 盘口空隙=4跳/0.103%",DCE.SP jd2703&jd2704,,,
2026-08-12 15:27:35,价差统计套利,spread,JD,jd2704-jd2705,做空价差(远期+同期极值高位),0.5,True,,False,back(-111.5元/月),0.0,0.0,"(-56, 1, -52, 3)","分支=远期同期极值(免季节性/结构过滤,刷波动候选); 同期分位%=100.0; 距到期=258; 当前(实时mid)=-54.0; 同期各年={2022: -153.0, 2023: -102.0, 2024: -106.0, 2025: -77.0, 2026: -110.0}; 仓单佐证=逆风(同期分位0%,当前0); 最小腿OI=4009; 盘口空隙=4跳/0.103%",DCE.SP jd2704&jd2705,,,
2026-08-12 15:27:35,价差统计套利,spread,JD,jd2701-jd2705,做空价差(远期+同期极值高位),0.5,True,,False,back(-111.5元/月),0.0,0.0,"(293, 2, 300, 5)","分支=远期同期极值(免季节性/结构过滤,刷波动候选); 同期分位%=100.0; 距到期=167; 当前(实时mid)=296.5; 同期各年={2022: 222.0, 2023: -79.0, 2024: 189.0, 2025: 89.0, 2026: 77.0}; 仓单佐证=逆风(同期分位0%,当前0); 最小腿OI=10161; 盘口空隙=7跳/0.181%",DCE.SP jd2701&jd2705,,,
2026-08-12 15:27:35,价差统计套利,spread,L,l2612-l2701,做空价差(远期+同期极值高位),0.5,True,,False,back(-96.9元/月),0.0,80.0,"(52, 27, 53, 19)","分支=远期同期极值(免季节性/结构过滤,刷波动候选); 同期分位%=100.0; 距到期=124; 当前(实时mid)=52.5; 同期各年={2021: 30.0, 2022: 21.0, 2023: 17.0, 2024: 17.0, 2025: -2.0}; 仓单佐证=顺风(同期分位80%,当前5535); 最小腿OI=68277; 盘口空隙=1跳/0.013%",DCE.SP l2612&l2701,,,
2026-08-12 15:27:35,价差统计套利,spread,L,l2701-l2702,做空价差(远期+同期极值高位),0.5,True,,False,back(-96.9元/月),0.0,80.0,"(84, 10, 86, 2)","分支=远期同期极值(免季节性/结构过滤,刷波动候选); 同期分位%=100.0; 距到期=155; 当前(实时mid)=85.0; 同期各年={2022: -10.0, 2023: 22.0, 2024: 28.0, 2025: 30.0, 2026: 3.0}; 仓单佐证=顺风(同期分位80%,当前5535); 最小腿OI=4477; 盘口空隙=2跳/0.026%",DCE.SP l2701&l2702,,,
2026-08-12 15:27:35,价差统计套利,spread,L,l2702-l2703,做空价差(远期+同期极值高位),0.5,True,,False,back(-96.9元/月),0.0,80.0,"(64, 31, 69, 1)","分支=远期同期极值(免季节性/结构过滤,刷波动候选); 同期分位%=100.0; 距到期=184; 当前(实时mid)=66.5; 同期各年={2022: 20.0, 2023: 25.0, 2024: 15.0, 2025: 11.0, 2026: -7.0}; 注销段=远腿3月=注销月,本段结构性偏高(效应段在下一段); 仓单佐证=顺风(同期分位80%,当前5535); 最小腿OI=249; 盘口空隙=5跳/0.064%",DCE.SP l2702&l2703,,,
2026-08-12 15:27:35,价差统计套利,spread,L,l2703-l2704,做空价差(远期+同期极值高位),0.5,True,,False,back(-96.9元/月),0.0,80.0,"(20, 2, 34, 2)","分支=远期同期极值(免季节性/结构过滤,刷波动候选); 同期分位%=100.0; 距到期=212; 当前(实时mid)=27.0; 同期各年={2022: -5.0, 2023: 6.0, 2024: -4.0, 2025: -4.0, 2026: -21.0}; 注销段=近腿3月=注销月,本段结构性偏低(即注销效应段); 仓单佐证=顺风(同期分位80%,当前5535); 最小腿OI=39; 盘口空隙=14跳/0.179%",DCE.SP l2703&l2704,,,
2026-08-12 15:27:35,价差统计套利,spread,L,l2705-l2706,做空价差(远期+同期极值高位),0.5,True,,False,back(-96.9元/月),0.0,80.0,"(15, 2, 18, 3)","分支=远期同期极值(免季节性/结构过滤,刷波动候选); 同期分位%=100.0; 距到期=275; 当前(实时mid)=16.5; 同期各年={2022: 5.0, 2023: -3.0, 2024: 12.0, 2025: -10.0, 2026: 1.0}; 仓单佐证=顺风(同期分位80%,当前5535); 最小腿OI=61; 盘口空隙=3跳/0.038%",DCE.SP l2705&l2706,,,
2026-08-12 15:27:35,价差统计套利,spread,L,l2701-l2705,做空价差(远期+同期极值高位),0.5,True,,False,back(-96.9元/月),0.0,80.0,"(207, 1, 211, 11)","分支=远期同期极值(免季节性/结构过滤,刷波动候选); 同期分位%=100.0; 距到期=155; 当前(实时mid)=209.0; 同期各年={2022: 60.0, 2023: 33.0, 2024: 56.0, 2025: 50.0, 2026: 1.0}; 仓单佐证=顺风(同期分位80%,当前5535); 最小腿OI=4996; 盘口空隙=4跳/0.051%",DCE.SP l2701&l2705,,,
2026-08-12 15:27:35,价差统计套利,spread,LH,lh2701-lh2703,做多价差(远期+同期极值低位),0.5,True,,False,contango(+189.4元/月),100.0,100.0,"(265, 1, 275, 1)","分支=远期同期极值(免季节性/结构过滤,刷波动候选); 同期分位%=0.0; 距到期=167; 当前(实时mid)=270.0; 同期各年={2022: 990.0, 2023: 2945.0, 2024: 1450.0, 2025: 1830.0, 2026: 1005.0}; 仓单佐证=逆风(同期分位100%,当前430); 最小腿OI=94482; 盘口空隙=2跳/0.083%",DCE.SP lh2701&lh2703,,,
2026-08-12 15:27:35,价差统计套利,spread,LH,lh2703-lh2705,做多价差(远期+同期极值低位),0.5,True,,False,contango(+189.4元/月),100.0,100.0,"(-900, 182, -885, 22)","分支=远期同期极值(免季节性/结构过滤,刷波动候选); 同期分位%=0.0; 距到期=226; 当前(实时mid)=-892.5; 同期各年={2022: -390.0, 2023: 25.0, 2024: -425.0, 2025: -165.0, 2026: -540.0}; 仓单佐证=逆风(同期分位100%,当前430); 最小腿OI=40673; 盘口空隙=3跳/0.125%",DCE.SP lh2703&lh2705,,,
2026-08-12 15:27:35,价差统计套利,spread,M,m2701-m2703,做多价差(远期+同期极值低位),0.5,True,,True,back(-31.5元/月),83.3,100.0,"(57, 132, 58, 5)","分支=远期同期极值(免季节性/结构过滤,刷波动候选); 同期分位%=0.0; 距到期=155; 当前(实时mid)=57.5; 同期各年={2022: 149.0, 2023: 144.0, 2024: 281.0, 2025: 85.0, 2026: 113.0}; 注销段=远腿3月=注销月,本段结构性偏高(效应段在下一段); 仓单佐证=逆风(同期分位100%,当前25100); 最小腿OI=323010; 盘口空隙=1跳/0.032%",DCE.SP m2701&m2703,,,
2026-08-12 15:27:35,价差统计套利,spread,M,m2703-m2705,做空价差(远期+同期极值高位),0.5,True,,False,back(-31.5元/月),83.3,100.0,"(249, 242, 251, 1932)","分支=远期同期极值(免季节性/结构过滤,刷波动候选); 同期分位%=100.0; 距到期=212; 当前(实时mid)=250.0; 同期各年={2022: 95.0, 2023: 118.0, 2024: 211.0, 2025: 79.0, 2026: 181.0}; 注销段=近腿3月=注销月,本段结构性偏低(即注销效应段); 仓单佐证=顺风(同期分位100%,当前25100); 最小腿OI=323010; 盘口空隙=2跳/0.064%",DCE.SP m2703&m2705,,,
2026-08-12 15:27:35,价差统计套利,spread,P,p2612-p2701,做多价差(远期+同期极值低位),0.5,True,,False,contango(+67.9元/月),100.0,0.0,"(-103, 5, -101, 1)","分支=远期同期极值(免季节性/结构过滤,刷波动候选); 同期分位%=0.0; 距到期=124; 当前(实时mid)=-102.0; 同期各年={2021: 104.0, 2022: -34.0, 2023: 36.0, 2024: 30.0, 2025: -16.0}; 仓单佐证=顺风(同期分位0%,当前738); 最小腿OI=32139; 盘口空隙=2跳/0.021%",DCE.SP p2612&p2701,,,
2026-08-12 15:27:35,价差统计套利,spread,P,p2701-p2702,做多价差(远期+同期极值低位),0.5,True,,False,contango(+67.9元/月),100.0,0.0,"(-59, 1, -57, 8)","分支=远期同期极值(免季节性/结构过滤,刷波动候选); 同期分位%=0.0; 距到期=155; 当前(实时mid)=-58.0; 同期各年={2022: 120.0, 2023: -20.0, 2024: -2.0, 2025: 36.0, 2026: 52.0}; 仓单佐证=顺风(同期分位0%,当前738); 最小腿OI=25304; 盘口空隙=2跳/0.021%",DCE.SP p2701&p2702,,,
2026-08-12 15:27:35,价差统计套利,spread,P,p2702-p2703,做多价差(远期+同期极值低位),0.5,True,,False,contango(+67.9元/月),100.0,0.0,"(-51, 15, -47, 1)","分支=远期同期极值(免季节性/结构过滤,刷波动候选); 同期分位%=0.0; 距到期=184; 当前(实时mid)=-49.0; 同期各年={2022: 92.0, 2023: -4.0, 2024: -8.0, 2025: -2.0, 2026: 72.0}; 仓单佐证=顺风(同期分位0%,当前738); 最小腿OI=2749; 盘口空隙=4跳/0.041%",DCE.SP p2702&p2703,,,
2026-08-12 15:27:35,价差统计套利,spread,P,p2703-p2704,做多价差(远期+同期极值低位),0.5,True,,False,contango(+67.9元/月),100.0,0.0,"(-48, 1, -43, 1)","分支=远期同期极值(免季节性/结构过滤,刷波动候选); 同期分位%=0.0; 距到期=212; 当前(实时mid)=-45.5; 同期各年={2022: 86.0, 2023: 110.0, 2024: 34.0, 2025: 16.0, 2026: 102.0}; 仓单佐证=顺风(同期分位0%,当前738); 最小腿OI=268; 盘口空隙=5跳/0.052%",DCE.SP p2703&p2704,,,
2026-08-12 15:27:35,价差统计套利,spread,P,p2705-p2706,做多价差(远期+同期极值低位),0.5,True,,False,contango(+67.9元/月),100.0,0.0,"(16, 2, 19, 2)","分支=远期同期极值(免季节性/结构过滤,刷波动候选); 同期分位%=0.0; 距到期=275; 当前(实时mid)=17.5; 同期各年={2022: 120.0, 2023: 252.0, 2024: 24.0, 2025: 20.0, 2026: 78.0}; 仓单佐证=顺风(同期分位0%,当前738); 最小腿OI=107; 盘口空隙=3跳/0.031%",DCE.SP p2705&p2706,,,
2026-08-12 15:27:35,价差统计套利,spread,P,p2701-p2705,做多价差(远期+同期极值低位),0.5,True,,False,contango(+67.9元/月),100.0,0.0,"(-189, 51, -188, 8)","分支=远期同期极值(免季节性/结构过滤,刷波动候选); 同期分位%=0.0; 距到期=155; 当前(实时mid)=-188.5; 同期各年={2022: 392.0, 2023: -42.0, 2024: 84.0, 2025: 100.0, 2026: 318.0}; 仓单佐证=顺风(同期分位0%,当前738); 最小腿OI=95495; 盘口空隙=1跳/0.010%",DCE.SP p2701&p2705,,,
2026-08-12 15:27:35,价差统计套利,spread,PP,pp2612-pp2701,做空价差(远期+同期极值高位),0.5,True,,False,back(-180.4元/月),0.0,100.0,"(66, 59, 68, 54)","分支=远期同期极值(免季节性/结构过滤,刷波动候选); 同期分位%=100.0; 距到期=124; 当前(实时mid)=67.0; 同期各年={2021: 18.0, 2022: 14.0, 2023: 13.0, 2024: 36.0, 2025: -11.0}; 仓单佐证=顺风(同期分位100%,当前26379); 最小腿OI=76188; 盘口空隙=2跳/0.024%",DCE.SP pp2612&pp2701,,,
2026-08-12 15:27:35,价差统计套利,spread,PP,pp2701-pp2702,做空价差(远期+同期极值高位),0.5,True,,False,back(-180.4元/月),0.0,100.0,"(96, 22, 98, 14)","分支=远期同期极值(免季节性/结构过滤,刷波动候选); 同期分位%=100.0; 距到期=155; 当前(实时mid)=97.0; 同期各年={2022: 23.0, 2023: 16.0, 2024: 11.0, 2025: 26.0, 2026: 21.0}; 仓单佐证=顺风(同期分位100%,当前26379); 最小腿OI=4550; 盘口空隙=2跳/0.024%",DCE.SP pp2701&pp2702,,,
2026-08-12 15:27:35,价差统计套利,spread,PP,pp2702-pp2703,做空价差(远期+同期极值高位),0.5,True,,False,back(-180.4元/月),0.0,100.0,"(82, 2, 96, 4)","分支=远期同期极值(免季节性/结构过滤,刷波动候选); 同期分位%=100.0; 距到期=184; 当前(实时mid)=89.0; 同期各年={2022: 16.0, 2023: 42.0, 2024: 6.0, 2025: -9.0, 2026: -8.0}; 注销段=远腿3月=注销月,本段结构性偏高(效应段在下一段); 仓单佐证=顺风(同期分位100%,当前26379); 最小腿OI=203; 盘口空隙=14跳/0.168%",DCE.SP pp2702&pp2703,,,
2026-08-12 15:27:35,价差统计套利,spread,PP,pp2704-pp2705,做空价差(远期+同期极值高位),0.5,True,,False,back(-180.4元/月),0.0,100.0,"(43, 9, 46, 6)","分支=远期同期极值(免季节性/结构过滤,刷波动候选); 同期分位%=100.0; 距到期=245; 当前(实时mid)=44.5; 同期各年={2022: 27.0, 2023: -31.0, 2024: 8.0, 2025: 27.0, 2026: -1.0}; 仓单佐证=顺风(同期分位100%,当前26379); 最小腿OI=131; 盘口空隙=3跳/0.036%",DCE.SP pp2704&pp2705,,,
2026-08-12 15:27:35,价差统计套利,spread,PP,pp2701-pp2705,做空价差(远期+同期极值高位),0.5,True,,False,back(-180.4元/月),0.0,100.0,"(258, 1, 261, 8)","分支=远期同期极值(免季节性/结构过滤,刷波动候选); 同期分位%=100.0; 距到期=155; 当前(实时mid)=259.5; 同期各年={2022: 52.0, 2023: 69.0, 2024: 11.0, 2025: 59.0, 2026: 10.0}; 仓单佐证=顺风(同期分位100%,当前26379); 最小腿OI=21529; 盘口空隙=3跳/0.036%",DCE.SP pp2701&pp2705,,,
2026-08-12 15:27:35,价差统计套利,spread,RR,rr2703-rr2704,做空价差(远期+同期极值高位),0.5,True,,False,back(-25.9元/月),0.0,0.0,"(2, 1, 8, 1)","分支=远期同期极值(免季节性/结构过滤,刷波动候选); 同期分位%=100.0; 距到期=212; 当前(实时mid)=5.0; 同期各年={2022: -3.0, 2023: -13.0, 2024: -8.0, 2025: -8.0, 2026: -1.0}; 仓单佐证=逆风(同期分位0%,当前0); 最小腿OI=18; 盘口空隙=6跳/0.166%",DCE.SP rr2703&rr2704,,,
2026-08-12 15:27:35,价差统计套利,spread,RR,rr2704-rr2705,做空价差(远期+同期极值高位),0.5,True,,False,back(-25.9元/月),0.0,0.0,"(-1, 1, 3, 1)","分支=远期同期极值(免季节性/结构过滤,刷波动候选); 同期分位%=100.0; 距到期=245; 当前(实时mid)=1.0; 同期各年={2022: -25.0, 2023: -16.0, 2024: -16.0, 2025: -42.0, 2026: 0.0}; 仓单佐证=逆风(同期分位0%,当前0); 最小腿OI=18; 盘口空隙=4跳/0.110%",DCE.SP rr2704&rr2705,,,
2026-08-12 15:27:35,价差统计套利,spread,V,v2704-v2705,做多价差(远期+同期极值低位),0.5,True,,True,contango(+44.0元/月),66.7,100.0,"(-34, 650, -32, 403)","分支=远期同期极值(免季节性/结构过滤,刷波动候选); 同期分位%=0.0; 距到期=245; 当前(实时mid)=-33.0; 同期各年={2022: 40.0, 2023: 38.0, 2024: 7.0, 2025: -28.0, 2026: -19.0}; 仓单佐证=逆风(同期分位100%,当前118656); 最小腿OI=2687; 盘口空隙=2跳/0.044%",DCE.SP v2704&v2705,,,
2026-08-12 15:27:35,价差统计套利,spread,Y,y2701-y2703,做多价差(远期+同期极值低位),0.5,True,,True,back(-25.6元/月),66.7,80.0,"(46, 12, 48, 4)","分支=远期同期极值(免季节性/结构过滤,刷波动候选); 同期分位%=0.0; 距到期=155; 当前(实时mid)=47.0; 同期各年={2022: 164.0, 2023: 404.0, 2024: 238.0, 2025: 80.0, 2026: 118.0}; 注销段=远腿3月=注销月,本段结构性偏高(效应段在下一段); 仓单佐证=逆风(同期分位80%,当前18166); 最小腿OI=81900; 盘口空隙=2跳/0.024%",DCE.SP y2701&y2703,,,
2026-08-12 15:27:35,价差统计套利,spread,AP,AP704-AP705,做空价差(远期+同期极值高位),0.5,True,,False,back(-78.5元/月),16.7,0.0,"(-8, 2, -3, 1)","分支=远期同期极值(免季节性/结构过滤,刷波动候选); 同期分位%=100.0; 距到期=245; 当前(实时mid)=-5.5; 同期各年={2022: -166.0, 2023: -250.0, 2024: -46.0, 2025: -84.0, 2026: -85.0}; 仓单佐证=逆风(同期分位0%,当前0); 最小腿OI=167; 盘口空隙=5跳/0.064%",CZCE.SPD AP704&AP705,,,
2026-08-12 15:27:35,价差统计套利,spread,CF,CF705-CF707,做空价差(远期+同期极值高位),0.5,True,,False,contango(+89.5元/月),83.3,40.0,"(55, 12, 60, 6)","分支=远期同期极值(免季节性/结构过滤,刷波动候选); 同期分位%=100.0; 距到期=275; 当前(实时mid)=57.5; 同期各年={2022: -40.0, 2023: -5.0, 2024: 25.0, 2025: -25.0, 2026: -15.0}; 仓单佐证=中性(同期分位40%,当前9723); 最小腿OI=158; 盘口空隙=1跳/0.030%",CZCE.SPD CF705&CF707,,,
2026-08-12 15:27:35,价差统计套利,spread,CF,CF609-CF701,做多价差(全期低位),0.5,True,,False,contango(+89.5元/月),83.3,40.0,"(-525, 629, -520, 75)","全期分位%=0.0; 样本数=758; 当前(实时mid)=-522.5; 距到期=33; 季节性夏普=5.84; 期限结构=contango(+89.5元/月); 组斜率={'非注销月组': 89.45}; 斜率同期分位%=83.3; 仓单佐证=中性(同期分位40%,当前9723); 最小腿OI=260654; 盘口空隙=1跳/0.030%",CZCE.SPD CF609&CF701,,,
2026-08-12 15:27:35,价差统计套利,spread,CJ,CJ701-CJ703,做空价差(远期+同期极值高位),0.5,True,,False,contango(+32.1元/月),16.7,20.0,"(5, 41, 10, 4)","分支=远期同期极值(免季节性/结构过滤,刷波动候选); 同期分位%=100.0; 距到期=155; 当前(实时mid)=7.5; 同期各年={2022: -70.0, 2023: -140.0, 2024: -65.0, 2025: -15.0, 2026: -60.0}; 仓单佐证=逆风(同期分位20%,当前8267); 最小腿OI=14204; 盘口空隙=1跳/0.060%",CZCE.SPD CJ701&CJ703,,,
2026-08-12 15:27:35,价差统计套利,spread,FG,FG703-FG704,做多价差(远期+同期极值低位),0.5,True,,False,contango(+18.0元/月),83.3,60.0,"(-46, 259, -44, 111)","分支=远期同期极值(免季节性/结构过滤,刷波动候选); 同期分位%=0.0; 距到期=212; 当前(实时mid)=-45.0; 同期各年={2022: -9.0, 2023: -16.0, 2024: -6.0, 2025: -26.0, 2026: -44.0}; 注销段=近腿3月=注销月,本段结构性偏低(即注销效应段); 仓单佐证=中性(同期分位60%,当前1311); 最小腿OI=2003; 盘口空隙=2跳/0.228%",CZCE.SPD FG703&FG704,,,
2026-08-12 15:27:35,价差统计套利,spread,FG,FG704-FG705,做多价差(远期+同期极值低位),0.5,True,,True,contango(+18.0元/月),83.3,60.0,"(2, 259, 4, 225)","分支=远期同期极值(免季节性/结构过滤,刷波动候选); 同期分位%=0.0; 距到期=245; 当前(实时mid)=3.0; 同期各年={2022: 25.0, 2023: 10.0, 2024: 32.0, 2025: 4.0, 2026: 5.0}; 注销段=远腿5月=注销月,本段结构性偏高(效应段在下一段); 仓单佐证=中性(同期分位60%,当前1311); 最小腿OI=2003; 盘口空隙=2跳/0.228%",CZCE.SPD FG704&FG705,,,
2026-08-12 15:27:35,价差统计套利,spread,MA,MA612-MA701,做空价差(远期+同期极值高位),0.5,True,,False,back(-19.7元/月),0.0,40.0,"(21, 154, 22, 87)","分支=远期同期极值(免季节性/结构过滤,刷波动候选); 同期分位%=100.0; 距到期=124; 当前(实时mid)=21.5; 同期各年={2021: -20.0, 2022: -3.0, 2023: -12.0, 2024: 1.0, 2025: -17.0}; 仓单佐证=中性(同期分位40%,当前5928); 最小腿OI=112756; 盘口空隙=1跳/0.038%",CZCE.SPD MA612&MA701,,,
2026-08-12 15:27:35,价差统计套利,spread,MA,MA705-MA706,做空价差(远期+同期极值高位),0.5,True,,False,back(-19.7元/月),0.0,40.0,"(-1, 80, 2, 25)","分支=远期同期极值(免季节性/结构过滤,刷波动候选); 同期分位%=100.0; 距到期=275; 当前(实时mid)=0.5; 同期各年={2022: -2.0, 2023: -5.0, 2024: 0.0, 2025: -10.0, 2026: -5.0}; 注销段=近腿5月=注销月,本段结构性偏低(即注销效应段); 仓单佐证=中性(同期分位40%,当前5928); 最小腿OI=384; 盘口空隙=3跳/0.115%",CZCE.SPD MA705&MA706,,,
2026-08-12 15:27:35,价差统计套利,spread,MA,MA706-MA707,做空价差(远期+同期极值高位),0.5,True,,False,back(-19.7元/月),0.0,40.0,"(13, 11, 15, 9)","分支=远期同期极值(免季节性/结构过滤,刷波动候选); 同期分位%=100.0; 距到期=306; 当前(实时mid)=14.0; 同期各年={2022: -13.0, 2023: -13.0, 2024: -4.0, 2025: -1.0, 2026: 9.0}; 仓单佐证=中性(同期分位40%,当前5928); 最小腿OI=209; 盘口空隙=2跳/0.077%",CZCE.SPD MA706&MA707,,,
2026-08-12 15:27:35,价差统计套利,spread,PF,PF701-PF702,做空价差(远期+同期极值高位),0.5,True,,False,back(-57.8元/月),0.0,20.0,"(36, 10, 38, 7)","分支=远期同期极值(免季节性/结构过滤,刷波动候选); 同期分位%=100.0; 距到期=155; 当前(实时mid)=37.0; 同期各年={2022: -60.0, 2023: 24.0, 2024: -12.0, 2025: -36.0, 2026: -20.0}; 仓单佐证=逆风(同期分位20%,当前2318); 最小腿OI=279; 盘口空隙=1跳/0.027%",CZCE.SPD PF701&PF702,,,
2026-08-12 15:27:35,价差统计套利,spread,PF,PF703-PF704,做多价差(远期+同期极值低位),0.5,True,,False,back(-57.8元/月),0.0,20.0,"(-36, 1, -24, 3)","分支=远期同期极值(免季节性/结构过滤,刷波动候选); 同期分位%=0.0; 距到期=212; 当前(实时mid)=-30.0; 同期各年={2022: -20.0, 2023: -12.0, 2024: -2.0, 2025: 6.0, 2026: -6.0}; 注销段=近腿3月=注销月,本段结构性偏低(即注销效应段); 仓单佐证=顺风(同期分位20%,当前2318); 最小腿OI=29; 盘口空隙=6跳/0.163%",CZCE.SPD PF703&PF704,,,
2026-08-12 15:27:35,价差统计套利,spread,SA,SA702-SA703,做多价差(远期+同期极值低位),0.5,True,,True,contango(+13.4元/月),50.0,40.0,"(-4, 14, -3, 536)","分支=远期同期极值(免季节性/结构过滤,刷波动候选); 同期分位%=0.0; 距到期=184; 当前(实时mid)=-3.5; 同期各年={2022: 13.0, 2023: 83.0, 2024: 18.0, 2025: -1.0, 2026: -2.0}; 注销段=远腿3月=注销月,本段结构性偏高(效应段在下一段); 仓单佐证=中性(同期分位40%,当前6037); 最小腿OI=5573; 盘口空隙=1跳/0.101%",CZCE.SPD SA702&SA703,,,
2026-08-12 15:27:35,价差统计套利,spread,SM,SM701-SM705,做多价差(远期+同期极值低位),0.5,True,,True,contango(+13.1元/月),66.7,60.0,"(-62, 5, -60, 60)","分支=远期同期极值(免季节性/结构过滤,刷波动候选); 同期分位%=0.0; 距到期=155; 当前(实时mid)=-61.0; 同期各年={2022: 50.0, 2023: 76.0, 2024: 88.0, 2025: 78.0, 2026: -50.0}; 仓单佐证=中性(同期分位60%,当前65858); 最小腿OI=9057; 盘口空隙=1跳/0.034%",CZCE.SPD SM701&SM705,,,
2026-08-12 15:27:35,价差统计套利,spread,SR,SR701-SR703,做多价差(远期+同期极值低位),0.5,True,,True,contango(+29.9元/月),83.3,40.0,"(-32, 150, -31, 867)","分支=远期同期极值(免季节性/结构过滤,刷波动候选); 同期分位%=0.0; 距到期=155; 当前(实时mid)=-31.5; 同期各年={2022: -1.0, 2023: -6.0, 2024: 117.0, 2025: 27.0, 2026: 28.0}; 仓单佐证=中性(同期分位40%,当前24081); 最小腿OI=66691; 盘口空隙=1跳/0.019%",CZCE.SPD SR701&SR703,,,
2026-08-12 15:27:35,价差统计套利,spread,SR,SR703-SR705,做多价差(远期+同期极值低位),0.5,True,,True,contango(+29.9元/月),83.3,40.0,"(-36, 88, -35, 225)","分支=远期同期极值(免季节性/结构过滤,刷波动候选); 同期分位%=0.0; 距到期=212; 当前(实时mid)=-35.5; 同期各年={2022: -19.0, 2023: 7.0, 2024: 36.0, 2025: 30.0, 2026: 19.0}; 仓单佐证=中性(同期分位40%,当前24081); 最小腿OI=54255; 盘口空隙=1跳/0.019%",CZCE.SPD SR703&SR705,,,
2026-08-12 15:27:35,价差统计套利,spread,SR,SR701-SR705,做多价差(远期+同期极值低位),0.5,True,,True,contango(+29.9元/月),83.3,40.0,"(-68, 55, -67, 169)","分支=远期同期极值(免季节性/结构过滤,刷波动候选); 同期分位%=0.0; 距到期=155; 当前(实时mid)=-67.5; 同期各年={2022: -20.0, 2023: 1.0, 2024: 153.0, 2025: 57.0, 2026: 47.0}; 仓单佐证=中性(同期分位40%,当前24081); 最小腿OI=54255; 盘口空隙=1跳/0.019%",CZCE.SPD SR701&SR705,,,
2026-08-12 15:27:35,价差统计套利,spread,UR,UR612-UR701,做多价差(远期+同期极值低位),0.5,True,,True,contango(+13.6元/月),100.0,100.0,"(-5, 866, -4, 5)","分支=远期同期极值(免季节性/结构过滤,刷波动候选); 同期分位%=0.0; 距到期=124; 当前(实时mid)=-4.5; 同期各年={2021: 42.0, 2022: 33.0, 2023: 23.0, 2024: 21.0, 2025: -4.0}; 仓单佐证=逆风(同期分位100%,当前4958); 最小腿OI=32596; 盘口空隙=1跳/0.059%",CZCE.SPD UR612&UR701,,,
2026-08-12 15:27:35,价差统计套利,spread,UR,UR701-UR702,做多价差(远期+同期极值低位),0.5,True,,True,contango(+13.6元/月),100.0,100.0,"(2, 55, 3, 20)","分支=远期同期极值(免季节性/结构过滤,刷波动候选); 同期分位%=0.0; 距到期=155; 当前(实时mid)=2.5; 同期各年={2022: 23.0, 2023: 12.0, 2024: 38.0, 2025: 19.0, 2026: 3.0}; 注销段=远腿2月=注销月,本段结构性偏高(效应段在下一段); 仓单佐证=逆风(同期分位100%,当前4958); 最小腿OI=1892; 盘口空隙=1跳/0.059%",CZCE.SPD UR701&UR702,,,
2026-08-12 15:27:35,价差统计套利,spread,IF,IF2612-IF2703,做空价差(远期+同期极值高位),0.5,True,,False,back(-27.1元/月),0.0,,"(71.4, 1, 75.6, 1)","分支=远期同期极值(免季节性/结构过滤,刷波动候选); 同期分位%=100.0; 距到期=128; 当前(实时mid)=73.5; 同期各年={2020: 41.0, 2021: 29.8, 2022: 18.8, 2023: -21.8, 2024: 5.8}; 最小腿OI=22444; 盘口空隙=21跳/0.090%; 分红季=跨3-3月,价差含分红贴现(偏大属正常)",,,,
2026-08-12 15:27:35,价差统计套利,spread,IH,IH2612-IH2703,做空价差(远期+同期极值高位),0.5,True,,False,back(-13.3元/月),0.0,,"(25.8, 1, 27.0, 2)","分支=远期同期极值(免季节性/结构过滤,刷波动候选); 同期分位%=100.0; 距到期=128; 当前(实时mid)=26.4; 同期各年={2020: 13.6, 2021: 11.4, 2022: -5.6, 2023: -19.2, 2024: -5.2}; 最小腿OI=4448; 盘口空隙=6跳/0.041%; 分红季=跨3-3月,价差含分红贴现(偏大属正常)",,,,
2026-08-12 15:27:35,价差统计套利,spread,T,T2612-T2703,做多价差(远期+同期极值低位),0.5,True,"仅提示(现金交割:集运/国债,不参与)",False,back(-0.0元/月),100.0,,"(0.09, 5, 0.11, 17)","分支=远期同期极值(免季节性/结构过滤,刷波动候选); 同期分位%=0.0; 距到期=121; 当前(实时mid)=0.1; 同期各年={2021: 0.4, 2022: 0.5, 2023: 0.4, 2024: 0.1, 2025: 0.2}; 最小腿OI=4302; 盘口空隙=4跳/0.018%",,,,
2026-08-12 15:27:35,注销月近月崩塌,spread,CS,cs2703-cs2705,"做多价差(远期已深度定价崩塌,不确定性折扣过度)",0.5,True,,False,分歧(-1.0元/月),66.7,100.0,"(-65, 3, -61, 1)","仓单同期分位%=100.0; 当前仓单=7500.0; 价差同期分位%=0.0; 距注销月天数=200; 当前价差(实时mid)=-63.0; 同期各年={2022: -50.0, 2023: -58.0, 2024: -23.0, 2025: -37.0, 2026: -63.0}; 注销段=近腿3月=注销月,本段结构性偏低(即注销效应段); 仓单佐证=逆风(同期分位100%,当前7500); 最小腿OI=1629; 盘口空隙=4跳/0.159%",DCE.SP cs2703&cs2705,,,
2026-08-12 15:27:35,注销月近月崩塌,spread,FG,FG703-FG704,"做多价差(远期已深度定价崩塌,不确定性折扣过度)",0.5,True,,False,contango(+18.0元/月),83.3,60.0,"(-46, 259, -44, 111)","仓单同期分位%=60.0; 当前仓单=1311.0; 价差同期分位%=0.0; 距注销月天数=200; 当前价差(实时mid)=-45.0; 同期各年={2022: -9.0, 2023: -16.0, 2024: -6.0, 2025: -26.0, 2026: -44.0}; 注销段=近腿3月=注销月,本段结构性偏低(即注销效应段); 仓单佐证=中性(同期分位60%,当前1311); 最小腿OI=2003; 盘口空隙=2跳/0.228%",CZCE.SPD FG703&FG704,,,
2026-08-12 15:27:35,注销月近月崩塌,spread,PF,PF703-PF704,"做多价差(远期已深度定价崩塌,不确定性折扣过度)",0.5,True,,False,back(-57.8元/月),0.0,20.0,"(-36, 1, -24, 3)","仓单同期分位%=20.0; 当前仓单=2318.0; 价差同期分位%=0.0; 距注销月天数=200; 当前价差(实时mid)=-30.0; 同期各年={2022: -20.0, 2023: -12.0, 2024: -2.0, 2025: 6.0, 2026: -6.0}; 注销段=近腿3月=注销月,本段结构性偏低(即注销效应段); 仓单佐证=顺风(同期分位20%,当前2318); 最小腿OI=29; 盘口空隙=6跳/0.163%",CZCE.SPD PF703&PF704,,,
2026-08-12 15:27:35,注销月近月崩塌,spread,UR,UR706-UR707,"做多价差(远期已深度定价崩塌,不确定性折扣过度)",0.5,True,,False,contango(+13.6元/月),100.0,100.0,"(-39, 4, -37, 1)","仓单同期分位%=100.0; 当前仓单=4958.0; 价差同期分位%=0.0; 距注销月天数=292; 当前价差(实时mid)=-38.0; 同期各年={2022: 0.0, 2023: 8.0, 2024: 12.0, 2025: -1.0}; 注销段=近腿6月=注销月,本段结构性偏低(即注销效应段); 仓单佐证=逆风(同期分位100%,当前4958); 最小腿OI=100; 盘口空隙=2跳/0.119%",CZCE.SPD UR706&UR707,,,
2026-08-12 15:27:35,价差统计套利,spread,CF,CF609-CF611,做多价差(全期低位),0.498,True,,True,contango(+89.5元/月),83.3,40.0,"(-285, 935, -280, 7819)","全期分位%=0.2; 样本数=976; 当前(实时mid)=-282.5; 距到期=33; 季节性夏普=5.26; 期限结构=contango(+89.5元/月); 组斜率={'非注销月组': 89.45}; 斜率同期分位%=83.3; 注销段=远腿11月=注销月,本段结构性偏高(效应段在下一段); 仓单佐证=中性(同期分位40%,当前9723); 最小腿OI=260654; 盘口空隙=1跳/0.030%",CZCE.SPD CF609&CF611,,,
2026-08-12 15:27:35,价差统计套利,spread,HC,hc2609-hc2610,做多价差(全期低位),0.49,True,,False,contango(+5.5元/月),83.3,100.0,"(-31, 1, -22, 1)","全期分位%=1.0; 样本数=1081; 当前(实时mid)=-26.5; 距到期=34; 季节性夏普=4.77; 期限结构=contango(+5.5元/月); 组斜率={'注销月组': 5.5}; 斜率同期分位%=83.3; 仓单佐证=逆风(同期分位100%,当前254518); 最小腿OI=13942; 盘口空隙=9跳/0.278%",,,,
2026-08-12 15:27:35,价差统计套利,spread,AP,AP611-AP612,做空价差(全期高位),0.488,True,,False,back(-78.5元/月),16.7,0.0,"(97, 1, 98, 2)","全期分位%=98.8; 样本数=1055; 当前(实时mid)=97.5; 距到期=93; 季节性夏普=-6.42; 期限结构=back(-78.5元/月); 组斜率={'注销月组': -78.46}; 斜率同期分位%=16.7; 仓单佐证=逆风(同期分位0%,当前0); 最小腿OI=12965; 盘口空隙=1跳/0.013%",CZCE.SPD AP611&AP612,,,
2026-08-12 15:27:35,价差统计套利,spread,CF,CF611-CF701,做多价差(全期低位),0.484,True,,False,contango(+89.5元/月),83.3,40.0,"(-240, 42, -235, 43)","全期分位%=1.6; 样本数=944; 当前(实时mid)=-237.5; 距到期=93; 季节性夏普=10.69; 期限结构=contango(+89.5元/月); 组斜率={'非注销月组': 89.45}; 斜率同期分位%=83.3; 注销段=近腿11月=注销月,本段结构性偏低(即注销效应段); 仓单佐证=中性(同期分位40%,当前9723); 最小腿OI=323061; 盘口空隙=1跳/0.030%",CZCE.SPD CF611&CF701,,,
2026-08-12 15:27:35,蝶式价差统计套利,butterfly,CF,CF611-CF701-CF703,做空蝶式(全期高位),0.48,True,,False,contango(+89.5元/月),83.3,,,蝶式全期分位%=98.0; 样本数=765; 当前蝶值=360.0; 前段/绝对价=0.0143; 最小腿OI=63389; 盘口空隙=2跳/0.059%,,,,
2026-08-12 15:27:35,价差统计套利,spread,I,i2705-i2706,做多价差(全期低位),0.469,True,,True,back(-3.0元/月),83.3,100.0,"(1.5, 53, 2.0, 209)","全期分位%=3.1; 样本数=1064; 当前(实时mid)=1.75; 距到期=275; 季节性夏普=5.98; 期限结构=back(-3.0元/月); 组斜率={'非注销月组': -2.83, '注销月组': -3.4}; 斜率同期分位%=83.3; 仓单佐证=逆风(同期分位100%,当前4800); 最小腿OI=25291; 盘口空隙=1跳/0.071%",DCE.SP i2705&i2706,,,
2026-08-12 15:27:35,蝶式价差统计套利,butterfly,CU,cu2608-cu2609-cu2610,做多蝶式(全期低位),0.468,True,,False,back(-154.3元/月),33.3,,,蝶式全期分位%=3.2; 样本数=970; 当前蝶值=-250.0; 前段/绝对价=0.0039; 最小腿OI=22320; 盘口空隙=14跳/0.129%,,,,
2026-08-12 15:27:35,价差统计套利,spread,HC,hc2609-hc2701,做多价差(全期低位),0.464,True,,False,contango(+5.5元/月),83.3,100.0,"(-46, 1, -38, 1)","全期分位%=3.6; 样本数=758; 当前(实时mid)=-42.0; 距到期=34; 季节性夏普=6.65; 期限结构=contango(+5.5元/月); 组斜率={'注销月组': 5.5}; 斜率同期分位%=83.3; 仓单佐证=逆风(同期分位100%,当前254518); 最小腿OI=13942; 盘口空隙=8跳/0.247%",,,,
2026-08-12 15:27:35,蝶式价差统计套利,butterfly,AP,AP610-AP611-AP612,做空蝶式(全期高位),0.464,True,,False,back(-78.5元/月),16.7,,,蝶式全期分位%=96.4; 样本数=971; 当前蝶值=-47.5; 前段/绝对价=0.0185; 最小腿OI=12965; 盘口空隙=9跳/0.115%,,,,
2026-08-12 15:27:35,价差统计套利,spread,RB,rb2701-rb2702,做多价差(全期低位),0.46,True,,False,contango(+10.4元/月),66.7,100.0,"(-15, 2, -7, 2)","全期分位%=4.0; 样本数=1078; 当前(实时mid)=-11.0; 距到期=156; 季节性夏普=9.98; 期限结构=contango(+10.4元/月); 组斜率={'注销月组': 10.44}; 斜率同期分位%=66.7; 仓单佐证=逆风(同期分位100%,当前97712); 最小腿OI=520; 盘口空隙=8跳/0.266%",,,,
2026-08-12 15:27:35,价差统计套利,spread,I,i2612-i2701,做多价差(全期低位),0.458,True,,True,back(-3.0元/月),83.3,100.0,"(2.5, 603, 3.5, 607)","全期分位%=4.2; 样本数=1051; 当前(实时mid)=3.0; 距到期=124; 季节性夏普=7.41; 期限结构=back(-3.0元/月); 组斜率={'非注销月组': -2.83, '注销月组': -3.4}; 斜率同期分位%=83.3; 仓单佐证=逆风(同期分位100%,当前4800); 最小腿OI=78018; 盘口空隙=2跳/0.142%",DCE.SP i2612&i2701,,,
2026-08-12 15:27:35,价差统计套利,spread,PG,pg2612-pg2701,做空价差(全期高位),0.455,True,,False,back(-100.9元/月),16.7,0.0,"(135, 1, 138, 1)","全期分位%=95.5; 样本数=1021; 当前(实时mid)=136.5; 距到期=138; 季节性夏普=-3.72; 期限结构=back(-100.9元/月); 组斜率={'非注销月组': -104.21, '注销月组': -68.86}; 斜率同期分位%=16.7; 仓单佐证=逆风(同期分位0%,当前3303); 最小腿OI=546; 盘口空隙=3跳/0.055%",DCE.SP pg2612&pg2701,,,
2026-08-12 15:27:35,蝶式价差统计套利,butterfly,MA,MA609-MA610-MA611,做空蝶式(全期高位),0.454,True,,False,back(-19.7元/月),0.0,,,蝶式全期分位%=95.4; 样本数=973; 当前蝶值=23.0; 前段/绝对价=0.0006; 最小腿OI=175545; 盘口空隙=2跳/0.077%,,,,
2026-08-12 15:27:35,折角修复,kink,EC,ec2609-ec2611 | ec2611-ec2701 | ec2701-ec2703,做多B段(实际低于理论),0.451821,False,"低流动性(钓鱼); 仅提示(现金交割:集运/国债,不参与)",False,back(-199.1元/月),50.0,,"(-312.0, 2, -264.0, 1)",A=265.75; B=-288.0; C=609.5; 理论B=(A+C)/2=437.62; 价差(理论-实际)=725.62; 主力价=1606.0; 比例%=45.1821; 同构性=同构; 最小腿OI=124; 盘口空隙=96跳/2.989%,,,,月差2 同构
2026-08-12 15:27:35,同构价差对比,kink,EC,ec2609-ec2611 | ec2611-ec2701 | ec2701-ec2703,做多B段(B低于插值),0.451821,False,"低流动性(钓鱼); 仅提示(现金交割:集运/国债,不参与)",False,back(-199.1元/月),50.0,,"(-312.0, 2, -264.0, 1)","A=265.75; B=-288.0; C=609.5; 理论B=(A+C)/2=437.62; 估值偏差(实际-理论)=-725.62; 比例%=45.1821; 归因=不可细分(子段缺盘口或三段月份表不齐); 同构=月差2,跨注销1,同构; 最小腿OI=124; 盘口空隙=96跳/2.989%",,,,"组共4段, 仅取紧邻三元组"
2026-08-12 15:27:35,流动性溢价,spread,BZ,bz2608-bz2609,做多价差(前月−主力被溢价压低),0.427,False,低流动性(钓鱼),False,back(-118.2元/月),,,"(30, 50, 130, 10)",主力=bz2609; 主力距到期=43; 换月进度=0.427; 当前价差=80.0; 价差同期分位%=None; 最小腿OI=360; 盘口空隙=100跳/1.384%,DCE.SP bz2608&bz2609,,,
2026-08-12 15:27:35,流动性溢价,spread,BZ,bz2609-bz2610,做空价差(主力−后月被溢价抬高),0.427,True,,False,back(-118.2元/月),,,"(165, 2, 169, 1)",主力=bz2609; 主力距到期=43; 换月进度=0.427; 当前价差=167.0; 价差同期分位%=None; 最小腿OI=15159; 盘口空隙=4跳/0.055%,DCE.SP bz2609&bz2610,,,
2026-08-12 15:27:35,流动性溢价,spread,EG,eg2608-eg2609,做多价差(前月−主力被溢价压低),0.427,False,低流动性(钓鱼),False,back(-130.1元/月),0.0,40.0,"(388, 30, 428, 20)","主力=eg2609; 主力距到期=43; 换月进度=0.427; 当前价差=408.0; 价差同期分位%=None; 仓单佐证=中性(同期分位40%,当前4270); 最小腿OI=2620; 盘口空隙=40跳/0.815%",DCE.SP eg2608&eg2609,,,
2026-08-12 15:27:35,流动性溢价,spread,EG,eg2609-eg2610,做空价差(主力−后月被溢价抬高),0.427,True,,False,back(-130.1元/月),0.0,40.0,"(233, 1, 235, 8)","主力=eg2609; 主力距到期=43; 换月进度=0.427; 当前价差=234.0; 价差同期分位%=100.0; 仓单佐证=中性(同期分位40%,当前4270); 最小腿OI=146489; 盘口空隙=2跳/0.041%",DCE.SP eg2609&eg2610,,,
2026-08-12 15:27:35,流动性溢价,spread,LG,lg2609-lg2611,做空价差(主力−后月被溢价抬高),0.427,True,,False,back(-0.8元/月),,,"(2.5, 10, 4.0, 4)",主力=lg2609; 主力距到期=43; 换月进度=0.427; 当前价差=3.25; 价差同期分位%=None; 最小腿OI=6812; 盘口空隙=3跳/0.181%,DCE.SP lg2609&lg2611,,,
2026-08-12 15:27:35,折角修复,kink,EC,ec2608-ec2609 | ec2610-ec2611 | ec2612-ec2701,做多B段(实际低于理论),0.420377,False,"低流动性(钓鱼); 仅提示(现金交割:集运/国债,不参与)",False,back(-199.1元/月),50.0,,"(-237.0, 1, -197.5, 1)",A=992.75; B=-217.25; C=-77.0; 理论B=(A+C)/2=457.88; 价差(理论-实际)=675.12; 主力价=1606.0; 比例%=42.0377; 同构性=同构; 最小腿OI=124; 盘口空隙=79跳/2.460%,,,,月差1 同构
2026-08-12 15:27:35,折角修复,kink,EC,ec2609-ec2612 | ec2612-ec2703 | ec2703-ec2706,做空B段(实际高于理论),0.404187,False,"低流动性(钓鱼); 仅提示(现金交割:集运/国债,不参与)",False,back(-199.1元/月),50.0,,"(522.5, 1, 542.5, 1)",A=54.75; B=532.5; C=-288.0; 理论B=(A+C)/2=-116.62; 价差(理论-实际)=-649.12; 主力价=1606.0; 比例%=40.4187; 同构性=同构; 最小腿OI=207; 盘口空隙=40跳/1.245%,,,,月差3 同构
2026-08-12 15:27:35,同构价差对比,kink,EC,ec2609-ec2612 | ec2612-ec2703 | ec2703-ec2706,做空B段(B高于插值),0.404187,False,"低流动性(钓鱼); 仅提示(现金交割:集运/国债,不参与)",False,back(-199.1元/月),50.0,,"(522.5, 1, 542.5, 1)","A=54.75; B=532.5; C=-288.0; 理论B=(A+C)/2=-116.62; 估值偏差(实际-理论)=649.12; 比例%=40.4187; 归因=不可细分(子段缺盘口或三段月份表不齐); 同构=月差3,跨注销2,同构; 最小腿OI=207; 盘口空隙=40跳/1.245%",,,,"组共4段, 仅取紧邻三元组"
2026-08-12 15:27:35,流动性溢价,spread,LU,lu2609-lu2610,做多价差(前月−主力被溢价压低),0.347,True,,True,back(-161.9元/月),16.7,0.0,"(135, 2, 141, 1)","主力=lu2610; 主力距到期=49; 换月进度=0.347; 当前价差=138.0; 价差同期分位%=80.0; 仓单佐证=顺风(同期分位0%,当前330); 最小腿OI=18799; 盘口空隙=6跳/0.127%",,,,
2026-08-12 15:27:35,流动性溢价,spread,LU,lu2610-lu2611,做空价差(主力−后月被溢价抬高),0.347,True,,False,back(-161.9元/月),16.7,0.0,"(191, 1, 196, 1)","主力=lu2610; 主力距到期=49; 换月进度=0.347; 当前价差=193.5; 价差同期分位%=100.0; 仓单佐证=逆风(同期分位0%,当前330); 最小腿OI=37506; 盘口空隙=5跳/0.106%",,,,
2026-08-12 15:27:35,流动性溢价,spread,SC,sc2609-sc2610,做多价差(前月−主力被溢价压低),0.347,True,,True,back(-4.1元/月),28.6,20.0,"(4.0, 2, 4.2, 2)","主力=sc2610; 主力距到期=49; 换月进度=0.347; 当前价差=4.1; 价差同期分位%=60.0; 仓单佐证=顺风(同期分位20%,当前2.961e+06); 最小腿OI=27658; 盘口空隙=2跳/0.036%",,,,
2026-08-12 15:27:35,流动性溢价,spread,SC,sc2610-sc2611,做空价差(主力−后月被溢价抬高),0.347,True,,False,back(-4.1元/月),28.6,20.0,"(6.6, 2, 7.0, 1)","主力=sc2610; 主力距到期=49; 换月进度=0.347; 当前价差=6.8; 价差同期分位%=60.0; 仓单佐证=逆风(同期分位20%,当前2.961e+06); 最小腿OI=11677; 盘口空隙=4跳/0.072%",,,,
2026-08-12 15:27:35,价差递延,butterfly,EC,ec2609-ec2610-ec2611,做多蝶式(买后段卖前段),0.337226,False,"低流动性(钓鱼); 仅提示(现金交割:集运/国债,不参与)",False,back(-199.1元/月),50.0,,,(后段-前段)/绝对价=-0.337226; 前段=483.0; 后段=-217.25; 注销状态=both; 最小腿OI=348; 盘口空隙=117跳/3.643%,,,,
2026-08-12 15:27:35,注销月近月崩塌,spread,A,a2703-a2705,"做多价差(远期已深度定价崩塌,不确定性折扣过度)",0.3,True,,False,contango(+18.1元/月),100.0,100.0,"(-79, 12, -77, 21)","仓单同期分位%=100.0; 当前仓单=43344.0; 价差同期分位%=20.0; 距注销月天数=200; 当前价差(实时mid)=-78.0; 同期各年={2022: -82.0, 2023: 2.0, 2024: 0.0, 2025: -25.0, 2026: -39.0}; 注销段=近腿3月=注销月,本段结构性偏低(即注销效应段); 仓单佐证=逆风(同期分位100%,当前43344); 最小腿OI=19891; 盘口空隙=2跳/0.041%",DCE.SP a2703&a2705,,,
2026-08-12 15:27:35,注销月近月崩塌,spread,I,i2703-i2704,"做多价差(远期已深度定价崩塌,不确定性折扣过度)",0.3,True,,False,back(-3.0元/月),83.3,100.0,"(2.0, 64, 2.5, 55)","仓单同期分位%=100.0; 当前仓单=4800.0; 价差同期分位%=20.0; 距注销月天数=200; 当前价差(实时mid)=2.25; 同期各年={2022: 8.0, 2023: 1.0, 2024: 5.5, 2025: 3.5, 2026: 4.0}; 注销段=近腿3月=注销月,本段结构性偏低(即注销效应段); 仓单佐证=逆风(同期分位100%,当前4800); 最小腿OI=36840; 盘口空隙=1跳/0.071%",DCE.SP i2703&i2704,,,
2026-08-12 15:27:35,注销月近月崩塌,spread,V,v2703-v2704,"做多价差(远期已深度定价崩塌,不确定性折扣过度)",0.3,True,,False,contango(+44.0元/月),66.7,100.0,"(-228, 2, -220, 1)","仓单同期分位%=100.0; 当前仓单=118656.0; 价差同期分位%=20.0; 距注销月天数=200; 当前价差(实时mid)=-224.0; 同期各年={2022: 20.0, 2023: -25.0, 2024: -43.0, 2025: -205.0, 2026: -232.0}; 注销段=近腿3月=注销月,本段结构性偏低(即注销效应段); 仓单佐证=逆风(同期分位100%,当前118656); 最小腿OI=1740; 盘口空隙=8跳/0.177%",DCE.SP v2703&v2704,,,
2026-08-12 15:27:35,注销月近月崩塌,spread,FG,FG705-FG706,"做多价差(远期已深度定价崩塌,不确定性折扣过度)",0.3,True,,False,contango(+18.0元/月),83.3,60.0,"(-26, 65, -24, 29)","仓单同期分位%=60.0; 当前仓单=1311.0; 价差同期分位%=20.0; 距注销月天数=261; 当前价差(实时mid)=-25.0; 同期各年={2022: 47.0, 2023: -21.0, 2024: -13.0, 2025: -26.0, 2026: -21.0}; 注销段=近腿5月=注销月,本段结构性偏低(即注销效应段); 仓单佐证=中性(同期分位60%,当前1311); 最小腿OI=5988; 盘口空隙=2跳/0.228%",CZCE.SPD FG705&FG706,,,
2026-08-12 15:27:35,注销月近月崩塌,spread,UR,UR702-UR703,"做多价差(远期已深度定价崩塌,不确定性折扣过度)",0.3,True,,False,contango(+13.6元/月),100.0,100.0,"(-40, 2, -38, 14)","仓单同期分位%=100.0; 当前仓单=4958.0; 价差同期分位%=20.0; 距注销月天数=172; 当前价差(实时mid)=-39.0; 同期各年={2022: 27.0, 2023: -2.0, 2024: -3.0, 2025: -25.0, 2026: -40.0}; 注销段=近腿2月=注销月,本段结构性偏低(即注销效应段); 仓单佐证=逆风(同期分位100%,当前4958); 最小腿OI=1892; 盘口空隙=2跳/0.119%",CZCE.SPD UR702&UR703,,,
2026-08-12 15:27:35,折角修复,kink,EC,ec2609-ec2610 | ec2610-ec2611 | ec2611-ec2612,做多B段(实际低于理论),0.219956,False,"低流动性(钓鱼); 仅提示(现金交割:集运/国债,不参与)",False,back(-199.1元/月),50.0,,"(-237.0, 1, -197.5, 1)",A=483.0; B=-217.25; C=-211.0; 理论B=(A+C)/2=136.0; 价差(理论-实际)=353.25; 主力价=1606.0; 比例%=21.9956; 同构性=同构; 最小腿OI=348; 盘口空隙=79跳/2.460%,,,,月差1 同构
2026-08-12 15:27:35,同构价差对比,kink,EC,ec2609-ec2610 | ec2610-ec2611 | ec2611-ec2612,做多B段(B低于插值),0.219956,False,"低流动性(钓鱼); 仅提示(现金交割:集运/国债,不参与)",False,back(-199.1元/月),50.0,,"(-237.0, 1, -197.5, 1)","A=483.0; B=-217.25; C=-211.0; 理论B=(A+C)/2=136.0; 估值偏差(实际-理论)=-353.25; 比例%=21.9956; 归因=B即相邻月段; 同构=月差1,跨注销0,同构; 最小腿OI=348; 盘口空隙=79跳/2.460%",,,,"组共4段, 仅取紧邻三元组"
2026-08-12 15:27:35,价差递延,butterfly,EC,ec2608-ec2609-ec2610,做多蝶式(买后段卖前段),0.16545,False,"低流动性(钓鱼); 仅提示(现金交割:集运/国债,不参与)",False,back(-199.1元/月),50.0,,,(后段-前段)/绝对价=-0.16545; 前段=992.75; 后段=483.0; 注销状态=both; 最小腿OI=4641; 盘口空隙=75跳/2.335%,,,,
2026-08-12 15:27:35,折角修复,kink,JD,jd2610-jd2612 | jd2612-jd2702 | jd2702-jd2704,做空B段(实际高于理论),0.158071,False,低流动性(钓鱼),False,back(-111.5元/月),0.0,,"(611, 1, 632, 3)",A=60.0; B=621.5; C=-43.0; 理论B=(A+C)/2=8.5; 价差(理论-实际)=-613.0; 主力价=3878; 比例%=15.8071; 同构性=同构; 最小腿OI=4009; 盘口空隙=21跳/0.542%,DCE.SP jd2612&jd2702,,,月差2 同构
2026-08-12 15:27:35,同构价差对比,kink,JD,jd2610-jd2612 | jd2612-jd2702 | jd2702-jd2704,做空B段(B高于插值),0.158071,False,低流动性(钓鱼),False,back(-111.5元/月),0.0,,"(611, 1, 632, 3)","A=60.0; B=621.5; C=-43.0; 理论B=(A+C)/2=8.5; 估值偏差(实际-理论)=613.0; 比例%=15.8071; 归因=jd2701-jd2702 高估+401.5(整段偏差+613.0的主要来源); 同构=月差2,跨注销1,同构; 最小腿OI=4009; 盘口空隙=21跳/0.542%",DCE.SP jd2612&jd2702,,,"组共9段, 仅取紧邻三元组"
2026-08-12 15:27:35,流动性溢价,spread,AD,ad2609-ad2610,做多价差(前月−主力被溢价压低),0.147,True,,False,contango(+60.4元/月),,,"(-110, 1, -40, 1)",主力=ad2610; 主力距到期=64; 换月进度=0.147; 当前价差=-75.0; 价差同期分位%=None; 最小腿OI=5758; 盘口空隙=14跳/0.296%,,,,
2026-08-12 15:27:35,流动性溢价,spread,AD,ad2610-ad2611,做空价差(主力−后月被溢价抬高),0.147,True,,False,contango(+60.4元/月),,,"(-90, 2, -25, 1)",主力=ad2610; 主力距到期=64; 换月进度=0.147; 当前价差=-57.5; 价差同期分位%=None; 最小腿OI=801; 盘口空隙=13跳/0.275%,,,,
2026-08-12 15:27:35,流动性溢价,spread,AG,ag2609-ag2610,做多价差(前月−主力被溢价压低),0.147,True,,True,contango(+13.9元/月),100.0,40.0,"(-38, 1, -30, 4)","主力=ag2610; 主力距到期=64; 换月进度=0.147; 当前价差=-34.0; 价差同期分位%=0.0; 仓单佐证=中性(同期分位40%,当前1.30095e+06); 最小腿OI=22610; 盘口空隙=8跳/0.050%",,,,
2026-08-12 15:27:35,流动性溢价,spread,AG,ag2610-ag2611,做空价差(主力−后月被溢价抬高),0.147,True,,False,contango(+13.9元/月),100.0,40.0,"(-26, 2, -17, 1)","主力=ag2610; 主力距到期=64; 换月进度=0.147; 当前价差=-21.5; 价差同期分位%=0.0; 仓单佐证=中性(同期分位40%,当前1.30095e+06); 最小腿OI=13469; 盘口空隙=9跳/0.056%",,,,
2026-08-12 15:27:35,流动性溢价,spread,AO,ao2609-ao2610,做多价差(前月−主力被溢价压低),0.147,True,,False,contango(+14.3元/月),100.0,100.0,"(0, 14, 4, 7)","主力=ao2610; 主力距到期=64; 换月进度=0.147; 当前价差=2.0; 价差同期分位%=None; 仓单佐证=逆风(同期分位100%,当前273586); 最小腿OI=127042; 盘口空隙=4跳/0.148%",,,,
2026-08-12 15:27:35,流动性溢价,spread,AO,ao2610-ao2611,做空价差(主力−后月被溢价抬高),0.147,True,,False,contango(+14.3元/月),100.0,100.0,"(-23, 1, -20, 2)","主力=ao2610; 主力距到期=64; 换月进度=0.147; 当前价差=-21.5; 价差同期分位%=None; 仓单佐证=顺风(同期分位100%,当前273586); 最小腿OI=61588; 盘口空隙=3跳/0.111%",,,,
2026-08-12 15:27:35,流动性溢价,spread,AU,au2609-au2610,做多价差(前月−主力被溢价压低),0.147,True,,True,contango(+1.1元/月),100.0,100.0,"(-1.52, 1, -1.0, 1)","主力=au2610; 主力距到期=64; 换月进度=0.147; 当前价差=-1.26; 价差同期分位%=20.0; 仓单佐证=逆风(同期分位100%,当前113676); 最小腿OI=3339; 盘口空隙=26跳/0.054%",,,,
2026-08-12 15:27:35,流动性溢价,spread,AU,au2610-au2612,做空价差(主力−后月被溢价抬高),0.147,True,,False,contango(+1.1元/月),100.0,100.0,"(-2.22, 2, -2.08, 2)","主力=au2610; 主力距到期=64; 换月进度=0.147; 当前价差=-2.1500000000000004; 价差同期分位%=0.0; 仓单佐证=顺风(同期分位100%,当前113676); 最小腿OI=98489; 盘口空隙=7跳/0.015%",,,,
2026-08-12 15:27:35,流动性溢价,spread,BR,br2609-br2610,做多价差(前月−主力被溢价压低),0.147,True,,False,back(-29.9元/月),33.3,100.0,"(-5, 4, 10, 13)","主力=br2610; 主力距到期=64; 换月进度=0.147; 当前价差=2.5; 价差同期分位%=None; 仓单佐证=逆风(同期分位100%,当前21510); 最小腿OI=32386; 盘口空隙=3跳/0.112%",,,,
2026-08-12 15:27:35,流动性溢价,spread,BR,br2610-br2611,做空价差(主力−后月被溢价抬高),0.147,True,,False,back(-29.9元/月),33.3,100.0,"(40, 2, 70, 1)","主力=br2610; 主力距到期=64; 换月进度=0.147; 当前价差=55.0; 价差同期分位%=None; 仓单佐证=顺风(同期分位100%,当前21510); 最小腿OI=21448; 盘口空隙=6跳/0.223%",,,,
2026-08-12 15:27:35,流动性溢价,spread,BU,bu2609-bu2610,做多价差(前月−主力被溢价压低),0.147,True,,True,back(-140.5元/月),0.0,0.0,"(164, 1, 166, 5)","主力=bu2610; 主力距到期=64; 换月进度=0.147; 当前价差=165.0; 价差同期分位%=100.0; 注销段=远腿10月=注销月,本段结构性偏高(效应段在下一段); 仓单佐证=顺风(同期分位0%,当前32250); 最小腿OI=143346; 盘口空隙=2跳/0.048%",,,,
2026-08-12 15:27:35,流动性溢价,spread,BU,bu2610-bu2611,做空价差(主力−后月被溢价抬高),0.147,True,,False,back(-140.5元/月),0.0,0.0,"(187, 4, 189, 1)","主力=bu2610; 主力距到期=64; 换月进度=0.147; 当前价差=188.0; 价差同期分位%=100.0; 注销段=近腿10月=注销月,本段结构性偏低(即注销效应段); 仓单佐证=逆风(同期分位0%,当前32250); 最小腿OI=91433; 盘口空隙=2跳/0.048%",,,,
2026-08-12 15:27:35,流动性溢价,spread,HC,hc2609-hc2610,做多价差(前月−主力被溢价压低),0.147,True,,False,contango(+5.5元/月),83.3,100.0,"(-31, 1, -22, 1)","主力=hc2610; 主力距到期=64; 换月进度=0.147; 当前价差=-26.5; 价差同期分位%=0.0; 仓单佐证=逆风(同期分位100%,当前254518); 最小腿OI=13942; 盘口空隙=9跳/0.278%",,,,
2026-08-12 15:27:35,流动性溢价,spread,HC,hc2610-hc2611,做空价差(主力−后月被溢价抬高),0.147,True,,False,contango(+5.5元/月),83.3,100.0,"(-3, 12, 1, 13)","主力=hc2610; 主力距到期=64; 换月进度=0.147; 当前价差=-1.0; 价差同期分位%=40.0; 仓单佐证=顺风(同期分位100%,当前254518); 最小腿OI=374443; 盘口空隙=4跳/0.123%",,,,
2026-08-12 15:27:35,流动性溢价,spread,OP,op2609-op2610,做多价差(前月−主力被溢价压低),0.147,False,低流动性(钓鱼),False,contango(+6.4元/月),,,"(-16, 1, 2, 2)",主力=op2610; 主力距到期=64; 换月进度=0.147; 当前价差=-7.0; 价差同期分位%=None; 最小腿OI=5358; 盘口空隙=9跳/0.464%,,,,
2026-08-12 15:27:35,流动性溢价,spread,OP,op2610-op2611,做空价差(主力−后月被溢价抬高),0.147,False,低流动性(钓鱼),False,contango(+6.4元/月),,,"(-20, 2, -6, 1)",主力=op2610; 主力距到期=64; 换月进度=0.147; 当前价差=-13.0; 价差同期分位%=None; 最小腿OI=363; 盘口空隙=7跳/0.361%,,,,
2026-08-12 15:27:35,流动性溢价,spread,PB,pb2609-pb2610,做多价差(前月−主力被溢价压低),0.147,True,,True,contango(+20.5元/月),83.3,60.0,"(-25, 14, -15, 6)","主力=pb2610; 主力距到期=64; 换月进度=0.147; 当前价差=-20.0; 价差同期分位%=20.0; 仓单佐证=中性(同期分位60%,当前60927); 最小腿OI=45172; 盘口空隙=2跳/0.063%",,,,
2026-08-12 15:27:35,流动性溢价,spread,PB,pb2610-pb2611,做空价差(主力−后月被溢价抬高),0.147,True,,False,contango(+20.5元/月),83.3,60.0,"(-35, 17, -10, 2)","主力=pb2610; 主力距到期=64; 换月进度=0.147; 当前价差=-22.5; 价差同期分位%=20.0; 仓单佐证=中性(同期分位60%,当前60927); 最小腿OI=6057; 盘口空隙=5跳/0.157%",,,,
2026-08-12 15:27:35,流动性溢价,spread,RB,rb2609-rb2610,做多价差(前月−主力被溢价压低),0.147,True,,False,contango(+10.4元/月),66.7,100.0,"(-22, 1, -20, 6)","主力=rb2610; 主力距到期=64; 换月进度=0.147; 当前价差=-21.0; 价差同期分位%=80.0; 仓单佐证=逆风(同期分位100%,当前97712); 最小腿OI=33426; 盘口空隙=2跳/0.066%",,,,
2026-08-12 15:27:35,流动性溢价,spread,RB,rb2610-rb2611,做空价差(主力−后月被溢价抬高),0.147,True,,False,contango(+10.4元/月),66.7,100.0,"(-8, 25, -5, 33)","主力=rb2610; 主力距到期=64; 换月进度=0.147; 当前价差=-6.5; 价差同期分位%=80.0; 仓单佐证=顺风(同期分位100%,当前97712); 最小腿OI=355765; 盘口空隙=3跳/0.100%",,,,
2026-08-12 15:27:35,流动性溢价,spread,SS,ss2609-ss2610,做多价差(前月−主力被溢价压低),0.147,True,,False,contango(+12.9元/月),66.7,60.0,"(-25, 25, -15, 26)","主力=ss2610; 主力距到期=64; 换月进度=0.147; 当前价差=-20.0; 价差同期分位%=40.0; 仓单佐证=中性(同期分位60%,当前86342); 最小腿OI=30878; 盘口空隙=2跳/0.069%",,,,
2026-08-12 15:27:35,流动性溢价,spread,SS,ss2610-ss2611,做空价差(主力−后月被溢价抬高),0.147,True,,False,contango(+12.9元/月),66.7,60.0,"(-5, 8, 10, 6)","主力=ss2610; 主力距到期=64; 换月进度=0.147; 当前价差=2.5; 价差同期分位%=40.0; 仓单佐证=中性(同期分位60%,当前86342); 最小腿OI=7861; 盘口空隙=3跳/0.103%",,,,
2026-08-12 15:27:35,流动性溢价,spread,ZN,zn2609-zn2610,做多价差(前月−主力被溢价压低),0.147,True,,True,contango(+5.2元/月),100.0,100.0,"(-55, 21, -45, 5)","主力=zn2610; 主力距到期=64; 换月进度=0.147; 当前价差=-50.0; 价差同期分位%=0.0; 仓单佐证=逆风(同期分位100%,当前110325); 最小腿OI=113702; 盘口空隙=2跳/0.039%",,,,
2026-08-12 15:27:35,流动性溢价,spread,ZN,zn2610-zn2611,做空价差(主力−后月被溢价抬高),0.147,True,,False,contango(+5.2元/月),100.0,100.0,"(5, 1, 20, 3)","主力=zn2610; 主力距到期=64; 换月进度=0.147; 当前价差=12.5; 价差同期分位%=40.0; 仓单佐证=顺风(同期分位100%,当前110325); 最小腿OI=26960; 盘口空隙=3跳/0.058%",,,,
2026-08-12 15:27:35,流动性溢价,spread,NR,nr2609-nr2610,做多价差(前月−主力被溢价压低),0.147,True,,False,contango(+68.5元/月),50.0,0.0,"(-70, 2, -60, 4)","主力=nr2610; 主力距到期=64; 换月进度=0.147; 当前价差=-65.0; 价差同期分位%=40.0; 仓单佐证=顺风(同期分位0%,当前16632); 最小腿OI=9578; 盘口空隙=2跳/0.067%",,,,
2026-08-12 15:27:35,流动性溢价,spread,NR,nr2610-nr2611,做空价差(主力−后月被溢价抬高),0.147,True,,False,contango(+68.5元/月),50.0,0.0,"(-210, 6, -195, 6)","主力=nr2610; 主力距到期=64; 换月进度=0.147; 当前价差=-202.5; 价差同期分位%=0.0; 仓单佐证=逆风(同期分位0%,当前16632); 最小腿OI=27537; 盘口空隙=3跳/0.101%",,,,
2026-08-12 15:27:35,折角修复,kink,JD,jd2609-jd2611 | jd2612-jd2702 | jd2703-jd2705,做空B段(实际高于理论),0.139183,False,低流动性(钓鱼),False,back(-111.5元/月),0.0,,"(611, 1, 632, 3)",A=272.5; B=621.5; C=-109.0; 理论B=(A+C)/2=81.75; 价差(理论-实际)=-539.75; 主力价=3878; 比例%=13.9183; 同构性=同构; 最小腿OI=10161; 盘口空隙=21跳/0.542%,DCE.SP jd2612&jd2702,,,月差2 同构
2026-08-12 15:27:35,价差递延,butterfly,BU,bu2610-bu2702-bu2706,"做多蝶式(买后段卖前段,结构应后段>前段)",0.125753,False,低流动性(钓鱼),False,back(-140.5元/月),0.0,,,"前段=505.0; 后段=-17.0; 蝶值(后-前)=-522.0; 结构基准E=1; 同构性=非同构(near/none),结构性不等式违背,|蝶值|为保守错价下限; 最小腿OI=1089; 盘口空隙=34跳/0.819%",,,,泛化蝶式 月差4+4
2026-08-12 15:27:35,折角修复,kink,JD,jd2609-jd2612 | jd2612-jd2703 | jd2703-jd2706,做空B段(实际高于理论),0.123195,False,低流动性(钓鱼),False,back(-111.5元/月),0.0,,"(636, 1, 650, 1)",A=300.0; B=643.0; C=30.5; 理论B=(A+C)/2=165.25; 价差(理论-实际)=-477.75; 主力价=3878; 比例%=12.3195; 同构性=同构; 最小腿OI=10523; 盘口空隙=14跳/0.361%,DCE.SP jd2612&jd2703,,,月差3 同构
2026-08-12 15:27:35,同构价差对比,kink,JD,jd2609-jd2612 | jd2612-jd2703 | jd2703-jd2706,做空B段(B高于插值),0.123195,False,低流动性(钓鱼),False,back(-111.5元/月),0.0,,"(636, 1, 650, 1)","A=300.0; B=643.0; C=30.5; 理论B=(A+C)/2=165.25; 估值偏差(实际-理论)=477.75; 比例%=12.3195; 归因=jd2701-jd2702 高估+396.5(整段偏差+477.8的主要来源); 同构=月差3,跨注销2,同构; 最小腿OI=10523; 盘口空隙=14跳/0.361%",DCE.SP jd2612&jd2703,,,"组共8段, 仅取紧邻三元组"
2026-08-12 15:27:35,价差递延,butterfly,BU,bu2610-bu2701-bu2704,"做多蝶式(买后段卖前段,结构应后段>前段)",0.112503,False,低流动性(钓鱼),False,back(-140.5元/月),0.0,,,"前段=478.5; 后段=11.5; 蝶值(后-前)=-467.0; 结构基准E=1; 同构性=非同构(near/none),结构性不等式违背,|蝶值|为保守错价下限; 最小腿OI=205; 盘口空隙=60跳/1.445%",,,,泛化蝶式 月差3+3
2026-08-12 15:27:35,价差递延,butterfly,JD,jd2701-jd2702-jd2703,做多蝶式(买后段卖前段),0.103853,True,,False,back(-111.5元/月),0.0,,,(后段-前段)/绝对价=-0.103853; 前段=386.5; 后段=14.5; 注销状态=both; 最小腿OI=13587; 盘口空隙=6跳/0.155%,,,,
2026-08-12 15:27:35,折角修复,kink,JD,jd2611-jd2612 | jd2701-jd2702 | jd2703-jd2704,做空B段(实际高于理论),0.103533,True,,False,back(-111.5元/月),0.0,,"(385, 1, 388, 57)",A=24.0; B=386.5; C=-54.0; 理论B=(A+C)/2=-15.0; 价差(理论-实际)=-401.5; 主力价=3878; 比例%=10.3533; 同构性=同构; 最小腿OI=4009; 盘口空隙=3跳/0.077%,DCE.SP jd2701&jd2702,,,月差1 同构
2026-08-12 15:27:35,折角修复,kink,JD,jd2610-jd2611 | jd2701-jd2702 | jd2704-jd2705,做空B段(实际高于理论),0.102243,True,,False,back(-111.5元/月),0.0,,"(385, 1, 388, 57)",A=34.0; B=386.5; C=-54.0; 理论B=(A+C)/2=-10.0; 价差(理论-实际)=-396.5; 主力价=3878; 比例%=10.2243; 同构性=同构; 最小腿OI=4009; 盘口空隙=3跳/0.077%,DCE.SP jd2701&jd2702,,,月差1 同构
2026-08-12 15:27:35,折角修复,kink,JD,jd2612-jd2702 | jd2702-jd2704 | jd2704-jd2706,做多B段(实际低于理论),0.101599,False,低流动性(钓鱼),False,back(-111.5元/月),0.0,,"(-50, 1, -36, 1)",A=621.5; B=-43.0; C=80.5; 理论B=(A+C)/2=351.0; 价差(理论-实际)=394.0; 主力价=3878; 比例%=10.1599; 同构性=同构; 最小腿OI=4009; 盘口空隙=14跳/0.361%,DCE.SP jd2702&jd2704,,,月差2 同构
2026-08-12 15:27:35,同构价差对比,kink,JD,jd2612-jd2702 | jd2702-jd2704 | jd2704-jd2706,做多B段(B低于插值),0.101599,False,低流动性(钓鱼),False,back(-111.5元/月),0.0,,"(-50, 1, -36, 1)","A=621.5; B=-43.0; C=80.5; 理论B=(A+C)/2=351.0; 估值偏差(实际-理论)=-394.0; 比例%=10.1599; 归因=jd2703-jd2704 低估-314.8(整段偏差-394.0的主要来源); 同构=月差2,跨注销1,同构; 最小腿OI=4009; 盘口空隙=14跳/0.361%",DCE.SP jd2702&jd2704,,,"组共9段, 仅取紧邻三元组"
2026-08-12 15:27:35,注销月近月崩塌,spread,RM,RM703-RM705,"做多价差(远期已深度定价崩塌,不确定性折扣过度)",0.1,True,,False,分歧(-2.7元/月),66.7,0.0,"(-42, 6, -41, 7)","仓单同期分位%=0.0; 当前仓单=183.0; 价差同期分位%=40.0; 距注销月天数=200; 当前价差(实时mid)=-41.5; 同期各年={2022: -3.0, 2023: -48.0, 2024: 85.0, 2025: -63.0, 2026: 41.0}; 注销段=近腿3月=注销月,本段结构性偏低(即注销效应段); 仓单佐证=顺风(同期分位0%,当前183); 最小腿OI=61847; 盘口空隙=1跳/0.046%",CZCE.SPD RM703&RM705,,,
2026-08-12 15:27:35,注销月近月崩塌,spread,SA,SA703-SA704,"做多价差(远期已深度定价崩塌,不确定性折扣过度)",0.1,True,,False,contango(+13.4元/月),50.0,40.0,"(-24, 3, -23, 456)","仓单同期分位%=40.0; 当前仓单=6037.0; 价差同期分位%=40.0; 距注销月天数=200; 当前价差(实时mid)=-23.5; 同期各年={2022: -77.0, 2023: 21.0, 2024: 3.0, 2025: -9.0, 2026: -35.0}; 注销段=近腿3月=注销月,本段结构性偏低(即注销效应段); 仓单佐证=中性(同期分位40%,当前6037); 最小腿OI=3117; 盘口空隙=1跳/0.101%",CZCE.SPD SA703&SA704,,,
2026-08-12 15:27:35,注销月近月崩塌,spread,SA,SA705-SA706,"做多价差(远期已深度定价崩塌,不确定性折扣过度)",0.1,True,,False,contango(+13.4元/月),50.0,40.0,"(-15, 39, -14, 24)","仓单同期分位%=40.0; 当前仓单=6037.0; 价差同期分位%=40.0; 距注销月天数=261; 当前价差(实时mid)=-14.5; 同期各年={2022: -20.0, 2023: 12.0, 2024: -5.0, 2025: -33.0, 2026: 1.0}; 注销段=近腿5月=注销月,本段结构性偏低(即注销效应段); 仓单佐证=中性(同期分位40%,当前6037); 最小腿OI=4479; 盘口空隙=1跳/0.101%",CZCE.SPD SA705&SA706,,,
2026-08-12 15:27:35,注销月近月崩塌,spread,SF,SF706-SF707,"做多价差(远期已深度定价崩塌,不确定性折扣过度)",0.1,True,,False,back(-38.9元/月),0.0,0.0,"(-118, 2, -112, 20)","仓单同期分位%=0.0; 当前仓单=3730.0; 价差同期分位%=40.0; 距注销月天数=292; 当前价差(实时mid)=-115.0; 同期各年={2022: -212.0, 2023: 142.0, 2024: -94.0, 2025: -152.0, 2026: -112.0}; 注销段=近腿6月=注销月,本段结构性偏低(即注销效应段); 仓单佐证=顺风(同期分位0%,当前3730); 最小腿OI=34; 盘口空隙=3跳/0.101%",CZCE.SPD SF706&SF707,,,
2026-08-12 15:27:35,价差递延,butterfly,LH,lh2701-lh2703-lh2705,做多蝶式(买后段卖前段),0.092556,True,,False,contango(+189.4元/月),100.0,,,(后段-前段)/绝对价=-0.092556; 前段=270.0; 后段=-892.5; 注销状态=both; 最小腿OI=40673; 盘口空隙=5跳/0.208%,,,,
2026-08-12 15:27:35,价差递延,butterfly,LU,lu2612-lu2704-lu2708,"做多蝶式(买后段卖前段,结构应后段>前段)",0.089841,False,低流动性(钓鱼),False,back(-161.9元/月),16.7,,,"前段=405.5; 后段=15.5; 蝶值(后-前)=-390.0; 结构基准E=1; 同构性=非同构(near/none),结构性不等式违背,|蝶值|为保守错价下限; 最小腿OI=13; 盘口空隙=240跳/5.100%",,,,泛化蝶式 月差4+4
2026-08-12 15:27:35,价差递延,butterfly,JD,jd2705-jd2706-jd2707,做多蝶式(买后段卖前段),0.086175,True,,False,back(-111.5元/月),0.0,,,(后段-前段)/绝对价=-0.086175; 前段=135.0; 后段=-148.0; 注销状态=both; 最小腿OI=7639; 盘口空隙=8跳/0.206%,,,,
2026-08-12 15:27:35,折角修复,kink,JD,jd2610-jd2612 | jd2701-jd2703 | jd2704-jd2706,做空B段(实际高于理论),0.084128,False,低流动性(钓鱼),False,back(-111.5元/月),0.0,,"(390, 1, 403, 17)",A=60.0; B=396.5; C=80.5; 理论B=(A+C)/2=70.25; 价差(理论-实际)=-326.25; 主力价=3878; 比例%=8.4128; 同构性=同构; 最小腿OI=4009; 盘口空隙=13跳/0.335%,DCE.SP jd2701&jd2703,,,月差2 同构
2026-08-12 15:27:35,折角修复,kink,JD,jd2611-jd2701 | jd2701-jd2703 | jd2703-jd2705,做空B段(实际高于理论),0.082259,False,低流动性(钓鱼),False,back(-111.5元/月),0.0,,"(390, 1, 403, 17)",A=264.0; B=396.5; C=-109.0; 理论B=(A+C)/2=77.5; 价差(理论-实际)=-319.0; 主力价=3878; 比例%=8.2259; 同构性=同构; 最小腿OI=10161; 盘口空隙=13跳/0.335%,DCE.SP jd2701&jd2703,,,月差2 同构
2026-08-12 15:27:35,同构价差对比,kink,JD,jd2611-jd2701 | jd2701-jd2703 | jd2703-jd2705,做空B段(B高于插值),0.082259,False,低流动性(钓鱼),False,back(-111.5元/月),0.0,,"(390, 1, 403, 17)","A=264.0; B=396.5; C=-109.0; 理论B=(A+C)/2=77.5; 估值偏差(实际-理论)=319.0; 比例%=8.2259; 归因=jd2701-jd2702 高估+401.5(整段偏差+319.0的主要来源); 同构=月差2,跨注销1,同构; 最小腿OI=10161; 盘口空隙=13跳/0.335%",DCE.SP jd2701&jd2703,,,"组共9段, 仅取紧邻三元组"
2026-08-12 15:27:35,折角修复,kink,LH,lh2611-lh2701 | lh2701-lh2703 | lh2703-lh2705,做空B段(实际高于理论),0.081637,True,,False,contango(+189.4元/月),100.0,,"(265, 1, 275, 1)",A=-532.5; B=270.0; C=-892.5; 理论B=(A+C)/2=-712.5; 价差(理论-实际)=-982.5; 主力价=12035; 比例%=8.1637; 同构性=同构; 最小腿OI=40673; 盘口空隙=2跳/0.083%,DCE.SP lh2701&lh2703,,,月差2 同构
2026-08-12 15:27:35,同构价差对比,kink,LH,lh2611-lh2701 | lh2701-lh2703 | lh2703-lh2705,做空B段(B高于插值),0.081637,True,,False,contango(+189.4元/月),100.0,,"(265, 1, 275, 1)","A=-532.5; B=270.0; C=-892.5; 理论B=(A+C)/2=-712.5; 估值偏差(实际-理论)=982.5; 比例%=8.1637; 归因=B即相邻月段; 同构=月差2,跨注销1,同构; 最小腿OI=40673; 盘口空隙=2跳/0.083%",DCE.SP lh2701&lh2703,,,"组共5段, 仅取紧邻三元组"
2026-08-12 15:27:35,折角修复,kink,JD,jd2701-jd2702 | jd2703-jd2704 | jd2705-jd2706,做多B段(实际低于理论),0.081163,True,,False,back(-111.5元/月),0.0,,"(-56, 3, -52, 1)",A=386.5; B=-54.0; C=135.0; 理论B=(A+C)/2=260.75; 价差(理论-实际)=314.75; 主力价=3878; 比例%=8.1163; 同构性=同构; 最小腿OI=4009; 盘口空隙=4跳/0.103%,DCE.SP jd2703&jd2704,,,月差1 同构
2026-08-12 15:27:35,折角修复,kink,JD,jd2701-jd2703 | jd2703-jd2705 | jd2705-jd2707,做多B段(实际低于理论),0.077359,False,低流动性(钓鱼),False,back(-111.5元/月),0.0,,"(-115, 1, -103, 2)",A=396.5; B=-109.0; C=-14.5; 理论B=(A+C)/2=191.0; 价差(理论-实际)=300.0; 主力价=3878; 比例%=7.7359; 同构性=同构; 最小腿OI=7639; 盘口空隙=12跳/0.309%,DCE.SP jd2703&jd2705,,,月差2 同构
2026-08-12 15:27:35,同构价差对比,kink,JD,jd2701-jd2703 | jd2703-jd2705 | jd2705-jd2707,做多B段(B低于插值),0.077359,False,低流动性(钓鱼),False,back(-111.5元/月),0.0,,"(-115, 1, -103, 2)","A=396.5; B=-109.0; C=-14.5; 理论B=(A+C)/2=191.0; 估值偏差(实际-理论)=-300.0; 比例%=7.7359; 归因=jd2703-jd2704 低估-314.8(整段偏差-300.0的主要来源); 同构=月差2,跨注销1,同构; 最小腿OI=7639; 盘口空隙=12跳/0.309%",DCE.SP jd2703&jd2705,,,"组共9段, 仅取紧邻三元组"
2026-08-12 15:27:35,折角修复,kink,LH,lh2609-lh2611 | lh2701-lh2703 | lh2705-lh2707,做空B段(实际高于理论),0.075509,True,,False,contango(+189.4元/月),100.0,,"(265, 1, 275, 1)",A=-720.0; B=270.0; C=-557.5; 理论B=(A+C)/2=-638.75; 价差(理论-实际)=-908.75; 主力价=12035; 比例%=7.5509; 同构性=同构; 最小腿OI=13341; 盘口空隙=2跳/0.083%,DCE.SP lh2701&lh2703,,,月差2 同构
2026-08-12 15:27:35,折角修复,kink,JD,jd2609-jd2610 | jd2611-jd2612 | jd2701-jd2702,做多B段(实际低于理论),0.074587,True,,False,back(-111.5元/月),0.0,,"(22, 9, 26, 23)",A=240.0; B=24.0; C=386.5; 理论B=(A+C)/2=313.25; 价差(理论-实际)=289.25; 主力价=3878; 比例%=7.4587; 同构性=同构; 最小腿OI=44471; 盘口空隙=4跳/0.103%,DCE.SP jd2611&jd2612,,,月差1 同构
2026-08-12 15:27:35,价差递延,butterfly,EC,ec2611-ec2612-ec2701,做空蝶式(卖后段买前段),0.073546,False,"低流动性(钓鱼); 仅提示(现金交割:集运/国债,不参与)",False,back(-199.1元/月),50.0,,,(后段-前段)/绝对价=0.073546; 前段=-211.0; 后段=-77.0; 注销状态=both; 最小腿OI=124; 盘口空隙=138跳/4.296%,,,,
2026-08-12 15:27:35,价差递延,butterfly,M,m2703-m2705-m2707,"做多蝶式(买后段卖前段,结构应后段>前段)",0.07342,True,,False,back(-31.5元/月),83.3,,,"前段=250.0; 后段=23.5; 蝶值(后-前)=-226.5; 结构基准E=2; 同构性=非同构(near/far),结构性不等式违背,|蝶值|为保守错价下限; 最小腿OI=138403; 盘口空隙=3跳/0.095%",,,,泛化蝶式 月差2+2
2026-08-12 15:27:35,折角修复,kink,BU,bu2610-bu2701 | bu2702-bu2705 | bu2706-bu2709,做多B段(实际低于理论),0.070164,False,低流动性(钓鱼),True,back(-140.5元/月),0.0,,"(-26, 2, 11, 1)","A=478.5; B=-7.5; C=89.0; 理论B=(A+C)/2=283.75; 价差(理论-实际)=291.25; 主力价=4151; 比例%=7.0164; 同构性=非同构(near/none/none,结构有利,插值为保守下限); 最小腿OI=219; 盘口空隙=37跳/0.891%",,,,月差3 非同构-结构有利
2026-08-12 15:27:35,折角修复,kink,JD,jd2609-jd2611 | jd2701-jd2703 | jd2705-jd2707,做空B段(实际高于理论),0.068979,False,低流动性(钓鱼),False,back(-111.5元/月),0.0,,"(390, 1, 403, 17)",A=272.5; B=396.5; C=-14.5; 理论B=(A+C)/2=129.0; 价差(理论-实际)=-267.5; 主力价=3878; 比例%=6.8979; 同构性=同构; 最小腿OI=7639; 盘口空隙=13跳/0.335%,DCE.SP jd2701&jd2703,,,月差2 同构
2026-08-12 15:27:35,流动性溢价,spread,AP,AP610-AP611,做空价差(主力−后月被溢价抬高),0.067,True,,False,back(-78.5元/月),16.7,0.0,"(141, 2, 149, 2)","主力=AP610; 主力距到期=70; 换月进度=0.067; 当前价差=145.0; 价差同期分位%=0.0; 仓单佐证=逆风(同期分位0%,当前0); 最小腿OI=19854; 盘口空隙=8跳/0.102%",CZCE.SPD AP610&AP611,,,
2026-08-12 15:27:35,流动性溢价,spread,MA,MA609-MA610,做多价差(前月−主力被溢价压低),0.067,True,,True,back(-19.7元/月),0.0,40.0,"(-2, 1, -1, 130)","主力=MA610; 主力距到期=70; 换月进度=0.067; 当前价差=-1.5; 价差同期分位%=100.0; 仓单佐证=中性(同期分位40%,当前5928); 最小腿OI=314143; 盘口空隙=1跳/0.038%",CZCE.SPD MA609&MA610,,,
2026-08-12 15:27:35,流动性溢价,spread,MA,MA610-MA611,做空价差(主力−后月被溢价抬高),0.067,True,,False,back(-19.7元/月),0.0,40.0,"(21, 914, 22, 74)","主力=MA610; 主力距到期=70; 换月进度=0.067; 当前价差=21.5; 价差同期分位%=100.0; 注销段=远腿11月=注销月,本段结构性偏高(效应段在下一段); 仓单佐证=中性(同期分位40%,当前5928); 最小腿OI=175545; 盘口空隙=1跳/0.038%",CZCE.SPD MA610&MA611,,,
2026-08-12 15:27:35,流动性溢价,spread,PF,PF609-PF610,做多价差(前月−主力被溢价压低),0.067,True,,False,back(-57.8元/月),0.0,20.0,"(2, 159, 4, 14)","主力=PF610; 主力距到期=70; 换月进度=0.067; 当前价差=3.0; 价差同期分位%=80.0; 注销段=近腿9月=注销月,本段结构性偏低(即注销效应段); 仓单佐证=顺风(同期分位20%,当前2318); 最小腿OI=9143; 盘口空隙=1跳/0.027%",CZCE.SPD PF609&PF610,,,
2026-08-12 15:27:35,流动性溢价,spread,PF,PF610-PF611,做空价差(主力−后月被溢价抬高),0.067,True,,False,back(-57.8元/月),0.0,20.0,"(66, 79, 68, 104)","主力=PF610; 主力距到期=70; 换月进度=0.067; 当前价差=67.0; 价差同期分位%=80.0; 仓单佐证=逆风(同期分位20%,当前2318); 最小腿OI=72061; 盘口空隙=1跳/0.027%",CZCE.SPD PF610&PF611,,,
2026-08-12 15:27:35,流动性溢价,spread,PR,PR609-PR610,做多价差(前月−主力被溢价压低),0.067,True,,False,back(-80.4元/月),,,"(12, 30, 16, 11)","主力=PR610; 主力距到期=70; 换月进度=0.067; 当前价差=14.0; 价差同期分位%=None; 注销段=近腿9月=注销月,本段结构性偏低(即注销效应段); 最小腿OI=6222; 盘口空隙=2跳/0.056%",CZCE.SPD PR609&PR610,,,
2026-08-12 15:27:35,流动性溢价,spread,PR,PR610-PR611,做空价差(主力−后月被溢价抬高),0.067,True,,False,back(-80.4元/月),,,"(88, 39, 90, 15)",主力=PR610; 主力距到期=70; 换月进度=0.067; 当前价差=89.0; 价差同期分位%=None; 最小腿OI=35564; 盘口空隙=1跳/0.028%,CZCE.SPD PR610&PR611,,,
2026-08-12 15:27:35,流动性溢价,spread,PD,pd2608-pd2610,做多价差(前月−主力被溢价压低),0.067,True,,False,contango(+1.4元/月),,,"(-3.0, 8, -2.2, 5)","主力=pd2610; 主力距到期=70; 换月进度=0.067; 当前价差=-2.6; 价差同期分位%=None; 注销段=近腿8月=注销月,本段结构性偏低(即注销效应段); 最小腿OI=23; 盘口空隙=16跳/0.245%",GFEX.SP pd2608&pd2610,,,
2026-08-12 15:27:35,流动性溢价,spread,PD,pd2610-pd2612,做空价差(主力−后月被溢价抬高),0.067,True,,False,contango(+1.4元/月),,,"(-2.45, 2, -2.35, 7)",主力=pd2610; 主力距到期=70; 换月进度=0.067; 当前价差=-2.4000000000000004; 价差同期分位%=None; 最小腿OI=1329; 盘口空隙=2跳/0.031%,GFEX.SP pd2610&pd2612,,,
2026-08-12 15:27:35,流动性溢价,spread,PT,pt2608-pt2610,做多价差(前月−主力被溢价压低),0.067,False,低流动性(钓鱼),False,contango(+1.2元/月),,,"(-6.0, 2, -3.0, 10)","主力=pt2610; 主力距到期=70; 换月进度=0.067; 当前价差=-4.5; 价差同期分位%=None; 注销段=近腿8月=注销月,本段结构性偏低(即注销效应段); 最小腿OI=16; 盘口空隙=60跳/0.690%",GFEX.SP pt2608&pt2610,,,
2026-08-12 15:27:35,流动性溢价,spread,PT,pt2610-pt2612,做空价差(主力−后月被溢价抬高),0.067,True,,False,contango(+1.2元/月),,,"(-1.85, 2, -1.75, 5)",主力=pt2610; 主力距到期=70; 换月进度=0.067; 当前价差=-1.8; 价差同期分位%=None; 最小腿OI=3047; 盘口空隙=2跳/0.023%,GFEX.SP pt2610&pt2612,,,
2026-08-12 15:27:35,折角修复,kink,JD,jd2612-jd2701 | jd2701-jd2702 | jd2702-jd2703,做空B段(实际高于理论),0.066916,True,,False,back(-111.5元/月),0.0,,"(385, 1, 388, 57)",A=239.5; B=386.5; C=14.5; 理论B=(A+C)/2=127.0; 价差(理论-实际)=-259.5; 主力价=3878; 比例%=6.6916; 同构性=同构; 最小腿OI=13587; 盘口空隙=3跳/0.077%,DCE.SP jd2701&jd2702,,,月差1 同构
2026-08-12 15:27:35,同构价差对比,kink,JD,jd2612-jd2701 | jd2701-jd2702 | jd2702-jd2703,做空B段(B高于插值),0.066916,True,,False,back(-111.5元/月),0.0,,"(385, 1, 388, 57)","A=239.5; B=386.5; C=14.5; 理论B=(A+C)/2=127.0; 估值偏差(实际-理论)=259.5; 比例%=6.6916; 归因=B即相邻月段; 同构=月差1,跨注销0,同构; 最小腿OI=13587; 盘口空隙=3跳/0.077%",DCE.SP jd2701&jd2702,,,"组共10段, 仅取紧邻三元组"
2026-08-12 15:27:35,价差递延,butterfly,LH,lh2611-lh2701-lh2703,做空蝶式(卖后段买前段),0.066681,True,,False,contango(+189.4元/月),100.0,,,(后段-前段)/绝对价=0.066681; 前段=-532.5; 后段=270.0; 注销状态=both; 最小腿OI=94482; 盘口空隙=5跳/0.208%,,,,
2026-08-12 15:27:35,折角修复,kink,M,m2701-m2703 | m2703-m2705 | m2705-m2707,做空B段(实际高于理论),0.066677,True,,False,back(-31.5元/月),83.3,,"(249, 242, 251, 1932)","A=57.5; B=250.0; C=23.5; 理论B=(A+C)/2=40.5; 价差(理论-实际)=-209.5; 主力价=3142; 比例%=6.6677; 同构性=非同构(far/near/far,结构有利,插值为保守下限); 最小腿OI=138403; 盘口空隙=2跳/0.064%",DCE.SP m2703&m2705,,,月差2 非同构-结构有利
2026-08-12 15:27:35,同构价差对比,kink,M,m2701-m2703 | m2703-m2705 | m2705-m2707,做空B段(B高于插值),0.066677,True,,False,back(-31.5元/月),83.3,,"(249, 242, 251, 1932)","A=57.5; B=250.0; C=23.5; 理论B=(A+C)/2=40.5; 估值偏差(实际-理论)=209.5; 比例%=6.6677; 归因=B即相邻月段; 同构=月差2,跨注销0,非同构(far/near/far,结构有利,插值为保守下限); 最小腿OI=138403; 盘口空隙=2跳/0.064%",DCE.SP m2703&m2705,,,"组共5段, 仅取紧邻三元组"
2026-08-12 15:27:35,价差递延,butterfly,LU,lu2612-lu2703-lu2706,"做多蝶式(买后段卖前段,结构应后段>前段)",0.066459,False,低流动性(钓鱼),False,back(-161.9元/月),16.7,,,"前段=348.0; 后段=59.5; 蝶值(后-前)=-288.5; 结构基准E=1; 同构性=非同构(near/none),结构性不等式违背,|蝶值|为保守错价下限; 最小腿OI=26; 盘口空隙=449跳/9.541%",,,,泛化蝶式 月差3+3
2026-08-12 15:27:35,折角修复,kink,LH,lh2701-lh2703 | lh2703-lh2705 | lh2705-lh2707,做多B段(实际低于理论),0.062214,True,,False,contango(+189.4元/月),100.0,,"(-900, 182, -885, 22)",A=270.0; B=-892.5; C=-557.5; 理论B=(A+C)/2=-143.75; 价差(理论-实际)=748.75; 主力价=12035; 比例%=6.2214; 同构性=同构; 最小腿OI=13341; 盘口空隙=3跳/0.125%,DCE.SP lh2703&lh2705,,,月差2 同构
2026-08-12 15:27:35,同构价差对比,kink,LH,lh2701-lh2703 | lh2703-lh2705 | lh2705-lh2707,做多B段(B低于插值),0.062214,True,,False,contango(+189.4元/月),100.0,,"(-900, 182, -885, 22)","A=270.0; B=-892.5; C=-557.5; 理论B=(A+C)/2=-143.75; 估值偏差(实际-理论)=-748.75; 比例%=6.2214; 归因=B即相邻月段; 同构=月差2,跨注销1,同构; 最小腿OI=13341; 盘口空隙=3跳/0.125%",DCE.SP lh2703&lh2705,,,"组共5段, 仅取紧邻三元组"
2026-08-12 15:27:35,价差递延,butterfly,M,m2701-m2703-m2705,"做空蝶式(卖后段买前段,结构应后段<前段)",0.061267,True,,False,back(-31.5元/月),83.3,,,"前段=57.5; 后段=250.0; 蝶值(后-前)=192.5; 结构基准E=-2; 同构性=非同构(far/near),结构性不等式违背,|蝶值|为保守错价下限; 最小腿OI=323010; 盘口空隙=3跳/0.095%",,,,泛化蝶式 月差2+2
2026-08-12 15:27:35,折角修复,kink,JD,jd2704-jd2705 | jd2705-jd2706 | jd2706-jd2707,做空B段(实际高于理论),0.060856,True,,False,back(-111.5元/月),0.0,,"(133, 22, 137, 7)",A=-54.0; B=135.0; C=-148.0; 理论B=(A+C)/2=-101.0; 价差(理论-实际)=-236.0; 主力价=3878; 比例%=6.0856; 同构性=同构; 最小腿OI=4009; 盘口空隙=4跳/0.103%,DCE.SP jd2705&jd2706,,,月差1 同构
2026-08-12 15:27:35,同构价差对比,kink,JD,jd2704-jd2705 | jd2705-jd2706 | jd2706-jd2707,做空B段(B高于插值),0.060856,True,,False,back(-111.5元/月),0.0,,"(133, 22, 137, 7)","A=-54.0; B=135.0; C=-148.0; 理论B=(A+C)/2=-101.0; 估值偏差(实际-理论)=236.0; 比例%=6.0856; 归因=B即相邻月段; 同构=月差1,跨注销0,同构; 最小腿OI=4009; 盘口空隙=4跳/0.103%",DCE.SP jd2705&jd2706,,,"组共10段, 仅取紧邻三元组"
2026-08-12 15:27:35,折角修复,kink,JD,jd2610-jd2701 | jd2701-jd2704 | jd2704-jd2707,做空B段(实际高于理论),0.060598,True,,False,back(-111.5元/月),0.0,,"(346, 6, 357, 1)",A=298.5; B=351.5; C=-65.5; 理论B=(A+C)/2=116.5; 价差(理论-实际)=-235.0; 主力价=3878; 比例%=6.0598; 同构性=同构; 最小腿OI=4009; 盘口空隙=11跳/0.284%,,,,月差3 同构
2026-08-12 15:27:35,同构价差对比,kink,JD,jd2610-jd2701 | jd2701-jd2704 | jd2704-jd2707,做空B段(B高于插值),0.060598,True,,False,back(-111.5元/月),0.0,,"(346, 6, 357, 1)","A=298.5; B=351.5; C=-65.5; 理论B=(A+C)/2=116.5; 估值偏差(实际-理论)=235.0; 比例%=6.0598; 归因=jd2701-jd2702 高估+396.5(整段偏差+235.0的主要来源); 同构=月差3,跨注销2,同构; 最小腿OI=4009; 盘口空隙=11跳/0.284%",,,,"组共8段, 仅取紧邻三元组"
2026-08-12 15:27:35,折角修复,kink,JM,jm2610-jm2701 | jm2701-jm2704 | jm2704-jm2707,做空B段(实际高于理论),0.060298,False,规则断层: jm2701起交割标准大幅提高，跨2612/2701的结构偏移为正常,False,contango(+28.4元/月),100.0,,"(20.5, 1, 31.5, 1)",A=-140.75; B=26.0; C=14.75; 理论B=(A+C)/2=-63.0; 价差(理论-实际)=-89.0; 主力价=1476.0; 比例%=6.0298; 同构性=同构; 最小腿OI=50; 盘口空隙=22跳/0.745%,DCE.SP jm2701&jm2704,,,月差3 同构
2026-08-12 15:27:35,同构价差对比,kink,JM,jm2610-jm2701 | jm2701-jm2704 | jm2704-jm2707,做空B段(B高于插值),0.060298,False,规则断层: jm2701起交割标准大幅提高，跨2612/2701的结构偏移为正常,False,contango(+28.4元/月),100.0,,"(20.5, 1, 31.5, 1)","A=-140.75; B=26.0; C=14.75; 理论B=(A+C)/2=-63.0; 估值偏差(实际-理论)=89.0; 比例%=6.0298; 归因=jm2703-jm2704 高估+81.1(整段偏差+89.0的主要来源); 同构=月差3,跨注销2,同构; 最小腿OI=50; 盘口空隙=22跳/0.745%",DCE.SP jm2701&jm2704,,,"组共8段, 仅取紧邻三元组"
2026-08-12 15:27:35,价差递延,butterfly,JD,jd2704-jd2705-jd2706,做空蝶式(卖后段买前段),0.058478,True,,False,back(-111.5元/月),0.0,,,(后段-前段)/绝对价=0.058478; 前段=-54.0; 后段=135.0; 注销状态=both; 最小腿OI=4009; 盘口空隙=8跳/0.206%,,,,
2026-08-12 15:27:35,折角修复,kink,BU,bu2610-bu2701 | bu2701-bu2704 | bu2704-bu2707,做多B段(实际低于理论),0.057998,False,低流动性(钓鱼),True,back(-140.5元/月),0.0,,"(-17, 3, 40, 2)","A=478.5; B=11.5; C=26.0; 理论B=(A+C)/2=252.25; 价差(理论-实际)=240.75; 主力价=4151; 比例%=5.7998; 同构性=非同构(near/none/none,结构有利,插值为保守下限); 最小腿OI=8; 盘口空隙=57跳/1.373%",,,,月差3 非同构-结构有利
2026-08-12 15:27:35,同构价差对比,kink,BU,bu2610-bu2701 | bu2701-bu2704 | bu2704-bu2707,做多B段(B低于插值),0.057998,False,低流动性(钓鱼),True,back(-140.5元/月),0.0,,"(-17, 3, 40, 2)","A=478.5; B=11.5; C=26.0; 理论B=(A+C)/2=252.25; 估值偏差(实际-理论)=-240.75; 比例%=5.7998; 归因=bu2702-bu2703 低估-90.5(整段偏差-240.8的主要来源); 同构=月差3,跨注销0,非同构(near/none/none,结构有利,插值为保守下限); 最小腿OI=8; 盘口空隙=57跳/1.373%",,,,"组共8段, 仅取紧邻三元组"
2026-08-12 15:27:35,折角修复,kink,JM,jm2611-jm2701 | jm2702-jm2704 | jm2705-jm2707,做空B段(实际高于理论),0.057673,False,规则断层: jm2701起交割标准大幅提高，跨2612/2701的结构偏移为正常,False,contango(+28.4元/月),100.0,,"(9.0, 2, 21.5, 1)",A=-145.0; B=15.25; C=5.25; 理论B=(A+C)/2=-69.88; 价差(理论-实际)=-85.12; 主力价=1476.0; 比例%=5.7673; 同构性=同构; 最小腿OI=50; 盘口空隙=25跳/0.847%,DCE.SP jm2702&jm2704,,,月差2 同构
2026-08-12 15:27:35,价差递延,butterfly,PP,pp2609-pp2612-pp2703,"做多蝶式(买后段卖前段,结构应后段>前段)",0.057504,False,低流动性(钓鱼),False,back(-180.4元/月),0.0,,,"前段=722.5; 后段=242.0; 蝶值(后-前)=-480.5; 结构基准E=1; 同构性=非同构(none/far),结构性不等式违背,|蝶值|为保守错价下限; 最小腿OI=203; 盘口空隙=271跳/3.243%",,,,泛化蝶式 月差3+3
2026-08-12 15:27:35,折角修复,kink,JM,jm2611-jm2701 | jm2701-jm2703 | jm2703-jm2705,做空B段(实际高于理论),0.056148,True,规则断层: jm2701起交割标准大幅提高，跨2612/2701的结构偏移为正常,False,contango(+28.4元/月),100.0,,"(17.0, 3, 18.5, 1)",A=-145.0; B=17.75; C=14.75; 理论B=(A+C)/2=-65.12; 价差(理论-实际)=-82.88; 主力价=1476.0; 比例%=5.6148; 同构性=同构; 最小腿OI=2964; 盘口空隙=3跳/0.102%,DCE.SP jm2701&jm2703,,,月差2 同构
2026-08-12 15:27:35,同构价差对比,kink,JM,jm2611-jm2701 | jm2701-jm2703 | jm2703-jm2705,做空B段(B高于插值),0.056148,True,规则断层: jm2701起交割标准大幅提高，跨2612/2701的结构偏移为正常,False,contango(+28.4元/月),100.0,,"(17.0, 3, 18.5, 1)","A=-145.0; B=17.75; C=14.75; 理论B=(A+C)/2=-65.12; 估值偏差(实际-理论)=82.88; 比例%=5.6148; 归因=jm2702-jm2703 高估+78.8(整段偏差+82.9的主要来源); 同构=月差2,跨注销1,同构; 最小腿OI=2964; 盘口空隙=3跳/0.102%",DCE.SP jm2701&jm2703,,,"组共9段, 仅取紧邻三元组"
2026-08-12 15:27:35,价差递延,butterfly,JD,jd2611-jd2612-jd2701,做空蝶式(卖后段买前段),0.056061,True,,False,back(-111.5元/月),0.0,,,(后段-前段)/绝对价=0.056061; 前段=24.0; 后段=239.5; 注销状态=both; 最小腿OI=55580; 盘口空隙=7跳/0.181%,,,,
2026-08-12 15:27:35,折角修复,kink,JM,jm2612-jm2701 | jm2701-jm2702 | jm2702-jm2703,做空B段(实际高于理论),0.055556,True,规则断层: jm2701起交割标准大幅提高，跨2612/2701的结构偏移为正常,False,contango(+28.4元/月),100.0,,"(10.0, 1, 11.0, 18)",A=-150.25; B=10.5; C=7.25; 理论B=(A+C)/2=-71.5; 价差(理论-实际)=-82.0; 主力价=1476.0; 比例%=5.5556; 同构性=同构; 最小腿OI=2964; 盘口空隙=2跳/0.068%,DCE.SP jm2701&jm2702,,,月差1 同构
2026-08-12 15:27:35,同构价差对比,kink,JM,jm2612-jm2701 | jm2701-jm2702 | jm2702-jm2703,做空B段(B高于插值),0.055556,True,规则断层: jm2701起交割标准大幅提高，跨2612/2701的结构偏移为正常,False,contango(+28.4元/月),100.0,,"(10.0, 1, 11.0, 18)","A=-150.25; B=10.5; C=7.25; 理论B=(A+C)/2=-71.5; 估值偏差(实际-理论)=82.0; 比例%=5.5556; 归因=B即相邻月段; 同构=月差1,跨注销0,同构; 最小腿OI=2964; 盘口空隙=2跳/0.068%",DCE.SP jm2701&jm2702,,,"组共10段, 仅取紧邻三元组"
2026-08-12 15:27:35,折角修复,kink,JD,jd2610-jd2611 | jd2612-jd2701 | jd2702-jd2703,做空B段(实际高于理论),0.055505,True,,False,back(-111.5元/月),0.0,,"(238, 22, 241, 1)",A=34.0; B=239.5; C=14.5; 理论B=(A+C)/2=24.25; 价差(理论-实际)=-215.25; 主力价=3878; 比例%=5.5505; 同构性=同构; 最小腿OI=13587; 盘口空隙=3跳/0.077%,DCE.SP jd2612&jd2701,,,月差1 同构
2026-08-12 15:27:35,折角修复,kink,JM,jm2612-jm2701 | jm2703-jm2704 | jm2706-jm2707,做空B段(实际高于理论),0.054963,True,规则断层: jm2701起交割标准大幅提高，跨2612/2701的结构偏移为正常,False,contango(+28.4元/月),100.0,,"(5.5, 2, 8.5, 1)",A=-150.25; B=7.0; C=2.0; 理论B=(A+C)/2=-74.12; 价差(理论-实际)=-81.12; 主力价=1476.0; 比例%=5.4963; 同构性=同构; 最小腿OI=50; 盘口空隙=6跳/0.203%,DCE.SP jm2703&jm2704,,,月差1 同构
2026-08-12 15:27:35,折角修复,kink,JM,jm2612-jm2702 | jm2702-jm2704 | jm2704-jm2706,做空B段(实际高于理论),0.054201,False,规则断层: jm2701起交割标准大幅提高，跨2612/2701的结构偏移为正常,False,contango(+28.4元/月),100.0,,"(9.0, 2, 21.5, 1)",A=-140.5; B=15.25; C=11.0; 理论B=(A+C)/2=-64.75; 价差(理论-实际)=-80.0; 主力价=1476.0; 比例%=5.4201; 同构性=同构; 最小腿OI=131; 盘口空隙=25跳/0.847%,DCE.SP jm2702&jm2704,,,月差2 同构
2026-08-12 15:27:35,同构价差对比,kink,JM,jm2612-jm2702 | jm2702-jm2704 | jm2704-jm2706,做空B段(B高于插值),0.054201,False,规则断层: jm2701起交割标准大幅提高，跨2612/2701的结构偏移为正常,False,contango(+28.4元/月),100.0,,"(9.0, 2, 21.5, 1)","A=-140.5; B=15.25; C=11.0; 理论B=(A+C)/2=-64.75; 估值偏差(实际-理论)=80.0; 比例%=5.4201; 归因=jm2702-jm2703 高估+78.8(整段偏差+80.0的主要来源); 同构=月差2,跨注销1,同构; 最小腿OI=131; 盘口空隙=25跳/0.847%",DCE.SP jm2702&jm2704,,,"组共9段, 仅取紧邻三元组"
2026-08-12 15:27:35,价差递延,butterfly,PS,ps2702-ps2703-ps2704,做空蝶式(卖后段买前段),0.053589,False,低流动性(钓鱼),False,contango(+789.4元/月),,,,(后段-前段)/绝对价=0.053589; 前段=-552.5; 后段=1665.0; 注销状态=none; 最小腿OI=175; 盘口空隙=1017跳/13.261%,,,,
2026-08-12 15:27:35,折角修复,kink,JM,jm2612-jm2701 | jm2702-jm2703 | jm2704-jm2705,做空B段(实际高于理论),0.053354,True,规则断层: jm2701起交割标准大幅提高，跨2612/2701的结构偏移为正常,False,contango(+28.4元/月),100.0,,"(6.5, 3, 8.0, 2)",A=-150.25; B=7.25; C=7.25; 理论B=(A+C)/2=-71.5; 价差(理论-实际)=-78.75; 主力价=1476.0; 比例%=5.3354; 同构性=同构; 最小腿OI=486; 盘口空隙=3跳/0.102%,DCE.SP jm2702&jm2703,,,月差1 同构
2026-08-12 15:27:35,折角修复,kink,JM,jm2610-jm2611 | jm2611-jm2612 | jm2612-jm2701,做空B段(实际高于理论),0.053269,True,规则断层: jm2701起交割标准大幅提高，跨2612/2701的结构偏移为正常,False,contango(+28.4元/月),100.0,,"(5.0, 1, 6.0, 9)",A=4.0; B=5.5; C=-150.25; 理论B=(A+C)/2=-73.12; 价差(理论-实际)=-78.62; 主力价=1476.0; 比例%=5.3269; 同构性=同构; 最小腿OI=53016; 盘口空隙=2跳/0.068%,DCE.SP jm2611&jm2612,,,月差1 同构
2026-08-12 15:27:35,同构价差对比,kink,JM,jm2610-jm2611 | jm2611-jm2612 | jm2612-jm2701,做空B段(B高于插值),0.053269,True,规则断层: jm2701起交割标准大幅提高，跨2612/2701的结构偏移为正常,False,contango(+28.4元/月),100.0,,"(5.0, 1, 6.0, 9)","A=4.0; B=5.5; C=-150.25; 理论B=(A+C)/2=-73.12; 估值偏差(实际-理论)=78.62; 比例%=5.3269; 归因=B即相邻月段; 同构=月差1,跨注销0,同构; 最小腿OI=53016; 盘口空隙=2跳/0.068%",DCE.SP jm2611&jm2612,,,"组共10段, 仅取紧邻三元组"
2026-08-12 15:27:35,价差递延,butterfly,RU,ru2611-ru2701-ru2703,做空蝶式(卖后段买前段),0.052578,False,低流动性(钓鱼),False,contango(+176.5元/月),0.0,,,(后段-前段)/绝对价=0.052578; 前段=-880.0; 后段=17.5; 注销状态=both; 最小腿OI=124; 盘口空隙=39跳/1.086%,,,,
2026-08-12 15:27:35,折角修复,kink,SP,sp2609-sp2612 | sp2612-sp2703 | sp2703-sp2706,做多B段(实际低于理论),0.051334,False,低流动性(钓鱼),False,contango(+55.1元/月),83.3,,"(-274, 1, -244, 1)",A=-32.0; B=-259.0; C=-9.0; 理论B=(A+C)/2=-20.5; 价差(理论-实际)=238.5; 主力价=4646; 比例%=5.1334; 同构性=同构; 最小腿OI=91; 盘口空隙=15跳/0.646%,,,,月差3 同构
2026-08-12 15:27:35,同构价差对比,kink,SP,sp2609-sp2612 | sp2612-sp2703 | sp2703-sp2706,做多B段(B低于插值),0.051334,False,低流动性(钓鱼),False,contango(+55.1元/月),83.3,,"(-274, 1, -244, 1)","A=-32.0; B=-259.0; C=-9.0; 理论B=(A+C)/2=-20.5; 估值偏差(实际-理论)=-238.5; 比例%=5.1334; 归因=sp2612-sp2701 低估-221.5(整段偏差-238.5的主要来源); 同构=月差3,跨注销2,同构; 最小腿OI=91; 盘口空隙=15跳/0.646%",,,,"组共8段, 仅取紧邻三元组"
2026-08-12 15:27:35,折角修复,kink,JD,jd2609-jd2610 | jd2701-jd2702 | jd2705-jd2706,做空B段(实际高于理论),0.051315,True,,False,back(-111.5元/月),0.0,,"(385, 1, 388, 57)",A=240.0; B=386.5; C=135.0; 理论B=(A+C)/2=187.5; 价差(理论-实际)=-199.0; 主力价=3878; 比例%=5.1315; 同构性=同构; 最小腿OI=10161; 盘口空隙=3跳/0.077%,DCE.SP jd2701&jd2702,,,月差1 同构
2026-08-12 15:27:35,价差递延,butterfly,JD,jd2609-jd2610-jd2611,做多蝶式(买后段卖前段),0.050024,True,,False,back(-111.5元/月),0.0,,,(后段-前段)/绝对价=-0.050024; 前段=240.0; 后段=34.0; 注销状态=both; 最小腿OI=96236; 盘口空隙=8跳/0.206%,,,,
2026-08-12 15:27:35,价差递延,butterfly,BU,bu2610-bu2612-bu2702,"做多蝶式(买后段卖前段,结构应后段>前段)",0.049627,False,低流动性(钓鱼),False,back(-140.5元/月),0.0,,,"前段=355.5; 后段=149.5; 蝶值(后-前)=-206.0; 结构基准E=1; 同构性=非同构(near/none),结构性不等式违背,|蝶值|为保守错价下限; 最小腿OI=1589; 盘口空隙=18跳/0.434%",,,,泛化蝶式 月差2+2
2026-08-12 15:27:35,折角修复,kink,RU,ru2609-ru2611 | ru2611-ru2701 | ru2701-ru2703,做多B段(实际低于理论),0.048677,True,,False,contango(+176.5元/月),0.0,,"(-895, 1, -865, 1)",A=-30.0; B=-880.0; C=17.5; 理论B=(A+C)/2=-6.25; 价差(理论-实际)=873.75; 主力价=17950; 比例%=4.8677; 同构性=同构; 最小腿OI=124; 盘口空隙=6跳/0.167%,,,,月差2 同构
2026-08-12 15:27:35,同构价差对比,kink,RU,ru2609-ru2611 | ru2611-ru2701 | ru2701-ru2703,做多B段(B低于插值),0.048677,True,,False,contango(+176.5元/月),0.0,,"(-895, 1, -865, 1)","A=-30.0; B=-880.0; C=17.5; 理论B=(A+C)/2=-6.25; 估值偏差(实际-理论)=-873.75; 比例%=4.8677; 归因=B即相邻月段; 同构=月差2,跨注销1,同构; 最小腿OI=124; 盘口空隙=6跳/0.167%",,,,"组共6段, 仅取紧邻三元组"
2026-08-12 15:27:35,折角修复,kink,SP,sp2609-sp2611 | sp2611-sp2701 | sp2701-sp2703,做多B段(实际低于理论),0.048429,True,,False,contango(+55.1元/月),83.3,,"(-250, 5, -244, 44)",A=-6.0; B=-247.0; C=-38.0; 理论B=(A+C)/2=-22.0; 价差(理论-实际)=225.0; 主力价=4646; 比例%=4.8429; 同构性=同构; 最小腿OI=2503; 盘口空隙=3跳/0.129%,,,,月差2 同构
2026-08-12 15:27:35,同构价差对比,kink,SP,sp2609-sp2611 | sp2611-sp2701 | sp2701-sp2703,做多B段(B低于插值),0.048429,True,,False,contango(+55.1元/月),83.3,,"(-250, 5, -244, 44)","A=-6.0; B=-247.0; C=-38.0; 理论B=(A+C)/2=-22.0; 估值偏差(实际-理论)=-225.0; 比例%=4.8429; 归因=sp2612-sp2701 低估-205.5(整段偏差-225.0的主要来源); 同构=月差2,跨注销1,同构; 最小腿OI=2503; 盘口空隙=3跳/0.129%",,,,"组共9段, 仅取紧邻三元组"
2026-08-12 15:27:35,折角修复,kink,SP,sp2609-sp2611 | sp2612-sp2702 | sp2703-sp2705,做多B段(实际低于理论),0.047891,False,低流动性(钓鱼),False,contango(+55.1元/月),83.3,,"(-252, 2, -204, 2)",A=-6.0; B=-228.0; C=-5.0; 理论B=(A+C)/2=-5.5; 价差(理论-实际)=222.5; 主力价=4646; 比例%=4.7891; 同构性=同构; 最小腿OI=54; 盘口空隙=24跳/1.033%,,,,月差2 同构
2026-08-12 15:27:35,折角修复,kink,SP,sp2609-sp2610 | sp2612-sp2701 | sp2703-sp2704,做多B段(实际低于理论),0.047675,True,,False,contango(+55.1元/月),83.3,,"(-226, 3, -216, 4)",A=-6.0; B=-221.0; C=7.0; 理论B=(A+C)/2=0.5; 价差(理论-实际)=221.5; 主力价=4646; 比例%=4.7675; 同构性=同构; 最小腿OI=184; 盘口空隙=5跳/0.215%,,,,月差1 同构
2026-08-12 15:27:35,折角修复,kink,PS,ps2702-ps2703 | ps2703-ps2704 | ps2704-ps2705,做空B段(实际高于理论),0.047464,False,低流动性(钓鱼),False,contango(+789.4元/月),,,"(635, 10, 2695, 5)","A=-552.5; B=1665.0; C=242.5; 理论B=(A+C)/2=-155.0; 价差(理论-实际)=-1820.0; 主力价=38345; 比例%=4.7464; 同构性=非同构(none/none/far,结构有利,插值为保守下限); 最小腿OI=175; 盘口空隙=412跳/5.372%",,,,月差1 非同构-结构有利
2026-08-12 15:27:35,同构价差对比,kink,PS,ps2702-ps2703 | ps2703-ps2704 | ps2704-ps2705,做空B段(B高于插值),0.047464,False,低流动性(钓鱼),False,contango(+789.4元/月),,,"(635, 10, 2695, 5)","A=-552.5; B=1665.0; C=242.5; 理论B=(A+C)/2=-155.0; 估值偏差(实际-理论)=1820.0; 比例%=4.7464; 归因=B即相邻月段; 同构=月差1,跨注销0,非同构(none/none/far,结构有利,插值为保守下限); 最小腿OI=175; 盘口空隙=412跳/5.372%",,,,"组共10段, 仅取紧邻三元组"
2026-08-12 15:27:35,价差递延,butterfly,SP,sp2612-sp2701-sp2702,做空蝶式(卖后段买前段),0.045785,False,低流动性(钓鱼),False,contango(+55.1元/月),83.3,,,(后段-前段)/绝对价=0.045785; 前段=-221.0; 后段=-7.0; 注销状态=both; 最小腿OI=54; 盘口空隙=28跳/1.205%,,,,
2026-08-12 15:27:35,折角修复,kink,B,b2611-b2701 | b2702-b2704 | b2705-b2707,做空B段(实际高于理论),0.045023,True,,False,back(-14.2元/月),50.0,,"(172, 1, 178, 1)",A=-11.0; B=175.0; C=14.5; 理论B=(A+C)/2=1.75; 价差(理论-实际)=-173.25; 主力价=3848; 比例%=4.5023; 同构性=同构; 最小腿OI=636; 盘口空隙=6跳/0.156%,DCE.SP b2702&b2704,,,月差2 同构
2026-08-12 15:27:35,折角修复,kink,PS,ps2612-ps2701 | ps2703-ps2704 | ps2706-ps2707,做空B段(实际高于理论),0.044302,False,低流动性(钓鱼),False,contango(+789.4元/月),,,"(635, 10, 2695, 5)",A=-17.5; B=1665.0; C=-50.0; 理论B=(A+C)/2=-33.75; 价差(理论-实际)=-1698.75; 主力价=38345; 比例%=4.4302; 同构性=同构; 最小腿OI=5; 盘口空隙=412跳/5.372%,,,,月差1 同构
2026-08-12 15:27:35,折角修复,kink,SP,sp2610-sp2611 | sp2612-sp2701 | sp2702-sp2703,做多B段(实际低于理论),0.044232,True,,False,contango(+55.1元/月),83.3,,"(-226, 3, -216, 4)",A=0.0; B=-221.0; C=-31.0; 理论B=(A+C)/2=-15.5; 价差(理论-实际)=205.5; 主力价=4646; 比例%=4.4232; 同构性=同构; 最小腿OI=54; 盘口空隙=5跳/0.215%,,,,月差1 同构
2026-08-12 15:27:35,折角修复,kink,SP,sp2611-sp2612 | sp2612-sp2701 | sp2701-sp2702,做多B段(实际低于理论),0.044016,True,,False,contango(+55.1元/月),83.3,,"(-226, 3, -216, 4)",A=-26.0; B=-221.0; C=-7.0; 理论B=(A+C)/2=-16.5; 价差(理论-实际)=204.5; 主力价=4646; 比例%=4.4016; 同构性=同构; 最小腿OI=54; 盘口空隙=5跳/0.215%,,,,月差1 同构
2026-08-12 15:27:35,同构价差对比,kink,SP,sp2611-sp2612 | sp2612-sp2701 | sp2701-sp2702,做多B段(B低于插值),0.044016,True,,False,contango(+55.1元/月),83.3,,"(-226, 3, -216, 4)","A=-26.0; B=-221.0; C=-7.0; 理论B=(A+C)/2=-16.5; 估值偏差(实际-理论)=-204.5; 比例%=4.4016; 归因=B即相邻月段; 同构=月差1,跨注销0,同构; 最小腿OI=54; 盘口空隙=5跳/0.215%",,,,"组共10段, 仅取紧邻三元组"
2026-08-12 15:27:35,折角修复,kink,SP,sp2610-sp2612 | sp2612-sp2702 | sp2702-sp2704,做多B段(实际低于理论),0.043693,False,低流动性(钓鱼),False,contango(+55.1元/月),83.3,,"(-252, 2, -204, 2)",A=-26.0; B=-228.0; C=-24.0; 理论B=(A+C)/2=-25.0; 价差(理论-实际)=203.0; 主力价=4646; 比例%=4.3693; 同构性=同构; 最小腿OI=54; 盘口空隙=24跳/1.033%,,,,月差2 同构
2026-08-12 15:27:35,同构价差对比,kink,SP,sp2610-sp2612 | sp2612-sp2702 | sp2702-sp2704,做多B段(B低于插值),0.043693,False,低流动性(钓鱼),False,contango(+55.1元/月),83.3,,"(-252, 2, -204, 2)","A=-26.0; B=-228.0; C=-24.0; 理论B=(A+C)/2=-25.0; 估值偏差(实际-理论)=-203.0; 比例%=4.3693; 归因=sp2612-sp2701 低估-205.5(整段偏差-203.0的主要来源); 同构=月差2,跨注销1,同构; 最小腿OI=54; 盘口空隙=24跳/1.033%",,,,"组共9段, 仅取紧邻三元组"
2026-08-12 15:27:35,折角修复,kink,JD,jd2611-jd2701 | jd2702-jd2704 | jd2705-jd2707,做多B段(实际低于理论),0.043257,False,低流动性(钓鱼),False,back(-111.5元/月),0.0,,"(-50, 1, -36, 1)",A=264.0; B=-43.0; C=-14.5; 理论B=(A+C)/2=124.75; 价差(理论-实际)=167.75; 主力价=3878; 比例%=4.3257; 同构性=同构; 最小腿OI=4009; 盘口空隙=14跳/0.361%,DCE.SP jd2702&jd2704,,,月差2 同构
2026-08-12 15:27:35,折角修复,kink,B,b2701-b2703 | b2703-b2705 | b2705-b2707,做空B段(实际高于理论),0.043074,True,,False,back(-14.2元/月),50.0,,"(205, 1, 213, 1)",A=72.0; B=209.0; C=14.5; 理论B=(A+C)/2=43.25; 价差(理论-实际)=-165.75; 主力价=3848; 比例%=4.3074; 同构性=同构; 最小腿OI=739; 盘口空隙=8跳/0.208%,DCE.SP b2703&b2705,,,月差2 同构
2026-08-12 15:27:35,同构价差对比,kink,B,b2701-b2703 | b2703-b2705 | b2705-b2707,做空B段(B高于插值),0.043074,True,,False,back(-14.2元/月),50.0,,"(205, 1, 213, 1)","A=72.0; B=209.0; C=14.5; 理论B=(A+C)/2=43.25; 估值偏差(实际-理论)=165.75; 比例%=4.3074; 归因=b2703-b2704 高估+103.5(整段偏差+165.8的主要来源); 同构=月差2,跨注销1,同构; 最小腿OI=739; 盘口空隙=8跳/0.208%",DCE.SP b2703&b2705,,,"组共9段, 仅取紧邻三元组"
2026-08-12 15:27:35,折角修复,kink,B,b2610-b2701 | b2701-b2704 | b2704-b2707,做空B段(实际高于理论),0.04236,False,低流动性(钓鱼),False,back(-14.2元/月),50.0,,"(180, 1, 218, 1)",A=-27.5; B=199.0; C=99.5; 理论B=(A+C)/2=36.0; 价差(理论-实际)=-163.0; 主力价=3848; 比例%=4.236; 同构性=同构; 最小腿OI=636; 盘口空隙=38跳/0.988%,,,,月差3 同构
2026-08-12 15:27:35,同构价差对比,kink,B,b2610-b2701 | b2701-b2704 | b2704-b2707,做空B段(B高于插值),0.04236,False,低流动性(钓鱼),False,back(-14.2元/月),50.0,,"(180, 1, 218, 1)","A=-27.5; B=199.0; C=99.5; 理论B=(A+C)/2=36.0; 估值偏差(实际-理论)=163.0; 比例%=4.236; 归因=b2703-b2704 高估+117.5(整段偏差+163.0的主要来源); 同构=月差3,跨注销2,同构; 最小腿OI=636; 盘口空隙=38跳/0.988%",,,,"组共7段, 仅取紧邻三元组"
2026-08-12 15:27:35,价差递延,butterfly,SP,sp2611-sp2612-sp2701,做多蝶式(买后段卖前段),0.041972,False,低流动性(钓鱼),False,contango(+55.1元/月),83.3,,,(后段-前段)/绝对价=-0.041972; 前段=-26.0; 后段=-221.0; 注销状态=both; 最小腿OI=4051; 盘口空隙=9跳/0.387%,,,,
2026-08-12 15:27:35,折角修复,kink,BU,bu2611-bu2701 | bu2703-bu2705 | bu2707-bu2709,做多B段(实际低于理论),0.041376,False,低流动性(钓鱼),True,back(-140.5元/月),0.0,,"(-15, 2, 23, 1)",A=290.5; B=4.0; C=61.0; 理论B=(A+C)/2=175.75; 价差(理论-实际)=171.75; 主力价=4151; 比例%=4.1376; 同构性=同构; 最小腿OI=8; 盘口空隙=38跳/0.915%,,,,月差2 同构
2026-08-12 15:27:35,折角修复,kink,PS,ps2701-ps2702 | ps2702-ps2703 | ps2703-ps2704,做多B段(实际低于理论),0.040879,False,低流动性(钓鱼),True,contango(+789.4元/月),,,"(-2065, 5, 960, 5)",A=365.0; B=-552.5; C=1665.0; 理论B=(A+C)/2=1015.0; 价差(理论-实际)=1567.5; 主力价=38345; 比例%=4.0879; 同构性=同构; 最小腿OI=175; 盘口空隙=605跳/7.889%,,,,月差1 同构
2026-08-12 15:27:35,同构价差对比,kink,PS,ps2701-ps2702 | ps2702-ps2703 | ps2703-ps2704,做多B段(B低于插值),0.040879,False,低流动性(钓鱼),True,contango(+789.4元/月),,,"(-2065, 5, 960, 5)","A=365.0; B=-552.5; C=1665.0; 理论B=(A+C)/2=1015.0; 估值偏差(实际-理论)=-1567.5; 比例%=4.0879; 归因=B即相邻月段; 同构=月差1,跨注销0,同构; 最小腿OI=175; 盘口空隙=605跳/7.889%",,,,"组共10段, 仅取紧邻三元组"
2026-08-12 15:27:35,折角修复,kink,BU,bu2611-bu2701 | bu2702-bu2704 | bu2705-bu2707,做多B段(实际低于理论),0.040834,False,低流动性(钓鱼),True,back(-140.5元/月),0.0,,"(-49, 3, 19, 1)",A=290.5; B=-15.0; C=18.5; 理论B=(A+C)/2=154.5; 价差(理论-实际)=169.5; 主力价=4151; 比例%=4.0834; 同构性=同构; 最小腿OI=8; 盘口空隙=68跳/1.638%,,,,月差2 同构
2026-08-12 15:27:35,同构价差对比,kink,EC,ec2610-ec2611 | ec2611-ec2612 | ec2612-ec2701,做多B段(B低于插值),0.039773,False,"低流动性(钓鱼); 仅提示(现金交割:集运/国债,不参与)",False,back(-199.1元/月),50.0,,"(-233.0, 1, -189.0, 2)","A=-217.25; B=-211.0; C=-77.0; 理论B=(A+C)/2=-147.12; 估值偏差(实际-理论)=-63.88; 比例%=3.9773; 归因=B即相邻月段; 同构=月差1,跨注销0,同构; 最小腿OI=124; 盘口空隙=88跳/2.740%",,,,"组共4段, 仅取紧邻三元组"
2026-08-12 15:27:35,同构价差对比,kink,JD,jd2701-jd2702 | jd2702-jd2703 | jd2703-jd2704,做多B段(B低于插值),0.039131,True,,False,back(-111.5元/月),0.0,,"(13, 2, 16, 2)","A=386.5; B=14.5; C=-54.0; 理论B=(A+C)/2=166.25; 估值偏差(实际-理论)=-151.75; 比例%=3.9131; 归因=B即相邻月段; 同构=月差1,跨注销0,同构; 最小腿OI=4009; 盘口空隙=3跳/0.077%",DCE.SP jd2702&jd2703,,,"组共10段, 仅取紧邻三元组"
2026-08-12 15:27:35,价差递延,butterfly,JD,jd2612-jd2701-jd2702,做空蝶式(卖后段买前段),0.038492,True,,False,back(-111.5元/月),0.0,,,(后段-前段)/绝对价=0.038492; 前段=239.5; 后段=386.5; 注销状态=both; 最小腿OI=44471; 盘口空隙=6跳/0.155%,,,,
2026-08-12 15:27:35,折角修复,kink,BU,bu2608-bu2610 | bu2611-bu2701 | bu2702-bu2704,做空B段(实际高于理论),0.036859,True,,False,back(-140.5元/月),0.0,,"(289, 2, 292, 4)","A=290.0; B=290.5; C=-15.0; 理论B=(A+C)/2=137.5; 价差(理论-实际)=-153.0; 主力价=4151; 比例%=3.6859; 同构性=非同构(far/none/none,结构有利,插值为保守下限); 最小腿OI=205; 盘口空隙=3跳/0.072%",,,,月差2 非同构-结构有利
2026-08-12 15:27:35,同构价差对比,kink,PL,PL609-PL611 | PL701-PL703 | PL705-PL707,做多B段(B低于插值),0.035942,False,低流动性(钓鱼),False,back(-222.0元/月),,,"(15, 2, 124, 1)","A=651.5; B=69.5; C=17.0; 理论B=(A+C)/2=334.25; 估值偏差(实际-理论)=-264.75; 比例%=3.5942; 归因=PL701-PL702 低估-129.5(整段偏差-264.8的主要来源); 同构=月差2,跨注销0,同构; 最小腿OI=6; 盘口空隙=109跳/1.480%",CZCE.SPD PL701&PL703,,,"组共3段, 仅取紧邻三元组"
2026-08-12 15:27:35,价差递延,butterfly,J,j2611-j2703-j2707,"做空蝶式(卖后段买前段,结构应后段<前段)",0.03564,False,低流动性(钓鱼),False,contango(+12.1元/月),66.7,,,"前段=-57.75; 后段=10.75; 蝶值(后-前)=68.5; 结构基准E=-2; 同构性=非同构(far/near),结构性不等式违背,|蝶值|为保守错价下限; 最小腿OI=4; 盘口空隙=396跳/10.388%",,,,泛化蝶式 月差4+4
2026-08-12 15:27:35,价差递延,butterfly,PS,ps2703-ps2704-ps2705,"做多蝶式(买后段卖前段,结构应后段>前段)",0.034381,False,低流动性(钓鱼),False,contango(+789.4元/月),,,,"前段=1665.0; 后段=242.5; 蝶值(后-前)=-1422.5; 结构基准E=1; 同构性=非同构(none/far),结构性不等式违背,|蝶值|为保守错价下限; 最小腿OI=405; 盘口空隙=635跳/8.280%",,,,泛化蝶式 月差1+1
2026-08-12 15:27:35,价差递延,butterfly,RR,rr2610-rr2611-rr2612,做多蝶式(买后段卖前段),0.033962,False,低流动性(钓鱼),False,back(-25.9元/月),0.0,,,(后段-前段)/绝对价=-0.033962; 前段=61.0; 后段=-61.5; 注销状态=both; 最小腿OI=55; 盘口空隙=65跳/1.794%,,,,
2026-08-12 15:27:35,价差递延,butterfly,EG,eg2608-eg2609-eg2610,做多蝶式(买后段卖前段),0.03327,False,低流动性(钓鱼),False,back(-130.1元/月),0.0,,,(后段-前段)/绝对价=-0.03327; 前段=408.0; 后段=234.0; 注销状态=none; 最小腿OI=2620; 盘口空隙=42跳/0.856%,,,,
2026-08-12 15:27:35,折角修复,kink,BU,bu2608-bu2610 | bu2610-bu2612 | bu2612-bu2702,做空B段(实际高于理论),0.032703,True,,False,back(-140.5元/月),0.0,,"(354, 2, 357, 1)","A=290.0; B=355.5; C=149.5; 理论B=(A+C)/2=219.75; 价差(理论-实际)=-135.75; 主力价=4151; 比例%=3.2703; 同构性=非同构(far/near/none,结构有利,插值为保守下限); 最小腿OI=1131; 盘口空隙=3跳/0.072%",,,,月差2 非同构-结构有利
2026-08-12 15:27:35,价差递延,butterfly,LU,lu2612-lu2702-lu2704,"做多蝶式(买后段卖前段,结构应后段>前段)",0.032135,False,低流动性(钓鱼),False,back(-161.9元/月),16.7,,,"前段=272.5; 后段=133.0; 蝶值(后-前)=-139.5; 结构基准E=1; 同构性=非同构(near/none),结构性不等式违背,|蝶值|为保守错价下限; 最小腿OI=20; 盘口空隙=175跳/3.719%",,,,泛化蝶式 月差2+2
2026-08-12 15:27:35,同构价差对比,kink,BU,bu2611-bu2701 | bu2701-bu2703 | bu2703-bu2705,做多B段(B低于插值),0.03186,False,低流动性(钓鱼),True,back(-140.5元/月),0.0,,"(7, 1, 23, 2)","A=290.5; B=15.0; C=4.0; 理论B=(A+C)/2=147.25; 估值偏差(实际-理论)=-132.25; 比例%=3.186; 归因=bu2702-bu2703 低估-76.8(整段偏差-132.2的主要来源); 同构=月差2,跨注销0,同构; 最小腿OI=219; 盘口空隙=16跳/0.385%",,,,"组共9段, 仅取紧邻三元组"
2026-08-12 15:27:35,折角修复,kink,B,b2612-b2701 | b2703-b2704 | b2706-b2707,做空B段(实际高于理论),0.030535,True,,False,back(-14.2元/月),50.0,,"(123, 1, 124, 1)",A=14.0; B=123.5; C=-2.0; 理论B=(A+C)/2=6.0; 价差(理论-实际)=-117.5; 主力价=3848; 比例%=3.0535; 同构性=同构; 最小腿OI=636; 盘口空隙=1跳/0.026%,DCE.SP b2703&b2704,,,月差1 同构
2026-08-12 15:27:35,折角修复,kink,JD,jd2610-jd2611 | jd2611-jd2612 | jd2612-jd2701,做多B段(实际低于理论),0.029074,True,,False,back(-111.5元/月),0.0,,"(22, 9, 26, 23)",A=34.0; B=24.0; C=239.5; 理论B=(A+C)/2=136.75; 价差(理论-实际)=112.75; 主力价=3878; 比例%=2.9074; 同构性=同构; 最小腿OI=55580; 盘口空隙=4跳/0.103%,DCE.SP jd2611&jd2612,,,月差1 同构
2026-08-12 15:27:35,同构价差对比,kink,JD,jd2610-jd2611 | jd2611-jd2612 | jd2612-jd2701,做多B段(B低于插值),0.029074,True,,False,back(-111.5元/月),0.0,,"(22, 9, 26, 23)","A=34.0; B=24.0; C=239.5; 理论B=(A+C)/2=136.75; 估值偏差(实际-理论)=-112.75; 比例%=2.9074; 归因=B即相邻月段; 同构=月差1,跨注销0,同构; 最小腿OI=55580; 盘口空隙=4跳/0.103%",DCE.SP jd2611&jd2612,,,"组共10段, 仅取紧邻三元组"
2026-08-12 15:27:35,折角修复,kink,BU,bu2610-bu2611 | bu2702-bu2703 | bu2706-bu2707,做多B段(实际低于理论),0.028788,False,低流动性(钓鱼),True,back(-140.5元/月),0.0,,"(-25, 1, 2, 1)","A=188.0; B=-11.5; C=28.0; 理论B=(A+C)/2=108.0; 价差(理论-实际)=119.5; 主力价=4151; 比例%=2.8788; 同构性=非同构(near/none/none,结构有利,插值为保守下限); 最小腿OI=8; 盘口空隙=27跳/0.650%",,,,月差1 非同构-结构有利
2026-08-12 15:27:35,折角修复,kink,BU,bu2612-bu2703 | bu2703-bu2706 | bu2706-bu2709,做多B段(实际低于理论),0.028668,False,低流动性(钓鱼),True,back(-140.5元/月),0.0,,"(-16, 3, 5, 1)",A=138.0; B=-5.5; C=89.0; 理论B=(A+C)/2=113.5; 价差(理论-实际)=119.0; 主力价=4151; 比例%=2.8668; 同构性=同构; 最小腿OI=308; 盘口空隙=21跳/0.506%,,,,月差3 同构
2026-08-12 15:27:35,同构价差对比,kink,BU,bu2612-bu2703 | bu2703-bu2706 | bu2706-bu2709,做多B段(B低于插值),0.028668,False,低流动性(钓鱼),True,back(-140.5元/月),0.0,,"(-16, 3, 5, 1)","A=138.0; B=-5.5; C=89.0; 理论B=(A+C)/2=113.5; 估值偏差(实际-理论)=-119.0; 比例%=2.8668; 归因=不可细分(子段缺盘口或三段月份表不齐); 同构=月差3,跨注销0,同构; 最小腿OI=308; 盘口空隙=21跳/0.506%",,,,"组共8段, 仅取紧邻三元组"
2026-08-12 15:27:35,折角修复,kink,B,b2612-b2702 | b2702-b2704 | b2704-b2706,做空B段(实际高于理论),0.027352,True,,False,back(-14.2元/月),50.0,,"(172, 1, 178, 1)",A=35.0; B=175.0; C=104.5; 理论B=(A+C)/2=69.75; 价差(理论-实际)=-105.25; 主力价=3848; 比例%=2.7352; 同构性=同构; 最小腿OI=636; 盘口空隙=6跳/0.156%,DCE.SP b2702&b2704,,,月差2 同构
2026-08-12 15:27:35,同构价差对比,kink,B,b2612-b2702 | b2702-b2704 | b2704-b2706,做空B段(B高于插值),0.027352,True,,False,back(-14.2元/月),50.0,,"(172, 1, 178, 1)","A=35.0; B=175.0; C=104.5; 理论B=(A+C)/2=69.75; 估值偏差(实际-理论)=105.25; 比例%=2.7352; 归因=b2703-b2704 高估+103.5(整段偏差+105.2的主要来源); 同构=月差2,跨注销1,同构; 最小腿OI=636; 盘口空隙=6跳/0.156%",DCE.SP b2702&b2704,,,"组共9段, 仅取紧邻三元组"
2026-08-12 15:27:35,价差递延,butterfly,LH,lh2703-lh2705-lh2707,做空蝶式(卖后段买前段),0.027247,True,,False,contango(+189.4元/月),100.0,,,(后段-前段)/绝对价=0.027247; 前段=-892.5; 后段=-557.5; 注销状态=both; 最小腿OI=13341; 盘口空隙=6跳/0.249%,,,,
2026-08-12 15:27:35,折角修复,kink,B,b2701-b2702 | b2703-b2704 | b2705-b2706,做空B段(实际高于理论),0.026897,True,,False,back(-14.2元/月),50.0,,"(123, 1, 124, 1)",A=22.0; B=123.5; C=18.0; 理论B=(A+C)/2=20.0; 价差(理论-实际)=-103.5; 主力价=3848; 比例%=2.6897; 同构性=同构; 最小腿OI=636; 盘口空隙=1跳/0.026%,DCE.SP b2703&b2704,,,月差1 同构
2026-08-12 15:27:35,折角修复,kink,RM,RM609-RM611 | RM701-RM703 | RM705-RM707,做多B段(实际低于理论),0.026835,True,,True,分歧(-2.7元/月),66.7,,"(7, 465, 8, 19)",A=115.5; B=7.5; C=16.5; 理论B=(A+C)/2=66.0; 价差(理论-实际)=58.5; 主力价=2180; 比例%=2.6835; 同构性=同构; 最小腿OI=6656; 盘口空隙=1跳/0.046%,CZCE.SPD RM701&RM703,,,月差2 同构
2026-08-12 15:27:35,折角修复,kink,BU,bu2608-bu2609 | bu2611-bu2612 | bu2702-bu2703,做空B段(实际高于理论),0.02668,True,,False,back(-140.5元/月),0.0,,"(166, 2, 169, 4)",A=125.0; B=167.5; C=-11.5; 理论B=(A+C)/2=56.75; 价差(理论-实际)=-110.75; 主力价=4151; 比例%=2.668; 同构性=同构; 最小腿OI=916; 盘口空隙=3跳/0.072%,,,,月差1 同构
2026-08-12 15:27:35,折角修复,kink,SP,sp2612-sp2701 | sp2701-sp2702 | sp2702-sp2703,做空B段(实际高于理论),0.025613,False,低流动性(钓鱼),False,contango(+55.1元/月),83.3,,"(-30, 2, 16, 2)",A=-221.0; B=-7.0; C=-31.0; 理论B=(A+C)/2=-126.0; 价差(理论-实际)=-119.0; 主力价=4646; 比例%=2.5613; 同构性=同构; 最小腿OI=54; 盘口空隙=23跳/0.990%,,,,月差1 同构
2026-08-12 15:27:35,同构价差对比,kink,SP,sp2612-sp2701 | sp2701-sp2702 | sp2702-sp2703,做空B段(B高于插值),0.025613,False,低流动性(钓鱼),False,contango(+55.1元/月),83.3,,"(-30, 2, 16, 2)","A=-221.0; B=-7.0; C=-31.0; 理论B=(A+C)/2=-126.0; 估值偏差(实际-理论)=119.0; 比例%=2.5613; 归因=B即相邻月段; 同构=月差1,跨注销0,同构; 最小腿OI=54; 盘口空隙=23跳/0.990%",,,,"组共10段, 仅取紧邻三元组"
2026-08-12 15:27:35,同构价差对比,kink,LH,lh2609-lh2611 | lh2611-lh2701 | lh2701-lh2703,做多B段(B低于插值),0.02555,True,,False,contango(+189.4元/月),100.0,,"(-540, 13, -525, 2)","A=-720.0; B=-532.5; C=270.0; 理论B=(A+C)/2=-225.0; 估值偏差(实际-理论)=-307.5; 比例%=2.555; 归因=B即相邻月段; 同构=月差2,跨注销1,同构; 最小腿OI=71736; 盘口空隙=3跳/0.125%",DCE.SP lh2611&lh2701,,,"组共5段, 仅取紧邻三元组"
2026-08-12 15:27:35,价差递延,butterfly,BU,bu2612-bu2701-bu2702,做多蝶式(买后段卖前段),0.025435,False,低流动性(钓鱼),False,back(-140.5元/月),0.0,,,(后段-前段)/绝对价=-0.025435; 前段=123.0; 后段=26.5; 注销状态=none; 最小腿OI=1589; 盘口空隙=19跳/0.458%,,,,
2026-08-12 15:27:35,折角修复,kink,RU,ru2611-ru2701 | ru2701-ru2703 | ru2703-ru2705,做空B段(实际高于理论),0.025418,False,低流动性(钓鱼),False,contango(+176.5元/月),0.0,,"(-65, 2, 100, 2)",A=-880.0; B=17.5; C=2.5; 理论B=(A+C)/2=-438.75; 价差(理论-实际)=-456.25; 主力价=17950; 比例%=2.5418; 同构性=同构; 最小腿OI=124; 盘口空隙=33跳/0.919%,,,,月差2 同构
2026-08-12 15:27:35,同构价差对比,kink,RU,ru2611-ru2701 | ru2701-ru2703 | ru2703-ru2705,做空B段(B高于插值),0.025418,False,低流动性(钓鱼),False,contango(+176.5元/月),0.0,,"(-65, 2, 100, 2)","A=-880.0; B=17.5; C=2.5; 理论B=(A+C)/2=-438.75; 估值偏差(实际-理论)=456.25; 比例%=2.5418; 归因=B即相邻月段; 同构=月差2,跨注销1,同构; 最小腿OI=124; 盘口空隙=33跳/0.919%",,,,"组共6段, 仅取紧邻三元组"
2026-08-12 15:27:35,同构价差对比,kink,JD,jd2609-jd2610 | jd2610-jd2611 | jd2611-jd2612,做多B段(B低于插值),0.025271,True,,False,back(-111.5元/月),0.0,,"(33, 6, 35, 1)","A=240.0; B=34.0; C=24.0; 理论B=(A+C)/2=132.0; 估值偏差(实际-理论)=-98.0; 比例%=2.5271; 归因=B即相邻月段; 同构=月差1,跨注销0,同构; 最小腿OI=96236; 盘口空隙=2跳/0.052%",DCE.SP jd2610&jd2611,,,"组共10段, 仅取紧邻三元组"
2026-08-12 15:27:35,折角修复,kink,SP,sp2612-sp2701 | sp2703-sp2704 | sp2706-sp2707,做空B段(实际高于理论),0.025075,False,低流动性(钓鱼),False,contango(+55.1元/月),83.3,,"(-28, 1, 42, 1)",A=-221.0; B=7.0; C=2.0; 理论B=(A+C)/2=-109.5; 价差(理论-实际)=-116.5; 主力价=4646; 比例%=2.5075; 同构性=同构; 最小腿OI=91; 盘口空隙=35跳/1.507%,,,,月差1 同构
2026-08-12 15:27:35,折角修复,kink,RU,ru2610-ru2701 | ru2701-ru2704 | ru2704-ru2707,做空B段(实际高于理论),0.024791,False,低流动性(钓鱼),False,contango(+176.5元/月),0.0,,"(-25, 1, 55, 1)",A=-872.5; B=15.0; C=12.5; 理论B=(A+C)/2=-430.0; 价差(理论-实际)=-445.0; 主力价=17950; 比例%=2.4791; 同构性=同构; 最小腿OI=33; 盘口空隙=16跳/0.446%,,,,月差3 同构
2026-08-12 15:27:35,同构价差对比,kink,RU,ru2610-ru2701 | ru2701-ru2704 | ru2704-ru2707,做空B段(B高于插值),0.024791,False,低流动性(钓鱼),False,contango(+176.5元/月),0.0,,"(-25, 1, 55, 1)","A=-872.5; B=15.0; C=12.5; 理论B=(A+C)/2=-430.0; 估值偏差(实际-理论)=445.0; 比例%=2.4791; 归因=不可细分(子段缺盘口或三段月份表不齐); 同构=月差3,跨注销2,同构; 最小腿OI=33; 盘口空隙=16跳/0.446%",,,,"组共4段, 仅取紧邻三元组"
2026-08-12 15:27:35,折角修复,kink,JD,jd2703-jd2704 | jd2704-jd2705 | jd2705-jd2706,做多B段(实际低于理论),0.024368,True,,False,back(-111.5元/月),0.0,,"(-56, 1, -52, 3)",A=-54.0; B=-54.0; C=135.0; 理论B=(A+C)/2=40.5; 价差(理论-实际)=94.5; 主力价=3878; 比例%=2.4368; 同构性=同构; 最小腿OI=4009; 盘口空隙=4跳/0.103%,DCE.SP jd2704&jd2705,,,月差1 同构
2026-08-12 15:27:35,同构价差对比,kink,JD,jd2703-jd2704 | jd2704-jd2705 | jd2705-jd2706,做多B段(B低于插值),0.024368,True,,False,back(-111.5元/月),0.0,,"(-56, 1, -52, 3)","A=-54.0; B=-54.0; C=135.0; 理论B=(A+C)/2=40.5; 估值偏差(实际-理论)=-94.5; 比例%=2.4368; 归因=B即相邻月段; 同构=月差1,跨注销0,同构; 最小腿OI=4009; 盘口空隙=4跳/0.103%",DCE.SP jd2704&jd2705,,,"组共10段, 仅取紧邻三元组"
2026-08-12 15:27:35,价差递延,butterfly,LU,lu2703-lu2704-lu2705,做多蝶式(买后段卖前段),0.024214,False,低流动性(钓鱼),False,back(-161.9元/月),16.7,,,(后段-前段)/绝对价=-0.024214; 前段=57.5; 后段=-39.5; 注销状态=none; 最小腿OI=20; 盘口空隙=384跳/8.160%,,,,
2026-08-12 15:27:35,折角修复,kink,LU,lu2701-lu2703 | lu2703-lu2705 | lu2705-lu2707,做多B段(实际低于理论),0.023799,False,低流动性(钓鱼),True,back(-161.9元/月),16.7,,"(-110, 1, 146, 1)",A=199.5; B=18.0; C=60.5; 理论B=(A+C)/2=130.0; 价差(理论-实际)=112.0; 主力价=4706; 比例%=2.3799; 同构性=同构; 最小腿OI=17; 盘口空隙=256跳/5.440%,,,,月差2 同构
2026-08-12 15:27:35,同构价差对比,kink,LU,lu2701-lu2703 | lu2703-lu2705 | lu2705-lu2707,做多B段(B低于插值),0.023799,False,低流动性(钓鱼),True,back(-161.9元/月),16.7,,"(-110, 1, 146, 1)","A=199.5; B=18.0; C=60.5; 理论B=(A+C)/2=130.0; 估值偏差(实际-理论)=-112.0; 比例%=2.3799; 归因=lu2704-lu2705 低估-86.8(整段偏差-112.0的主要来源); 同构=月差2,跨注销0,同构; 最小腿OI=17; 盘口空隙=256跳/5.440%",,,,"组共9段, 仅取紧邻三元组"
2026-08-12 15:27:35,价差递延,butterfly,OP,op2608-op2609-op2610,做空蝶式(卖后段买前段),0.023413,False,低流动性(钓鱼),False,contango(+6.4元/月),,,,(后段-前段)/绝对价=0.023413; 前段=-97.0; 后段=-7.0; 注销状态=both; 最小腿OI=40; 盘口空隙=136跳/7.010%,,,,
2026-08-12 15:27:35,价差递延,butterfly,RB,rb2608-rb2609-rb2610,做空蝶式(卖后段买前段),0.022664,False,低流动性(钓鱼),False,contango(+10.4元/月),66.7,,,(后段-前段)/绝对价=0.022664; 前段=-86.5; 后段=-21.0; 注销状态=both; 最小腿OI=240; 盘口空隙=27跳/0.897%,,,,
2026-08-12 15:27:35,折角修复,kink,RR,rr2610-rr2611 | rr2611-rr2612 | rr2612-rr2701,做多B段(实际低于理论),0.022627,False,低流动性(钓鱼),False,back(-25.9元/月),0.0,,"(-88, 11, -35, 1)",A=61.0; B=-61.5; C=-20.0; 理论B=(A+C)/2=20.5; 价差(理论-实际)=82.0; 主力价=3624; 比例%=2.2627; 同构性=同构; 最小腿OI=48; 盘口空隙=53跳/1.462%,DCE.SP rr2611&rr2612,,,月差1 同构
2026-08-12 15:27:35,同构价差对比,kink,RR,rr2610-rr2611 | rr2611-rr2612 | rr2612-rr2701,做多B段(B低于插值),0.022627,False,低流动性(钓鱼),False,back(-25.9元/月),0.0,,"(-88, 11, -35, 1)","A=61.0; B=-61.5; C=-20.0; 理论B=(A+C)/2=20.5; 估值偏差(实际-理论)=-82.0; 比例%=2.2627; 归因=B即相邻月段; 同构=月差1,跨注销0,同构; 最小腿OI=48; 盘口空隙=53跳/1.462%",DCE.SP rr2611&rr2612,,,"组共9段, 仅取紧邻三元组"
2026-08-12 15:27:35,价差递延,butterfly,PS,ps2701-ps2702-ps2703,做多蝶式(买后段卖前段),0.021895,False,低流动性(钓鱼),False,contango(+789.4元/月),,,,(后段-前段)/绝对价=-0.021895; 前段=365.0; 后段=-552.5; 注销状态=none; 最小腿OI=175; 盘口空隙=913跳/11.905%,,,,
2026-08-12 15:27:35,折角修复,kink,BU,bu2611-bu2612 | bu2702-bu2703 | bu2705-bu2706,做多B段(实际低于理论),0.021802,False,低流动性(钓鱼),True,back(-140.5元/月),0.0,,"(-25, 1, 2, 1)",A=167.5; B=-11.5; C=-9.5; 理论B=(A+C)/2=79.0; 价差(理论-实际)=90.5; 主力价=4151; 比例%=2.1802; 同构性=同构; 最小腿OI=219; 盘口空隙=27跳/0.650%,,,,月差1 同构
2026-08-12 15:27:35,价差递延,butterfly,JD,jd2702-jd2703-jd2704,做多蝶式(买后段卖前段),0.02144,True,,False,back(-111.5元/月),0.0,,,(后段-前段)/绝对价=-0.02144; 前段=14.5; 后段=-54.0; 注销状态=both; 最小腿OI=4009; 盘口空隙=7跳/0.181%,,,,
2026-08-12 15:27:35,价差递延,butterfly,C,c2609-c2611-c2701,做多蝶式(买后段卖前段),0.021432,True,,False,back(-0.5元/月),66.7,,,(后段-前段)/绝对价=-0.021432; 前段=36.0; 后段=-12.5; 注销状态=none; 最小腿OI=255752; 盘口空隙=3跳/0.135%,,,,
2026-08-12 15:27:35,同构价差对比,kink,SP,sp2610-sp2701 | sp2701-sp2704 | sp2704-sp2707,做空B段(B高于插值),0.021416,False,低流动性(钓鱼),False,contango(+55.1元/月),83.3,,"(-56, 2, -6, 5)","A=-247.0; B=-31.0; C=-14.0; 理论B=(A+C)/2=-130.5; 估值偏差(实际-理论)=99.5; 比例%=2.1416; 归因=sp2703-sp2704 高估+116.5(整段偏差+99.5的主要来源); 同构=月差3,跨注销2,同构; 最小腿OI=184; 盘口空隙=25跳/1.076%",,,,"组共8段, 仅取紧邻三元组"
2026-08-12 15:27:35,折角修复,kink,BU,bu2612-bu2702 | bu2702-bu2704 | bu2704-bu2706,做多B段(实际低于理论),0.02138,False,低流动性(钓鱼),True,back(-140.5元/月),0.0,,"(-49, 3, 19, 1)",A=149.5; B=-15.0; C=-2.0; 理论B=(A+C)/2=73.75; 价差(理论-实际)=88.75; 主力价=4151; 比例%=2.138; 同构性=同构; 最小腿OI=205; 盘口空隙=68跳/1.638%,,,,月差2 同构
2026-08-12 15:27:35,同构价差对比,kink,BU,bu2612-bu2702 | bu2702-bu2704 | bu2704-bu2706,做多B段(B低于插值),0.02138,False,低流动性(钓鱼),True,back(-140.5元/月),0.0,,"(-49, 3, 19, 1)","A=149.5; B=-15.0; C=-2.0; 理论B=(A+C)/2=73.75; 估值偏差(实际-理论)=-88.75; 比例%=2.138; 归因=bu2702-bu2703 低估-76.8(整段偏差-88.8的主要来源); 同构=月差2,跨注销0,同构; 最小腿OI=205; 盘口空隙=68跳/1.638%",,,,"组共9段, 仅取紧邻三元组"
2026-08-12 15:27:35,同构价差对比,kink,SP,sp2612-sp2702 | sp2702-sp2704 | sp2704-sp2706,做空B段(B高于插值),0.021093,False,低流动性(钓鱼),False,contango(+55.1元/月),83.3,,"(-68, 2, 20, 2)","A=-228.0; B=-24.0; C=-16.0; 理论B=(A+C)/2=-122.0; 估值偏差(实际-理论)=98.0; 比例%=2.1093; 归因=sp2702-sp2703 高估+85.5(整段偏差+98.0的主要来源); 同构=月差2,跨注销1,同构; 最小腿OI=54; 盘口空隙=44跳/1.894%",,,,"组共9段, 仅取紧邻三元组"
2026-08-12 15:27:35,折角修复,kink,LU,lu2701-lu2702 | lu2704-lu2705 | lu2707-lu2708,做多B段(实际低于理论),0.020984,False,低流动性(钓鱼),True,back(-161.9元/月),16.7,,"(-123, 1, 44, 1)",A=124.0; B=-39.5; C=-5.5; 理论B=(A+C)/2=59.25; 价差(理论-实际)=98.75; 主力价=4706; 比例%=2.0984; 同构性=同构; 最小腿OI=13; 盘口空隙=167跳/3.549%,,,,月差1 同构
2026-08-12 15:27:35,同构价差对比,kink,BZ,bz2610-bz2701 | bz2701-bz2704 | bz2704-bz2707,做空B段(B高于插值),0.0209,False,低流动性(钓鱼),False,back(-118.2元/月),,,"(14, 2, 496, 1)","A=258.5; B=255.0; C=-50.5; 理论B=(A+C)/2=104.0; 估值偏差(实际-理论)=151.0; 比例%=2.09; 归因=bz2703-bz2704 低估-39.5(整段偏差+151.0的主要来源); 同构=月差3,跨注销2,同构; 最小腿OI=2; 盘口空隙=482跳/6.671%",DCE.SP bz2701&bz2704,,,"组共8段, 仅取紧邻三元组"
2026-08-12 15:27:35,价差递延,butterfly,LC,lc2705-lc2706-lc2707,"做多蝶式(买后段卖前段,结构应后段>前段)",0.020748,False,低流动性(钓鱼),False,back(-242.5元/月),66.7,,,"前段=1290.0; 后段=-1750.0; 蝶值(后-前)=-3040.0; 结构基准E=1; 同构性=非同构(none/far),结构性不等式违背,|蝶值|为保守错价下限; 最小腿OI=0; 盘口空隙=1300跳/17.384%",,,,泛化蝶式 月差1+1
2026-08-12 15:27:35,价差递延,butterfly,PL,PL609-PL610-PL611,"做多蝶式(买后段卖前段,结构应后段>前段)",0.020649,True,,False,back(-222.0元/月),,,,"前段=408.0; 后段=242.5; 蝶值(后-前)=-165.5; 结构基准E=2; 同构性=非同构(near/far),结构性不等式违背,|蝶值|为保守错价下限; 最小腿OI=2135; 盘口空隙=21跳/0.285%",,,,泛化蝶式 月差1+1
2026-08-12 15:27:35,折角修复,kink,B,b2609-b2611 | b2701-b2703 | b2705-b2707,做空B段(实际高于理论),0.020465,True,,False,back(-14.2元/月),50.0,,"(68, 1, 76, 1)",A=-28.0; B=72.0; C=14.5; 理论B=(A+C)/2=-6.75; 价差(理论-实际)=-78.75; 主力价=3848; 比例%=2.0465; 同构性=同构; 最小腿OI=739; 盘口空隙=8跳/0.208%,DCE.SP b2701&b2703,,,月差2 同构
2026-08-12 15:27:35,价差递延,butterfly,LU,lu2704-lu2705-lu2706,做空蝶式(卖后段买前段),0.020377,False,低流动性(钓鱼),False,back(-161.9元/月),16.7,,,(后段-前段)/绝对价=0.020377; 前段=-39.5; 后段=41.5; 注销状态=none; 最小腿OI=20; 盘口空隙=398跳/8.457%,,,,
2026-08-12 15:27:35,折角修复,kink,M,m2609-m2611 | m2701-m2703 | m2705-m2707,做空B段(实际高于理论),0.020369,True,,False,back(-31.5元/月),83.3,,"(57, 132, 58, 5)",A=-36.5; B=57.5; C=23.5; 理论B=(A+C)/2=-6.5; 价差(理论-实际)=-64.0; 主力价=3142; 比例%=2.0369; 同构性=同构; 最小腿OI=138403; 盘口空隙=1跳/0.032%,DCE.SP m2701&m2703,,,月差2 同构
2026-08-12 15:27:35,折角修复,kink,BZ,bz2611-bz2701 | bz2701-bz2703 | bz2703-bz2705,做空B段(实际高于理论),0.020208,False,低流动性(钓鱼),False,back(-118.2元/月),,,"(38, 1, 386, 1)",A=139.0; B=212.0; C=-7.0; 理论B=(A+C)/2=66.0; 价差(理论-实际)=-146.0; 主力价=7225; 比例%=2.0208; 同构性=同构; 最小腿OI=8; 盘口空隙=348跳/4.817%,DCE.SP bz2701&bz2703,,,月差2 同构
2026-08-12 15:27:35,同构价差对比,kink,BZ,bz2611-bz2701 | bz2701-bz2703 | bz2703-bz2705,做空B段(B高于插值),0.020208,False,低流动性(钓鱼),False,back(-118.2元/月),,,"(38, 1, 386, 1)","A=139.0; B=212.0; C=-7.0; 理论B=(A+C)/2=66.0; 估值偏差(实际-理论)=146.0; 比例%=2.0208; 归因=bz2701-bz2702 低估-6.0(整段偏差+146.0的主要来源); 同构=月差2,跨注销1,同构; 最小腿OI=8; 盘口空隙=348跳/4.817%",DCE.SP bz2701&bz2703,,,"组共9段, 仅取紧邻三元组"
2026-08-12 15:27:35,价差递延,butterfly,L,l2609-l2612-l2703,"做多蝶式(买后段卖前段,结构应后段>前段)",0.020105,False,低流动性(钓鱼),False,back(-96.9元/月),0.0,,,"前段=355.0; 后段=198.0; 蝶值(后-前)=-157.0; 结构基准E=1; 同构性=非同构(none/far),结构性不等式违背,|蝶值|为保守错价下限; 最小腿OI=249; 盘口空隙=258跳/3.304%",,,,泛化蝶式 月差3+3
2026-08-12 15:27:35,同构价差对比,kink,M,m2611-m2701 | m2701-m2703 | m2703-m2705,做多B段(B低于插值),0.020051,True,,True,back(-31.5元/月),83.3,,"(57, 132, 58, 5)","A=-9.0; B=57.5; C=250.0; 理论B=(A+C)/2=120.5; 估值偏差(实际-理论)=-63.0; 比例%=2.0051; 归因=B即相邻月段; 同构=月差2,跨注销0,非同构(near/far/near,结构有利,插值为保守下限); 最小腿OI=323010; 盘口空隙=1跳/0.032%",DCE.SP m2701&m2703,,,"组共5段, 仅取紧邻三元组"
2026-08-12 15:27:35,折角修复,kink,LC,lc2609-lc2611 | lc2701-lc2703 | lc2705-lc2707,做空B段(实际高于理论),0.019791,False,低流动性(钓鱼),False,back(-242.5元/月),66.7,,"(920, 1, 5080, 10)",A=540.0; B=3000.0; C=-460.0; 理论B=(A+C)/2=40.0; 价差(理论-实际)=-2960.0; 主力价=149560; 比例%=1.9791; 同构性=同构; 最小腿OI=0; 盘口空隙=208跳/2.781%,,,,月差2 同构
2026-08-12 15:27:35,折角修复,kink,FG,FG612-FG702 | FG702-FG704 | FG704-FG706,做多B段(实际低于理论),0.019647,False,低流动性(钓鱼),False,contango(+18.0元/月),83.3,,"(-45, 2, -42, 1)",A=-31.5; B=-43.5; C=-21.0; 理论B=(A+C)/2=-26.25; 价差(理论-实际)=17.25; 主力价=878; 比例%=1.9647; 同构性=同构; 最小腿OI=2003; 盘口空隙=3跳/0.342%,CZCE.SPD FG702&FG704,,,月差2 同构
2026-08-12 15:27:35,同构价差对比,kink,FG,FG612-FG702 | FG702-FG704 | FG704-FG706,做多B段(B低于插值),0.019647,False,低流动性(钓鱼),False,contango(+18.0元/月),83.3,,"(-45, 2, -42, 1)","A=-31.5; B=-43.5; C=-21.0; 理论B=(A+C)/2=-26.25; 估值偏差(实际-理论)=-17.25; 比例%=1.9647; 归因=FG703-FG704 低估-14.2(整段偏差-17.2的主要来源); 同构=月差2,跨注销1,同构; 最小腿OI=2003; 盘口空隙=3跳/0.342%",CZCE.SPD FG702&FG704,,,"组共4段, 仅取紧邻三元组"
2026-08-12 15:27:35,折角修复,kink,SH,SH609-SH611 | SH701-SH703 | SH705-SH707,做多B段(实际低于理论),0.019443,True,,False,contango(+16.2元/月),0.0,,"(-56, 3, -55, 29)",A=-13.0; B=-55.5; C=-24.0; 理论B=(A+C)/2=-18.5; 价差(理论-实际)=37.0; 主力价=1903; 比例%=1.9443; 同构性=同构; 最小腿OI=434; 盘口空隙=1跳/0.053%,CZCE.SPD SH701&SH703,,,月差2 同构
2026-08-12 15:27:35,价差递延,butterfly,P,p2608-p2609-p2610,做空蝶式(卖后段买前段),0.019411,False,低流动性(钓鱼),False,contango(+67.9元/月),100.0,,,(后段-前段)/绝对价=0.019411; 前段=-225.0; 后段=-47.0; 注销状态=both; 最小腿OI=538; 盘口空隙=352跳/3.632%,,,,
2026-08-12 15:27:35,价差递延,butterfly,WR,wr2704-wr2705-wr2706,做多蝶式(买后段卖前段),0.019327,False,低流动性(钓鱼),False,contango(+8.8元/月),66.7,,,(后段-前段)/绝对价=-0.019327; 前段=24.5; 后段=-41.0; 注销状态=both; 最小腿OI=0; 盘口空隙=491跳/14.942%,,,,
2026-08-12 15:27:35,同构价差对比,kink,PP,pp2609-pp2612 | pp2612-pp2703 | pp2703-pp2706,做多B段(B低于插值),0.019268,False,低流动性(钓鱼),True,back(-180.4元/月),0.0,,"(184, 1, 300, 2)","A=722.5; B=242.0; C=83.5; 理论B=(A+C)/2=403.0; 估值偏差(实际-理论)=-161.0; 比例%=1.9268; 归因=pp2612-pp2701 低估-136.0(整段偏差-161.0的主要来源); 同构=月差3,跨注销0,非同构(none/far/near,结构有利,插值为保守下限); 最小腿OI=184; 盘口空隙=116跳/1.388%",,,,"组共6段, 仅取紧邻三元组"
2026-08-12 15:27:35,价差递延,butterfly,EG,eg2611-eg2701-eg2703,"做多蝶式(买后段卖前段,结构应后段>前段)",0.019043,False,低流动性(钓鱼),False,back(-130.1元/月),0.0,,,"前段=136.0; 后段=50.0; 蝶值(后-前)=-86.0; 结构基准E=1; 同构性=非同构(none/far),结构性不等式违背,|蝶值|为保守错价下限; 最小腿OI=373; 盘口空隙=16跳/0.326%",,,,泛化蝶式 月差2+2
2026-08-12 15:27:35,折角修复,kink,BU,bu2612-bu2701 | bu2703-bu2704 | bu2706-bu2707,做多B段(实际低于理论),0.019032,False,低流动性(钓鱼),True,back(-140.5元/月),0.0,,"(-38, 3, 31, 1)",A=123.0; B=-3.5; C=28.0; 理论B=(A+C)/2=75.5; 价差(理论-实际)=79.0; 主力价=4151; 比例%=1.9032; 同构性=同构; 最小腿OI=8; 盘口空隙=69跳/1.662%,,,,月差1 同构
2026-08-12 15:27:35,价差递延,butterfly,PF,PF610-PF702-PF706,"做多蝶式(买后段卖前段,结构应后段>前段)",0.019001,False,低流动性(钓鱼),False,back(-57.8元/月),0.0,,,"前段=192.0; 后段=52.0; 蝶值(后-前)=-140.0; 结构基准E=1; 同构性=非同构(none/far),结构性不等式违背,|蝶值|为保守错价下限; 最小腿OI=14; 盘口空隙=32跳/0.869%",,,,泛化蝶式 月差4+4
2026-08-12 15:27:35,折角修复,kink,WR,wr2703-wr2704 | wr2704-wr2705 | wr2705-wr2706,做空B段(实际高于理论),0.018944,False,低流动性(钓鱼),False,contango(+8.8元/月),66.7,,"(-95, 1, 144, 1)",A=-34.5; B=24.5; C=-41.0; 理论B=(A+C)/2=-37.75; 价差(理论-实际)=-62.25; 主力价=3286; 比例%=1.8944; 同构性=同构; 最小腿OI=0; 盘口空隙=239跳/7.273%,,,,月差1 同构
2026-08-12 15:27:35,同构价差对比,kink,WR,wr2703-wr2704 | wr2704-wr2705 | wr2705-wr2706,做空B段(B高于插值),0.018944,False,低流动性(钓鱼),False,contango(+8.8元/月),66.7,,"(-95, 1, 144, 1)","A=-34.5; B=24.5; C=-41.0; 理论B=(A+C)/2=-37.75; 估值偏差(实际-理论)=62.25; 比例%=1.8944; 归因=B即相邻月段; 同构=月差1,跨注销0,同构; 最小腿OI=0; 盘口空隙=239跳/7.273%",,,,"组共10段, 仅取紧邻三元组"
2026-08-12 15:27:35,同构价差对比,kink,SP,sp2611-sp2701 | sp2701-sp2703 | sp2703-sp2705,做空B段(B高于插值),0.018941,False,低流动性(钓鱼),False,contango(+55.1元/月),83.3,,"(-52, 1, -24, 1)","A=-247.0; B=-38.0; C=-5.0; 理论B=(A+C)/2=-126.0; 估值偏差(实际-理论)=88.0; 比例%=1.8941; 归因=sp2702-sp2703 高估+85.5(整段偏差+88.0的主要来源); 同构=月差2,跨注销1,同构; 最小腿OI=2503; 盘口空隙=14跳/0.603%",,,,"组共9段, 仅取紧邻三元组"
2026-08-12 15:27:35,折角修复,kink,LU,lu2703-lu2704 | lu2704-lu2705 | lu2705-lu2706,做多B段(实际低于理论),0.018912,False,低流动性(钓鱼),True,back(-161.9元/月),16.7,,"(-123, 1, 44, 1)",A=57.5; B=-39.5; C=41.5; 理论B=(A+C)/2=49.5; 价差(理论-实际)=89.0; 主力价=4706; 比例%=1.8912; 同构性=同构; 最小腿OI=20; 盘口空隙=167跳/3.549%,,,,月差1 同构
2026-08-12 15:27:35,同构价差对比,kink,LU,lu2703-lu2704 | lu2704-lu2705 | lu2705-lu2706,做多B段(B低于插值),0.018912,False,低流动性(钓鱼),True,back(-161.9元/月),16.7,,"(-123, 1, 44, 1)","A=57.5; B=-39.5; C=41.5; 理论B=(A+C)/2=49.5; 估值偏差(实际-理论)=-89.0; 比例%=1.8912; 归因=B即相邻月段; 同构=月差1,跨注销0,同构; 最小腿OI=20; 盘口空隙=167跳/3.549%",,,,"组共11段, 仅取紧邻三元组"
2026-08-12 15:27:35,价差递延,butterfly,B,b2702-b2703-b2704,做空蝶式(卖后段买前段),0.01877,True,,False,back(-14.2元/月),50.0,,,(后段-前段)/绝对价=0.01877; 前段=51.5; 后段=123.5; 注销状态=both; 最小腿OI=636; 盘口空隙=6跳/0.156%,,,,
2026-08-12 15:27:35,折角修复,kink,OP,op2608-op2609 | op2701-op2702 | op2706-op2707,做空B段(实际高于理论),0.018557,False,低流动性(钓鱼),False,contango(+6.4元/月),,,"(-52, 2, 66, 1)",A=-97.0; B=7.0; C=-33.0; 理论B=(A+C)/2=-65.0; 价差(理论-实际)=-72.0; 主力价=3880; 比例%=1.8557; 同构性=同构; 最小腿OI=0; 盘口空隙=59跳/3.041%,,,,月差1 同构
2026-08-12 15:27:35,折角修复,kink,LC,lc2608-lc2609 | lc2701-lc2702 | lc2706-lc2707,做空B段(实际高于理论),0.018554,False,低流动性(钓鱼),False,back(-242.5元/月),66.7,,"(240, 1, 3180, 10)","A=-380.0; B=1710.0; C=-1750.0; 理论B=(A+C)/2=-1065.0; 价差(理论-实际)=-2775.0; 主力价=149560; 比例%=1.8554; 同构性=非同构(none/none/far,结构有利,插值为保守下限); 最小腿OI=0; 盘口空隙=147跳/1.966%",,,,月差1 非同构-结构有利
2026-08-12 15:27:35,折角修复,kink,BU,bu2612-bu2701 | bu2702-bu2703 | bu2704-bu2705,做多B段(实际低于理论),0.01849,False,低流动性(钓鱼),True,back(-140.5元/月),0.0,,"(-25, 1, 2, 1)",A=123.0; B=-11.5; C=7.5; 理论B=(A+C)/2=65.25; 价差(理论-实际)=76.75; 主力价=4151; 比例%=1.849; 同构性=同构; 最小腿OI=205; 盘口空隙=27跳/0.650%,,,,月差1 同构
2026-08-12 15:27:35,折角修复,kink,LU,lu2702-lu2703 | lu2704-lu2705 | lu2706-lu2707,做多B段(实际低于理论),0.018434,False,低流动性(钓鱼),True,back(-161.9元/月),16.7,,"(-123, 1, 44, 1)",A=75.5; B=-39.5; C=19.0; 理论B=(A+C)/2=47.25; 价差(理论-实际)=86.75; 主力价=4706; 比例%=1.8434; 同构性=同构; 最小腿OI=17; 盘口空隙=167跳/3.549%,,,,月差1 同构
2026-08-12 15:27:35,同构价差对比,kink,SP,sp2610-sp2611 | sp2611-sp2612 | sp2612-sp2701,做空B段(B高于插值),0.018188,True,,False,contango(+55.1元/月),83.3,,"(-30, 4, -22, 3)","A=0.0; B=-26.0; C=-221.0; 理论B=(A+C)/2=-110.5; 估值偏差(实际-理论)=84.5; 比例%=1.8188; 归因=B即相邻月段; 同构=月差1,跨注销0,同构; 最小腿OI=440; 盘口空隙=4跳/0.172%",,,,"组共10段, 仅取紧邻三元组"
2026-08-12 15:27:35,折角修复,kink,JD,jd2609-jd2611 | jd2611-jd2701 | jd2701-jd2703,做多B段(实际低于理论),0.018179,True,,False,back(-111.5元/月),0.0,,"(261, 1, 267, 1)",A=272.5; B=264.0; C=396.5; 理论B=(A+C)/2=334.5; 价差(理论-实际)=70.5; 主力价=3878; 比例%=1.8179; 同构性=同构; 最小腿OI=13587; 盘口空隙=6跳/0.155%,DCE.SP jd2611&jd2701,,,月差2 同构
2026-08-12 15:27:35,同构价差对比,kink,JD,jd2609-jd2611 | jd2611-jd2701 | jd2701-jd2703,做多B段(B低于插值),0.018179,True,,False,back(-111.5元/月),0.0,,"(261, 1, 267, 1)","A=272.5; B=264.0; C=396.5; 理论B=(A+C)/2=334.5; 估值偏差(实际-理论)=-70.5; 比例%=1.8179; 归因=jd2611-jd2612 低估-289.2(整段偏差-70.5的主要来源); 同构=月差2,跨注销1,同构; 最小腿OI=13587; 盘口空隙=6跳/0.155%",DCE.SP jd2611&jd2701,,,"组共9段, 仅取紧邻三元组"
2026-08-12 15:27:35,价差递延,butterfly,B,b2704-b2705-b2706,做多蝶式(买后段卖前段),0.018145,True,,False,back(-14.2元/月),50.0,,,(后段-前段)/绝对价=-0.018145; 前段=84.5; 后段=18.0; 注销状态=both; 最小腿OI=636; 盘口空隙=5跳/0.130%,,,,
2026-08-12 15:27:35,折角修复,kink,SC,sc2612-sc2704 | sc2704-sc2708 | sc2708-sc2712,做空B段(实际高于理论),0.017796,False,低流动性(钓鱼),False,back(-4.1元/月),28.6,,"(1.9, 1, 26.7, 1)",A=8.15; B=14.299999999999999; C=0.8000000000000007; 理论B=(A+C)/2=4.48; 价差(理论-实际)=-9.82; 主力价=552.1; 比例%=1.7796; 同构性=同构; 最小腿OI=1; 盘口空隙=248跳/4.492%,,,,月差4 同构
2026-08-12 15:27:35,同构价差对比,kink,SC,sc2612-sc2704 | sc2704-sc2708 | sc2708-sc2712,做空B段(B高于插值),0.017796,False,低流动性(钓鱼),False,back(-4.1元/月),28.6,,"(1.9, 1, 26.7, 1)","A=8.15; B=14.299999999999999; C=0.8000000000000007; 理论B=(A+C)/2=4.48; 估值偏差(实际-理论)=9.82; 比例%=1.7796; 归因=不可细分(子段缺盘口或三段月份表不齐); 同构=月差4,跨注销0,同构; 最小腿OI=1; 盘口空隙=248跳/4.492%",,,,"组共10段, 仅取紧邻三元组"
2026-08-12 15:27:35,价差递延,butterfly,WR,wr2703-wr2704-wr2705,做空蝶式(卖后段买前段),0.017612,False,低流动性(钓鱼),False,contango(+8.8元/月),66.7,,,(后段-前段)/绝对价=0.017612; 前段=-34.5; 后段=24.5; 注销状态=both; 最小腿OI=0; 盘口空隙=366跳/11.138%,,,,
2026-08-12 15:27:35,折角修复,kink,FG,FG701-FG703 | FG703-FG705 | FG705-FG707,做多B段(实际低于理论),0.017369,True,,False,contango(+18.0元/月),83.3,,"(-42, 33, -41, 158)",A=-34.5; B=-41.5; C=-18.0; 理论B=(A+C)/2=-26.25; 价差(理论-实际)=15.25; 主力价=878; 比例%=1.7369; 同构性=同构; 最小腿OI=1738; 盘口空隙=1跳/0.114%,CZCE.SPD FG703&FG705,,,月差2 同构
2026-08-12 15:27:35,同构价差对比,kink,FG,FG701-FG703 | FG703-FG705 | FG705-FG707,做多B段(B低于插值),0.017369,True,,False,contango(+18.0元/月),83.3,,"(-42, 33, -41, 158)","A=-34.5; B=-41.5; C=-18.0; 理论B=(A+C)/2=-26.25; 估值偏差(实际-理论)=-15.25; 比例%=1.7369; 归因=FG703-FG704 低估-14.2(整段偏差-15.2的主要来源); 同构=月差2,跨注销0,同构; 最小腿OI=1738; 盘口空隙=1跳/0.114%",CZCE.SPD FG703&FG705,,,"组共5段, 仅取紧邻三元组"
2026-08-12 15:27:35,折角修复,kink,BU,bu2609-bu2610 | bu2611-bu2612 | bu2701-bu2702,做空B段(实际高于理论),0.017285,True,,False,back(-140.5元/月),0.0,,"(166, 2, 169, 4)","A=165.0; B=167.5; C=26.5; 理论B=(A+C)/2=95.75; 价差(理论-实际)=-71.75; 主力价=4151; 比例%=1.7285; 同构性=非同构(far/none/none,结构有利,插值为保守下限); 最小腿OI=1589; 盘口空隙=3跳/0.072%",,,,月差1 非同构-结构有利
2026-08-12 15:27:35,折角修复,kink,PS,ps2612-ps2701 | ps2701-ps2702 | ps2702-ps2703,做空B段(实际高于理论),0.016951,False,低流动性(钓鱼),False,contango(+789.4元/月),,,"(-405, 5, 1135, 5)",A=-17.5; B=365.0; C=-552.5; 理论B=(A+C)/2=-285.0; 价差(理论-实际)=-650.0; 主力价=38345; 比例%=1.6951; 同构性=同构; 最小腿OI=175; 盘口空隙=308跳/4.016%,,,,月差1 同构
2026-08-12 15:27:35,同构价差对比,kink,PS,ps2612-ps2701 | ps2701-ps2702 | ps2702-ps2703,做空B段(B高于插值),0.016951,False,低流动性(钓鱼),False,contango(+789.4元/月),,,"(-405, 5, 1135, 5)","A=-17.5; B=365.0; C=-552.5; 理论B=(A+C)/2=-285.0; 估值偏差(实际-理论)=650.0; 比例%=1.6951; 归因=B即相邻月段; 同构=月差1,跨注销0,同构; 最小腿OI=175; 盘口空隙=308跳/4.016%",,,,"组共10段, 仅取紧邻三元组"
2026-08-12 15:27:35,折角修复,kink,JD,jd2611-jd2612 | jd2702-jd2703 | jd2705-jd2706,做多B段(实际低于理论),0.016761,True,,False,back(-111.5元/月),0.0,,"(13, 2, 16, 2)",A=24.0; B=14.5; C=135.0; 理论B=(A+C)/2=79.5; 价差(理论-实际)=65.0; 主力价=3878; 比例%=1.6761; 同构性=同构; 最小腿OI=10161; 盘口空隙=3跳/0.077%,DCE.SP jd2702&jd2703,,,月差1 同构
2026-08-12 15:27:35,价差递延,butterfly,IM,IM2608-IM2609-IM2612,做空蝶式(卖后段买前段),0.016713,True,,False,back(-68.0元/月),0.0,,,"(后段-前段)/绝对价=0.016713; 前段=75.9; 后段=205.5; 注销状态=none; 最小腿OI=63896; 盘口空隙=40跳/0.104%; 分红季=跨8-9月,价差含分红贴现(偏大属正常)",,,,
2026-08-12 15:27:35,折角修复,kink,WR,wr2704-wr2705 | wr2705-wr2706 | wr2706-wr2707,做多B段(实际低于理论),0.016586,False,低流动性(钓鱼),False,contango(+8.8元/月),66.7,,"(-167, 1, 85, 1)",A=24.5; B=-41.0; C=2.5; 理论B=(A+C)/2=13.5; 价差(理论-实际)=54.5; 主力价=3286; 比例%=1.6586; 同构性=同构; 最小腿OI=0; 盘口空隙=252跳/7.669%,,,,月差1 同构
2026-08-12 15:27:35,同构价差对比,kink,WR,wr2704-wr2705 | wr2705-wr2706 | wr2706-wr2707,做多B段(B低于插值),0.016586,False,低流动性(钓鱼),False,contango(+8.8元/月),66.7,,"(-167, 1, 85, 1)","A=24.5; B=-41.0; C=2.5; 理论B=(A+C)/2=13.5; 估值偏差(实际-理论)=-54.5; 比例%=1.6586; 归因=B即相邻月段; 同构=月差1,跨注销0,同构; 最小腿OI=0; 盘口空隙=252跳/7.669%",,,,"组共10段, 仅取紧邻三元组"
2026-08-12 15:27:35,价差递延,butterfly,LH,lh2609-lh2611-lh2701,做空蝶式(卖后段买前段),0.016571,True,,False,contango(+189.4元/月),100.0,,,(后段-前段)/绝对价=0.016571; 前段=-720.0; 后段=-532.5; 注销状态=both; 最小腿OI=71736; 盘口空隙=5跳/0.208%,,,,
2026-08-12 15:27:35,折角修复,kink,WR,wr2702-wr2703 | wr2703-wr2704 | wr2704-wr2705,做多B段(实际低于理论),0.016509,False,低流动性(钓鱼),False,contango(+8.8元/月),66.7,,"(-98, 1, 29, 2)",A=15.0; B=-34.5; C=24.5; 理论B=(A+C)/2=19.75; 价差(理论-实际)=54.25; 主力价=3286; 比例%=1.6509; 同构性=同构; 最小腿OI=0; 盘口空隙=127跳/3.865%,,,,月差1 同构
2026-08-12 15:27:35,同构价差对比,kink,WR,wr2702-wr2703 | wr2703-wr2704 | wr2704-wr2705,做多B段(B低于插值),0.016509,False,低流动性(钓鱼),False,contango(+8.8元/月),66.7,,"(-98, 1, 29, 2)","A=15.0; B=-34.5; C=24.5; 理论B=(A+C)/2=19.75; 估值偏差(实际-理论)=-54.25; 比例%=1.6509; 归因=B即相邻月段; 同构=月差1,跨注销0,同构; 最小腿OI=0; 盘口空隙=127跳/3.865%",,,,"组共10段, 仅取紧邻三元组"
2026-08-12 15:27:35,价差递延,butterfly,PP,pp2609-pp2610-pp2611,做多蝶式(买后段卖前段),0.016395,True,,False,back(-180.4元/月),0.0,,,(后段-前段)/绝对价=-0.016395; 前段=364.0; 后段=227.0; 注销状态=none; 最小腿OI=115830; 盘口空隙=6跳/0.072%,,,,
2026-08-12 15:27:35,折角修复,kink,FG,FG701-FG702 | FG703-FG704 | FG705-FG706,做多B段(实际低于理论),0.01623,True,,False,contango(+18.0元/月),83.3,,"(-46, 259, -44, 111)",A=-36.5; B=-45.0; C=-25.0; 理论B=(A+C)/2=-30.75; 价差(理论-实际)=14.25; 主力价=878; 比例%=1.623; 同构性=同构; 最小腿OI=2003; 盘口空隙=2跳/0.228%,CZCE.SPD FG703&FG704,,,月差1 同构
2026-08-12 15:27:35,价差递延,butterfly,CJ,CJ701-CJ703-CJ705,做多蝶式(买后段卖前段),0.016226,True,,False,contango(+32.1元/月),16.7,,,(后段-前段)/绝对价=-0.016226; 前段=7.5; 后段=-127.5; 注销状态=none; 最小腿OI=14204; 盘口空隙=2跳/0.120%,,,,
2026-08-12 15:27:35,价差递延,butterfly,FU,fu2609-fu2610-fu2611,做多蝶式(买后段卖前段),0.016223,True,,False,back(-97.8元/月),0.0,,,(后段-前段)/绝对价=-0.016223; 前段=158.0; 后段=97.0; 注销状态=none; 最小腿OI=49349; 盘口空隙=8跳/0.228%,,,,
2026-08-12 15:27:35,折角修复,kink,NR,nr2609-nr2612 | nr2612-nr2703 | nr2703-nr2706,做空B段(实际高于理论),0.016186,False,低流动性(钓鱼),False,contango(+68.5元/月),50.0,,"(-55, 1, 185, 1)",A=-302.5; B=65.0; C=-50.0; 理论B=(A+C)/2=-176.25; 价差(理论-实际)=-241.25; 主力价=14905; 比例%=1.6186; 同构性=同构; 最小腿OI=13; 盘口空隙=48跳/1.610%,,,,月差3 同构
2026-08-12 15:27:35,同构价差对比,kink,NR,nr2609-nr2612 | nr2612-nr2703 | nr2703-nr2706,做空B段(B高于插值),0.016186,False,低流动性(钓鱼),False,contango(+68.5元/月),50.0,,"(-55, 1, 185, 1)","A=-302.5; B=65.0; C=-50.0; 理论B=(A+C)/2=-176.25; 估值偏差(实际-理论)=241.25; 比例%=1.6186; 归因=nr2701-nr2702 高估+133.8(整段偏差+241.2的主要来源); 同构=月差3,跨注销2,同构; 最小腿OI=13; 盘口空隙=48跳/1.610%",,,,"组共8段, 仅取紧邻三元组"
2026-08-12 15:27:35,折角修复,kink,NR,nr2609-nr2611 | nr2612-nr2702 | nr2703-nr2705,做空B段(实际高于理论),0.016018,False,低流动性(钓鱼),False,contango(+68.5元/月),50.0,,"(0, 2, 145, 1)",A=-267.5; B=72.5; C=-65.0; 理论B=(A+C)/2=-166.25; 价差(理论-实际)=-238.75; 主力价=14905; 比例%=1.6018; 同构性=同构; 最小腿OI=13; 盘口空隙=29跳/0.973%,,,,月差2 同构
2026-08-12 15:27:35,折角修复,kink,CS,cs2609-cs2611 | cs2701-cs2703 | cs2705-cs2707,做多B段(实际低于理论),0.016017,True,,True,分歧(-1.0元/月),66.7,,"(-5, 212, -4, 3)",A=75.5; B=-4.5; C=-4.0; 理论B=(A+C)/2=35.75; 价差(理论-实际)=40.25; 主力价=2513; 比例%=1.6017; 同构性=同构; 最小腿OI=103; 盘口空隙=1跳/0.040%,DCE.SP cs2701&cs2703,,,月差2 同构
2026-08-12 15:27:35,折角修复,kink,BZ,bz2609-bz2611 | bz2611-bz2701 | bz2701-bz2703,做多B段(实际低于理论),0.015986,True,,False,back(-118.2元/月),,,"(136, 1, 142, 1)",A=297.0; B=139.0; C=212.0; 理论B=(A+C)/2=254.5; 价差(理论-实际)=115.5; 主力价=7225; 比例%=1.5986; 同构性=同构; 最小腿OI=28; 盘口空隙=6跳/0.083%,DCE.SP bz2611&bz2701,,,月差2 同构
2026-08-12 15:27:35,同构价差对比,kink,BZ,bz2609-bz2611 | bz2611-bz2701 | bz2701-bz2703,做多B段(B低于插值),0.015986,True,,False,back(-118.2元/月),,,"(136, 1, 142, 1)","A=297.0; B=139.0; C=212.0; 理论B=(A+C)/2=254.5; 估值偏差(实际-理论)=-115.5; 比例%=1.5986; 归因=bz2612-bz2701 低估-28.5(整段偏差-115.5的主要来源); 同构=月差2,跨注销1,同构; 最小腿OI=28; 盘口空隙=6跳/0.083%",DCE.SP bz2611&bz2701,,,"组共9段, 仅取紧邻三元组"
2026-08-12 15:27:35,折角修复,kink,B,b2610-b2611 | b2702-b2703 | b2706-b2707,做空B段(实际高于理论),0.015852,True,,False,back(-14.2元/月),50.0,,"(49, 6, 54, 4)",A=-17.0; B=51.5; C=-2.0; 理论B=(A+C)/2=-9.5; 价差(理论-实际)=-61.0; 主力价=3848; 比例%=1.5852; 同构性=同构; 最小腿OI=679; 盘口空隙=5跳/0.130%,DCE.SP b2702&b2703,,,月差1 同构
2026-08-12 15:27:35,折角修复,kink,LC,lc2704-lc2705 | lc2705-lc2706 | lc2706-lc2707,做空B段(实际高于理论),0.015579,False,低流动性(钓鱼),False,back(-242.5元/月),66.7,,"(-3620, 10, 6200, 5)","A=-330.0; B=1290.0; C=-1750.0; 理论B=(A+C)/2=-1040.0; 价差(理论-实际)=-2330.0; 主力价=149560; 比例%=1.5579; 同构性=非同构(none/none/far,结构有利,插值为保守下限); 最小腿OI=0; 盘口空隙=491跳/6.566%",,,,月差1 非同构-结构有利
2026-08-12 15:27:35,同构价差对比,kink,LC,lc2704-lc2705 | lc2705-lc2706 | lc2706-lc2707,做空B段(B高于插值),0.015579,False,低流动性(钓鱼),False,back(-242.5元/月),66.7,,"(-3620, 10, 6200, 5)","A=-330.0; B=1290.0; C=-1750.0; 理论B=(A+C)/2=-1040.0; 估值偏差(实际-理论)=2330.0; 比例%=1.5579; 归因=B即相邻月段; 同构=月差1,跨注销0,非同构(none/none/far,结构有利,插值为保守下限); 最小腿OI=0; 盘口空隙=491跳/6.566%",,,,"组共10段, 仅取紧邻三元组"
2026-08-12 15:27:35,折角修复,kink,B,b2702-b2703 | b2704-b2705 | b2706-b2707,做空B段(实际高于理论),0.015528,True,,False,back(-14.2元/月),50.0,,"(83, 17, 86, 7)",A=51.5; B=84.5; C=-2.0; 理论B=(A+C)/2=24.75; 价差(理论-实际)=-59.75; 主力价=3848; 比例%=1.5528; 同构性=同构; 最小腿OI=636; 盘口空隙=3跳/0.078%,DCE.SP b2704&b2705,,,月差1 同构
2026-08-12 15:27:35,折角修复,kink,BU,bu2608-bu2609 | bu2610-bu2611 | bu2612-bu2701,做空B段(实际高于理论),0.015418,True,,False,back(-140.5元/月),0.0,,"(187, 4, 189, 1)","A=125.0; B=188.0; C=123.0; 理论B=(A+C)/2=124.0; 价差(理论-实际)=-64.0; 主力价=4151; 比例%=1.5418; 同构性=非同构(none/near/none,结构有利,插值为保守下限); 最小腿OI=1131; 盘口空隙=2跳/0.048%",,,,月差1 非同构-结构有利
2026-08-12 15:27:35,价差递延,butterfly,EG,eg2609-eg2610-eg2611,做多蝶式(买后段卖前段),0.015281,True,,False,back(-130.1元/月),0.0,,,(后段-前段)/绝对价=-0.015281; 前段=234.0; 后段=159.0; 注销状态=none; 最小腿OI=81240; 盘口空隙=4跳/0.081%,,,,
2026-08-12 15:27:35,折角修复,kink,LU,lu2702-lu2704 | lu2704-lu2706 | lu2706-lu2708,做多B段(实际低于理论),0.01514,False,低流动性(钓鱼),True,back(-161.9元/月),16.7,,"(-94, 1, 98, 1)",A=133.0; B=2.0; C=13.5; 理论B=(A+C)/2=73.25; 价差(理论-实际)=71.25; 主力价=4706; 比例%=1.514; 同构性=同构; 最小腿OI=13; 盘口空隙=192跳/4.080%,,,,月差2 同构
2026-08-12 15:27:35,同构价差对比,kink,LU,lu2702-lu2704 | lu2704-lu2706 | lu2706-lu2708,做多B段(B低于插值),0.01514,False,低流动性(钓鱼),True,back(-161.9元/月),16.7,,"(-94, 1, 98, 1)","A=133.0; B=2.0; C=13.5; 理论B=(A+C)/2=73.25; 估值偏差(实际-理论)=-71.25; 比例%=1.514; 归因=lu2704-lu2705 低估-86.8(整段偏差-71.2的主要来源); 同构=月差2,跨注销0,同构; 最小腿OI=13; 盘口空隙=192跳/4.080%",,,,"组共9段, 仅取紧邻三元组"
2026-08-12 15:27:35,同构价差对比,kink,LU,lu2609-lu2612 | lu2612-lu2703 | lu2703-lu2706,做空B段(B高于插值),0.01514,False,低流动性(钓鱼),False,back(-161.9元/月),16.7,,"(264, 1, 432, 1)","A=494.0; B=348.0; C=59.5; 理论B=(A+C)/2=276.75; 估值偏差(实际-理论)=71.25; 比例%=1.514; 归因=lu2612-lu2701 高估+50.8(整段偏差+71.2的主要来源); 同构=月差3,跨注销0,非同构(far/near/none,结构有利,插值为保守下限); 最小腿OI=26; 盘口空隙=168跳/3.570%",,,,"组共7段, 仅取紧邻三元组"
2026-08-12 15:27:35,价差递延,butterfly,EG,eg2610-eg2611-eg2612,做多蝶式(买后段卖前段),0.01497,True,,False,back(-130.1元/月),0.0,,,(后段-前段)/绝对价=-0.01497; 前段=159.0; 后段=89.0; 注销状态=none; 最小腿OI=51969; 盘口空隙=4跳/0.081%,,,,
2026-08-12 15:27:35,价差递延,butterfly,WR,wr2702-wr2703-wr2704,做多蝶式(买后段卖前段),0.014955,False,低流动性(钓鱼),False,contango(+8.8元/月),66.7,,,(后段-前段)/绝对价=-0.014955; 前段=15.0; 后段=-34.5; 注销状态=both; 最小腿OI=0; 盘口空隙=309跳/9.404%,,,,
2026-08-12 15:27:35,折角修复,kink,WR,wr2701-wr2702 | wr2702-wr2703 | wr2703-wr2704,做空B段(实际高于理论),0.01476,False,低流动性(钓鱼),False,contango(+8.8元/月),66.7,,"(-76, 2, 106, 1)",A=-32.5; B=15.0; C=-34.5; 理论B=(A+C)/2=-33.5; 价差(理论-实际)=-48.5; 主力价=3286; 比例%=1.476; 同构性=同构; 最小腿OI=0; 盘口空隙=182跳/5.539%,,,,月差1 同构
2026-08-12 15:27:35,同构价差对比,kink,WR,wr2701-wr2702 | wr2702-wr2703 | wr2703-wr2704,做空B段(B高于插值),0.01476,False,低流动性(钓鱼),False,contango(+8.8元/月),66.7,,"(-76, 2, 106, 1)","A=-32.5; B=15.0; C=-34.5; 理论B=(A+C)/2=-33.5; 估值偏差(实际-理论)=48.5; 比例%=1.476; 归因=B即相邻月段; 同构=月差1,跨注销0,同构; 最小腿OI=0; 盘口空隙=182跳/5.539%",,,,"组共10段, 仅取紧邻三元组"
2026-08-12 15:27:35,折角修复,kink,SH,SH612-SH702 | SH702-SH704 | SH704-SH706,做多B段(实际低于理论),0.014714,True,,False,contango(+16.2元/月),0.0,,"(-64, 1, -61, 1)",A=-43.5; B=-62.5; C=-25.5; 理论B=(A+C)/2=-34.5; 价差(理论-实际)=28.0; 主力价=1903; 比例%=1.4714; 同构性=同构; 最小腿OI=860; 盘口空隙=3跳/0.158%,CZCE.SPD SH702&SH704,,,月差2 同构
2026-08-12 15:27:35,同构价差对比,kink,SH,SH612-SH702 | SH702-SH704 | SH704-SH706,做多B段(B低于插值),0.014714,True,,False,contango(+16.2元/月),0.0,,"(-64, 1, -61, 1)","A=-43.5; B=-62.5; C=-25.5; 理论B=(A+C)/2=-34.5; 估值偏差(实际-理论)=-28.0; 比例%=1.4714; 归因=SH703-SH704 低估-15.0(整段偏差-28.0的主要来源); 同构=月差2,跨注销1,同构; 最小腿OI=860; 盘口空隙=3跳/0.158%",CZCE.SPD SH702&SH704,,,"组共4段, 仅取紧邻三元组"
2026-08-12 15:27:35,折角修复,kink,RB,rb2608-rb2610 | rb2610-rb2612 | rb2612-rb2702,做空B段(实际高于理论),0.014701,False,低流动性(钓鱼),False,contango(+10.4元/月),66.7,,"(-29, 1, -13, 1)",A=-107.5; B=-21.0; C=-23.0; 理论B=(A+C)/2=-65.25; 价差(理论-实际)=-44.25; 主力价=3010; 比例%=1.4701; 同构性=同构; 最小腿OI=240; 盘口空隙=16跳/0.532%,,,,月差2 同构
2026-08-12 15:27:35,价差递延,butterfly,TA,TA609-TA701-TA705,"做多蝶式(买后段卖前段,结构应后段>前段)",0.014573,True,,False,back(-42.3元/月),16.7,,,"前段=173.0; 后段=89.0; 蝶值(后-前)=-84.0; 结构基准E=1; 同构性=非同构(near/none),结构性不等式违背,|蝶值|为保守错价下限; 最小腿OI=35181; 盘口空隙=4跳/0.139%",,,,泛化蝶式 月差4+4
2026-08-12 15:27:35,折角修复,kink,NR,nr2610-nr2612 | nr2612-nr2702 | nr2702-nr2704,做空B段(实际高于理论),0.014425,False,低流动性(钓鱼),False,contango(+68.5元/月),50.0,,"(0, 2, 145, 1)",A=-237.5; B=72.5; C=-47.5; 理论B=(A+C)/2=-142.5; 价差(理论-实际)=-215.0; 主力价=14905; 比例%=1.4425; 同构性=同构; 最小腿OI=13; 盘口空隙=29跳/0.973%,,,,月差2 同构
2026-08-12 15:27:35,同构价差对比,kink,NR,nr2610-nr2612 | nr2612-nr2702 | nr2702-nr2704,做空B段(B高于插值),0.014425,False,低流动性(钓鱼),False,contango(+68.5元/月),50.0,,"(0, 2, 145, 1)","A=-237.5; B=72.5; C=-47.5; 理论B=(A+C)/2=-142.5; 估值偏差(实际-理论)=215.0; 比例%=1.4425; 归因=nr2612-nr2701 高估+157.5(整段偏差+215.0的主要来源); 同构=月差2,跨注销1,同构; 最小腿OI=13; 盘口空隙=29跳/0.973%",,,,"组共9段, 仅取紧邻三元组"
2026-08-12 15:27:35,折角修复,kink,B,b2702-b2703 | b2703-b2704 | b2704-b2705,做空B段(实际高于理论),0.014423,True,,False,back(-14.2元/月),50.0,,"(123, 1, 124, 1)",A=51.5; B=123.5; C=84.5; 理论B=(A+C)/2=68.0; 价差(理论-实际)=-55.5; 主力价=3848; 比例%=1.4423; 同构性=同构; 最小腿OI=636; 盘口空隙=1跳/0.026%,DCE.SP b2703&b2704,,,月差1 同构
2026-08-12 15:27:35,同构价差对比,kink,B,b2702-b2703 | b2703-b2704 | b2704-b2705,做空B段(B高于插值),0.014423,True,,False,back(-14.2元/月),50.0,,"(123, 1, 124, 1)","A=51.5; B=123.5; C=84.5; 理论B=(A+C)/2=68.0; 估值偏差(实际-理论)=55.5; 比例%=1.4423; 归因=B即相邻月段; 同构=月差1,跨注销0,同构; 最小腿OI=636; 盘口空隙=1跳/0.026%",DCE.SP b2703&b2704,,,"组共10段, 仅取紧邻三元组"
2026-08-12 15:27:35,折角修复,kink,PP,pp2608-pp2609 | pp2609-pp2610 | pp2610-pp2611,做空B段(实际高于理论),0.014421,True,,False,back(-180.4元/月),0.0,,"(362, 15, 366, 14)",A=260.0; B=364.0; C=227.0; 理论B=(A+C)/2=243.5; 价差(理论-实际)=-120.5; 主力价=8356; 比例%=1.4421; 同构性=同构; 最小腿OI=5014; 盘口空隙=4跳/0.048%,DCE.SP pp2609&pp2610,,,月差1 同构
2026-08-12 15:27:35,价差递延,butterfly,WR,wr2701-wr2702-wr2703,做空蝶式(卖后段买前段),0.014359,False,低流动性(钓鱼),False,contango(+8.8元/月),66.7,,,(后段-前段)/绝对价=0.014359; 前段=-32.5; 后段=15.0; 注销状态=both; 最小腿OI=1; 盘口空隙=397跳/12.082%,,,,
2026-08-12 15:27:35,折角修复,kink,B,b2611-b2612 | b2702-b2703 | b2705-b2706,做空B段(实际高于理论),0.014358,True,,False,back(-14.2元/月),50.0,,"(49, 6, 54, 4)",A=-25.5; B=51.5; C=18.0; 理论B=(A+C)/2=-3.75; 价差(理论-实际)=-55.25; 主力价=3848; 比例%=1.4358; 同构性=同构; 最小腿OI=679; 盘口空隙=5跳/0.130%,DCE.SP b2702&b2703,,,月差1 同构
2026-08-12 15:27:35,折角修复,kink,SC,sc2610-sc2701 | sc2701-sc2704 | sc2704-sc2707,做多B段(实际低于理论),0.014218,False,低流动性(钓鱼),True,back(-4.1元/月),28.6,,"(-0.4, 2, 9.8, 1)",A=14.25; B=4.7; C=10.85; 理论B=(A+C)/2=12.55; 价差(理论-实际)=7.85; 主力价=552.1; 比例%=1.4218; 同构性=同构; 最小腿OI=6; 盘口空隙=102跳/1.847%,,,,月差3 同构
2026-08-12 15:27:35,同构价差对比,kink,SC,sc2610-sc2701 | sc2701-sc2704 | sc2704-sc2707,做多B段(B低于插值),0.014218,False,低流动性(钓鱼),True,back(-4.1元/月),28.6,,"(-0.4, 2, 9.8, 1)","A=14.25; B=4.7; C=10.85; 理论B=(A+C)/2=12.55; 估值偏差(实际-理论)=-7.85; 比例%=1.4218; 归因=sc2703-sc2704 低估-5.6(整段偏差-7.9的主要来源); 同构=月差3,跨注销0,同构; 最小腿OI=6; 盘口空隙=102跳/1.847%",,,,"组共11段, 仅取紧邻三元组"
2026-08-12 15:27:35,折角修复,kink,RB,rb2608-rb2609 | rb2610-rb2611 | rb2612-rb2701,做空B段(实际高于理论),0.014203,True,,False,contango(+10.4元/月),66.7,,"(-8, 25, -5, 33)",A=-86.5; B=-6.5; C=-12.0; 理论B=(A+C)/2=-49.25; 价差(理论-实际)=-42.75; 主力价=3010; 比例%=1.4203; 同构性=同构; 最小腿OI=240; 盘口空隙=3跳/0.100%,,,,月差1 同构
2026-08-12 15:27:35,折角修复,kink,LC,lc2608-lc2611 | lc2612-lc2703 | lc2704-lc2707,做空B段(实际高于理论),0.014108,False,低流动性(钓鱼),False,back(-242.5元/月),66.7,,"(600, 4, 5460, 10)",A=2630.0; B=3030.0; C=-790.0; 理论B=(A+C)/2=920.0; 价差(理论-实际)=-2110.0; 主力价=149560; 比例%=1.4108; 同构性=同构; 最小腿OI=0; 盘口空隙=243跳/3.250%,,,,月差3 同构
2026-08-12 15:27:35,折角修复,kink,CF,CF609-CF611 | CF701-CF703 | CF705-CF707,做空B段(实际高于理论),0.013976,True,,False,contango(+89.5元/月),83.3,,"(120, 325, 125, 367)","A=-282.5; B=122.5; C=57.5; 理论B=(A+C)/2=-112.5; 价差(理论-实际)=-235.0; 主力价=16815; 比例%=1.3976; 同构性=非同构(far/none/none,结构有利,插值为保守下限); 最小腿OI=158; 盘口空隙=1跳/0.030%",CZCE.SPD CF701&CF703,,,月差2 非同构-结构有利
2026-08-12 15:27:35,价差递延,butterfly,IC,IC2608-IC2609-IC2612,做空蝶式(卖后段买前段),0.013621,True,,False,back(-61.0元/月),0.0,,,"(后段-前段)/绝对价=0.013621; 前段=72.6; 后段=181.4; 注销状态=none; 最小腿OI=39772; 盘口空隙=18跳/0.045%; 分红季=跨8-9月,价差含分红贴现(偏大属正常)",,,,
2026-08-12 15:27:35,折角修复,kink,SC,sc2609-sc2612 | sc2701-sc2704 | sc2705-sc2708,做多B段(实际低于理论),0.013539,False,低流动性(钓鱼),True,back(-4.1元/月),28.6,,"(-0.4, 2, 9.8, 1)",A=14.899999999999999; B=4.7; C=9.45; 理论B=(A+C)/2=12.17; 价差(理论-实际)=7.47; 主力价=552.1; 比例%=1.3539; 同构性=同构; 最小腿OI=1; 盘口空隙=102跳/1.847%,,,,月差3 同构
2026-08-12 15:27:35,价差递延,butterfly,L,l2609-l2610-l2611,做多蝶式(买后段卖前段),0.01351,True,,False,back(-96.9元/月),0.0,,,(后段-前段)/绝对价=-0.01351; 前段=195.0; 后段=89.5; 注销状态=none; 最小腿OI=104962; 盘口空隙=7跳/0.090%,,,,
2026-08-12 15:27:35,折角修复,kink,LC,lc2610-lc2611 | lc2702-lc2703 | lc2706-lc2707,做空B段(实际高于理论),0.013506,False,低流动性(钓鱼),False,back(-242.5元/月),66.7,,"(-2200, 10, 4780, 1)",A=290.0; B=1290.0; C=-1750.0; 理论B=(A+C)/2=-730.0; 价差(理论-实际)=-2020.0; 主力价=149560; 比例%=1.3506; 同构性=同构; 最小腿OI=0; 盘口空隙=349跳/4.667%,,,,月差1 同构
2026-08-12 15:27:35,折角修复,kink,WR,wr2610-wr2611 | wr2701-wr2702 | wr2704-wr2705,做多B段(实际低于理论),0.013314,False,低流动性(钓鱼),False,contango(+8.8元/月),66.7,,"(-140, 2, 75, 2)",A=-2.0; B=-32.5; C=24.5; 理论B=(A+C)/2=11.25; 价差(理论-实际)=43.75; 主力价=3286; 比例%=1.3314; 同构性=同构; 最小腿OI=0; 盘口空隙=215跳/6.543%,,,,月差1 同构
2026-08-12 15:27:35,价差递延,butterfly,OI,OI609-OI611-OI701,做空蝶式(卖后段买前段),0.013231,True,,False,back(-48.1元/月),50.0,,,(后段-前段)/绝对价=0.013231; 前段=23.5; 后段=157.5; 注销状态=none; 最小腿OI=152255; 盘口空隙=2跳/0.020%,,,,
2026-08-12 15:27:35,折角修复,kink,WR,wr2611-wr2612 | wr2702-wr2703 | wr2705-wr2706,做空B段(实际高于理论),0.013162,False,低流动性(钓鱼),False,contango(+8.8元/月),66.7,,"(-76, 2, 106, 1)",A=-15.5; B=15.0; C=-41.0; 理论B=(A+C)/2=-28.25; 价差(理论-实际)=-43.25; 主力价=3286; 比例%=1.3162; 同构性=同构; 最小腿OI=0; 盘口空隙=182跳/5.539%,,,,月差1 同构
2026-08-12 15:27:35,价差递延,butterfly,FB,fb2610-fb2611-fb2612,做空蝶式(卖后段买前段),0.013054,False,低流动性(钓鱼),False,分歧(-6.6元/月),40.0,,,(后段-前段)/绝对价=0.013054; 前段=-2.25; 后段=14.25; 注销状态=none; 最小腿OI=6331; 盘口空隙=38跳/1.501%,,,,
2026-08-12 15:27:35,价差递延,butterfly,Y,y2701-y2703-y2705,"做空蝶式(卖后段买前段,结构应后段<前段)",0.01303,True,,False,back(-25.6元/月),66.7,,,"前段=47.0; 后段=157.0; 蝶值(后-前)=110.0; 结构基准E=-2; 同构性=非同构(far/near),结构性不等式违背,|蝶值|为保守错价下限; 最小腿OI=81900; 盘口空隙=4跳/0.047%",,,,泛化蝶式 月差2+2
2026-08-12 15:27:35,价差递延,butterfly,WR,wr2705-wr2706-wr2707,做空蝶式(卖后段买前段),0.013012,False,低流动性(钓鱼),False,contango(+8.8元/月),66.7,,,(后段-前段)/绝对价=0.013012; 前段=-41.0; 后段=2.5; 注销状态=both; 最小腿OI=0; 盘口空隙=451跳/13.725%,,,,
2026-08-12 15:27:35,折角修复,kink,WR,wr2612-wr2701 | wr2701-wr2702 | wr2702-wr2703,做多B段(实际低于理论),0.012934,False,低流动性(钓鱼),False,contango(+8.8元/月),66.7,,"(-140, 2, 75, 2)",A=5.0; B=-32.5; C=15.0; 理论B=(A+C)/2=10.0; 价差(理论-实际)=42.5; 主力价=3286; 比例%=1.2934; 同构性=同构; 最小腿OI=1; 盘口空隙=215跳/6.543%,,,,月差1 同构
2026-08-12 15:27:35,同构价差对比,kink,WR,wr2612-wr2701 | wr2701-wr2702 | wr2702-wr2703,做多B段(B低于插值),0.012934,False,低流动性(钓鱼),False,contango(+8.8元/月),66.7,,"(-140, 2, 75, 2)","A=5.0; B=-32.5; C=15.0; 理论B=(A+C)/2=10.0; 估值偏差(实际-理论)=-42.5; 比例%=1.2934; 归因=B即相邻月段; 同构=月差1,跨注销0,同构; 最小腿OI=1; 盘口空隙=215跳/6.543%",,,,"组共10段, 仅取紧邻三元组"
2026-08-12 15:27:35,折角修复,kink,RR,rr2609-rr2611 | rr2612-rr2702 | rr2703-rr2705,做多B段(实际低于理论),0.0129,False,低流动性(钓鱼),False,back(-25.9元/月),0.0,,"(-13, 1, -2, 1)",A=68.0; B=-7.5; C=10.5; 理论B=(A+C)/2=39.25; 价差(理论-实际)=46.75; 主力价=3624; 比例%=1.29; 同构性=同构; 最小腿OI=31; 盘口空隙=11跳/0.304%,DCE.SP rr2612&rr2702,,,月差2 同构
2026-08-12 15:27:35,折角修复,kink,Y,y2701-y2703 | y2703-y2705 | y2705-y2707,做空B段(实际高于理论),0.012823,True,,False,back(-25.6元/月),66.7,,"(156, 9, 158, 2)","A=47.0; B=157.0; C=50.5; 理论B=(A+C)/2=48.75; 价差(理论-实际)=-108.25; 主力价=8442; 比例%=1.2823; 同构性=非同构(far/near/far,结构有利,插值为保守下限); 最小腿OI=24339; 盘口空隙=2跳/0.024%",DCE.SP y2703&y2705,,,月差2 非同构-结构有利
2026-08-12 15:27:35,同构价差对比,kink,Y,y2701-y2703 | y2703-y2705 | y2705-y2707,做空B段(B高于插值),0.012823,True,,False,back(-25.6元/月),66.7,,"(156, 9, 158, 2)","A=47.0; B=157.0; C=50.5; 理论B=(A+C)/2=48.75; 估值偏差(实际-理论)=108.25; 比例%=1.2823; 归因=B即相邻月段; 同构=月差2,跨注销0,非同构(far/near/far,结构有利,插值为保守下限); 最小腿OI=24339; 盘口空隙=2跳/0.024%",DCE.SP y2703&y2705,,,"组共5段, 仅取紧邻三元组"
2026-08-12 15:27:35,折角修复,kink,SH,SH610-SH611 | SH702-SH703 | SH706-SH707,做多B段(实际低于理论),0.012743,True,,True,contango(+16.2元/月),0.0,,"(-16, 58, -15, 2)",A=13.5; B=-15.5; C=4.0; 理论B=(A+C)/2=8.75; 价差(理论-实际)=24.25; 主力价=1903; 比例%=1.2743; 同构性=同构; 最小腿OI=434; 盘口空隙=1跳/0.053%,CZCE.SPD SH702&SH703,,,月差1 同构
2026-08-12 15:27:35,价差递延,butterfly,Y,y2703-y2705-y2707,"做多蝶式(买后段卖前段,结构应后段>前段)",0.012682,True,,False,back(-25.6元/月),66.7,,,"前段=157.0; 后段=50.5; 蝶值(后-前)=-106.5; 结构基准E=2; 同构性=非同构(near/far),结构性不等式违背,|蝶值|为保守错价下限; 最小腿OI=24339; 盘口空隙=7跳/0.083%",,,,泛化蝶式 月差2+2
2026-08-12 15:27:35,折角修复,kink,SC,sc2610-sc2612 | sc2702-sc2704 | sc2706-sc2708,做多B段(实际低于理论),0.012634,False,低流动性(钓鱼),True,back(-4.1元/月),28.6,,"(-6.6, 1, 11.0, 1)",A=10.8; B=2.2; C=7.55; 理论B=(A+C)/2=9.18; 价差(理论-实际)=6.98; 主力价=552.1; 比例%=1.2634; 同构性=同构; 最小腿OI=1; 盘口空隙=176跳/3.188%,,,,月差2 同构
2026-08-12 15:27:35,折角修复,kink,RR,rr2610-rr2611 | rr2702-rr2703 | rr2706-rr2707,做多B段(实际低于理论),0.012555,True,,False,back(-25.9元/月),0.0,,"(-18, 1, -10, 1)",A=61.0; B=-14.0; C=2.0; 理论B=(A+C)/2=31.5; 价差(理论-实际)=45.5; 主力价=3624; 比例%=1.2555; 同构性=同构; 最小腿OI=7; 盘口空隙=8跳/0.221%,DCE.SP rr2702&rr2703,,,月差1 同构
2026-08-12 15:27:35,折角修复,kink,OP,op2608-op2609 | op2610-op2611 | op2612-op2701,做空B段(实际高于理论),0.0125,False,低流动性(钓鱼),False,contango(+6.4元/月),,,"(-20, 2, -6, 1)",A=-97.0; B=-13.0; C=-26.0; 理论B=(A+C)/2=-61.5; 价差(理论-实际)=-48.5; 主力价=3880; 比例%=1.25; 同构性=同构; 最小腿OI=12; 盘口空隙=7跳/0.361%,,,,月差1 同构
2026-08-12 15:27:35,价差递延,butterfly,SC,sc2703-sc2704-sc2705,做空蝶式(卖后段买前段),0.012491,False,低流动性(钓鱼),False,back(-4.1元/月),28.6,,,(后段-前段)/绝对价=0.012491; 前段=-1.7999999999999998; 后段=4.85; 注销状态=none; 最小腿OI=63; 盘口空隙=393跳/7.118%,,,,
2026-08-12 15:27:35,折角修复,kink,OP,op2608-op2609 | op2609-op2610 | op2610-op2611,做空B段(实际高于理论),0.012371,False,低流动性(钓鱼),False,contango(+6.4元/月),,,"(-16, 1, 2, 2)",A=-97.0; B=-7.0; C=-13.0; 理论B=(A+C)/2=-55.0; 价差(理论-实际)=-48.0; 主力价=3880; 比例%=1.2371; 同构性=同构; 最小腿OI=40; 盘口空隙=9跳/0.464%,,,,月差1 同构
2026-08-12 15:27:35,同构价差对比,kink,BZ,bz2701-bz2703 | bz2703-bz2705 | bz2705-bz2707,做多B段(B低于插值),0.01218,False,低流动性(钓鱼),False,back(-118.2元/月),,,"(-260, 1, 246, 1)","A=212.0; B=-7.0; C=-50.0; 理论B=(A+C)/2=81.0; 估值偏差(实际-理论)=-88.0; 比例%=1.218; 归因=bz2703-bz2704 低估-24.0(整段偏差-88.0的主要来源); 同构=月差2,跨注销1,同构; 最小腿OI=2; 盘口空隙=506跳/7.003%",,,,"组共9段, 仅取紧邻三元组"
2026-08-12 15:27:35,折角修复,kink,BU,bu2608-bu2609 | bu2701-bu2702 | bu2706-bu2707,做多B段(实际低于理论),0.012045,False,低流动性(钓鱼),True,back(-140.5元/月),0.0,,"(19, 1, 34, 2)",A=125.0; B=26.5; C=28.0; 理论B=(A+C)/2=76.5; 价差(理论-实际)=50.0; 主力价=4151; 比例%=1.2045; 同构性=同构; 最小腿OI=8; 盘口空隙=15跳/0.361%,,,,月差1 同构
2026-08-12 15:27:35,折角修复,kink,RR,rr2610-rr2611 | rr2612-rr2701 | rr2702-rr2703,做多B段(实际低于理论),0.012003,False,低流动性(钓鱼),False,back(-25.9元/月),0.0,,"(-32, 1, -8, 1)",A=61.0; B=-20.0; C=-14.0; 理论B=(A+C)/2=23.5; 价差(理论-实际)=43.5; 主力价=3624; 比例%=1.2003; 同构性=同构; 最小腿OI=48; 盘口空隙=24跳/0.662%,DCE.SP rr2612&rr2701,,,月差1 同构
2026-08-12 15:27:35,折角修复,kink,PS,ps2608-ps2609 | ps2701-ps2702 | ps2706-ps2707,做空B段(实际高于理论),0.011996,False,低流动性(钓鱼),False,contango(+789.4元/月),,,"(-405, 5, 1135, 5)",A=-140.0; B=365.0; C=-50.0; 理论B=(A+C)/2=-95.0; 价差(理论-实际)=-460.0; 主力价=38345; 比例%=1.1996; 同构性=同构; 最小腿OI=5; 盘口空隙=308跳/4.016%,,,,月差1 同构
2026-08-12 15:27:35,价差递延,butterfly,PP,pp2608-pp2609-pp2610,做空蝶式(卖后段买前段),0.011984,False,低流动性(钓鱼),False,back(-180.4元/月),0.0,,,(后段-前段)/绝对价=0.011984; 前段=260.0; 后段=364.0; 注销状态=none; 最小腿OI=5014; 盘口空隙=84跳/1.005%,,,,
2026-08-12 15:27:35,折角修复,kink,SC,sc2701-sc2704 | sc2705-sc2708 | sc2709-sc2712,做空B段(实际高于理论),0.011954,False,低流动性(钓鱼),False,back(-4.1元/月),28.6,,"(-3.6, 1, 22.5, 1)",A=4.7; B=9.45; C=1.0; 理论B=(A+C)/2=2.85; 价差(理论-实际)=-6.6; 主力价=552.1; 比例%=1.1954; 同构性=同构; 最小腿OI=1; 盘口空隙=261跳/4.727%,,,,月差3 同构
2026-08-12 15:27:35,价差递延,butterfly,BZ,bz2608-bz2609-bz2610,做空蝶式(卖后段买前段),0.011853,False,低流动性(钓鱼),False,back(-118.2元/月),,,,(后段-前段)/绝对价=0.011853; 前段=80.0; 后段=167.0; 注销状态=both; 最小腿OI=360; 盘口空隙=104跳/1.439%,,,,
2026-08-12 15:27:35,价差递延,butterfly,AO,ao2608-ao2609-ao2610,做空蝶式(卖后段买前段),0.011842,False,低流动性(钓鱼),False,contango(+14.3元/月),100.0,,,(后段-前段)/绝对价=0.011842; 前段=-29.5; 后段=2.0; 注销状态=both; 最小腿OI=2610; 盘口空隙=53跳/1.955%,,,,
2026-08-12 15:27:35,折角修复,kink,WR,wr2610-wr2701 | wr2701-wr2704 | wr2704-wr2707,做多B段(实际低于理论),0.011792,False,低流动性(钓鱼),False,contango(+8.8元/月),66.7,,"(-132, 2, 28, 2)",A=-12.5; B=-52.0; C=-14.0; 理论B=(A+C)/2=-13.25; 价差(理论-实际)=38.75; 主力价=3286; 比例%=1.1792; 同构性=同构; 最小腿OI=0; 盘口空隙=160跳/4.869%,,,,月差3 同构
2026-08-12 15:27:35,同构价差对比,kink,WR,wr2610-wr2701 | wr2701-wr2704 | wr2704-wr2707,做多B段(B低于插值),0.011792,False,低流动性(钓鱼),False,contango(+8.8元/月),66.7,,"(-132, 2, 28, 2)","A=-12.5; B=-52.0; C=-14.0; 理论B=(A+C)/2=-13.25; 估值偏差(实际-理论)=-38.75; 比例%=1.1792; 归因=wr2701-wr2702 低估-43.8(整段偏差-38.8的主要来源); 同构=月差3,跨注销2,同构; 最小腿OI=0; 盘口空隙=160跳/4.869%",,,,"组共8段, 仅取紧邻三元组"
2026-08-12 15:27:35,价差递延,butterfly,RR,rr2611-rr2612-rr2701,做空蝶式(卖后段买前段),0.011713,False,低流动性(钓鱼),False,back(-25.9元/月),0.0,,,(后段-前段)/绝对价=0.011713; 前段=-61.5; 后段=-20.0; 注销状态=both; 最小腿OI=48; 盘口空隙=77跳/2.125%,,,,
2026-08-12 15:27:35,折角修复,kink,WR,wr2612-wr2701 | wr2703-wr2704 | wr2706-wr2707,做多B段(实际低于理论),0.01164,False,低流动性(钓鱼),False,contango(+8.8元/月),66.7,,"(-98, 1, 29, 2)",A=5.0; B=-34.5; C=2.5; 理论B=(A+C)/2=3.75; 价差(理论-实际)=38.25; 主力价=3286; 比例%=1.164; 同构性=同构; 最小腿OI=0; 盘口空隙=127跳/3.865%,,,,月差1 同构
2026-08-12 15:27:35,价差递延,butterfly,PP,pp2610-pp2611-pp2612,做多蝶式(买后段卖前段),0.011576,True,,False,back(-180.4元/月),0.0,,,(后段-前段)/绝对价=-0.011576; 前段=227.0; 后段=134.5; 注销状态=none; 最小腿OI=76188; 盘口空隙=3跳/0.036%,,,,
2026-08-12 15:27:35,折角修复,kink,LC,lc2610-lc2611 | lc2701-lc2702 | lc2704-lc2705,做空B段(实际高于理论),0.011567,False,低流动性(钓鱼),False,back(-242.5元/月),66.7,,"(240, 1, 3180, 10)","A=290.0; B=1710.0; C=-330.0; 理论B=(A+C)/2=-20.0; 价差(理论-实际)=-1730.0; 主力价=149560; 比例%=1.1567; 同构性=非同构(far/none/none,结构有利,插值为保守下限); 最小腿OI=1256; 盘口空隙=147跳/1.966%",,,,月差1 非同构-结构有利
2026-08-12 15:27:35,折角修复,kink,J,j2609-j2611 | j2612-j2702 | j2703-j2705,做多B段(实际低于理论),0.011542,False,低流动性(钓鱼),True,contango(+12.1元/月),66.7,,"(-32.0, 1, -20.5, 1)","A=-8.0; B=-26.25; C=-0.5; 理论B=(A+C)/2=-4.25; 价差(理论-实际)=22.0; 主力价=1906.0; 比例%=1.1542; 同构性=非同构(none/none/near,结构有利,插值为保守下限); 最小腿OI=45; 盘口空隙=23跳/0.603%",DCE.SP j2612&j2702,,,月差2 非同构-结构有利
2026-08-12 15:27:35,价差递延,butterfly,LU,lu2701-lu2702-lu2703,做多蝶式(买后段卖前段),0.011539,False,低流动性(钓鱼),False,back(-161.9元/月),16.7,,,(后段-前段)/绝对价=-0.011539; 前段=124.0; 后段=75.5; 注销状态=none; 最小腿OI=88; 盘口空隙=267跳/5.674%,,,,
2026-08-12 15:27:35,折角修复,kink,P,p2608-p2609 | p2610-p2611 | p2612-p2701,做空B段(实际高于理论),0.011506,True,,False,contango(+67.9元/月),100.0,,"(-53, 18, -51, 18)",A=-225.0; B=-52.0; C=-102.0; 理论B=(A+C)/2=-163.5; 价差(理论-实际)=-111.5; 主力价=9691; 比例%=1.1506; 同构性=同构; 最小腿OI=538; 盘口空隙=2跳/0.021%,DCE.SP p2610&p2611,,,月差1 同构
2026-08-12 15:27:35,折角修复,kink,P,p2609-p2611 | p2611-p2701 | p2701-p2703,做多B段(实际低于理论),0.01148,True,,False,contango(+67.9元/月),100.0,,"(-215, 41, -212, 20)",A=-98.5; B=-213.5; C=-106.0; 理论B=(A+C)/2=-102.25; 价差(理论-实际)=111.25; 主力价=9691; 比例%=1.148; 同构性=同构; 最小腿OI=2749; 盘口空隙=3跳/0.031%,DCE.SP p2611&p2701,,,月差2 同构
2026-08-12 15:27:35,同构价差对比,kink,P,p2609-p2611 | p2611-p2701 | p2701-p2703,做多B段(B低于插值),0.01148,True,,False,contango(+67.9元/月),100.0,,"(-215, 41, -212, 20)","A=-98.5; B=-213.5; C=-106.0; 理论B=(A+C)/2=-102.25; 估值偏差(实际-理论)=-111.25; 比例%=1.148; 归因=p2611-p2612 低估-60.0(整段偏差-111.2的主要来源); 同构=月差2,跨注销1,同构; 最小腿OI=2749; 盘口空隙=3跳/0.031%",DCE.SP p2611&p2701,,,"组共9段, 仅取紧邻三元组"
2026-08-12 15:27:35,价差递延,butterfly,LU,lu2609-lu2610-lu2611,做空蝶式(卖后段买前段),0.011465,True,,False,back(-161.9元/月),16.7,,,(后段-前段)/绝对价=0.011465; 前段=138.0; 后段=193.5; 注销状态=none; 最小腿OI=18799; 盘口空隙=11跳/0.234%,,,,
2026-08-12 15:27:35,折角修复,kink,RR,rr2611-rr2612 | rr2701-rr2702 | rr2703-rr2704,做空B段(实际高于理论),0.011382,False,低流动性(钓鱼),False,back(-25.9元/月),0.0,,"(3, 1, 23, 1)",A=-61.5; B=13.0; C=5.0; 理论B=(A+C)/2=-28.25; 价差(理论-实际)=-41.25; 主力价=3624; 比例%=1.1382; 同构性=同构; 最小腿OI=18; 盘口空隙=20跳/0.552%,DCE.SP rr2701&rr2702,,,月差1 同构
2026-08-12 15:27:35,价差递延,butterfly,WR,wr2612-wr2701-wr2702,做多蝶式(买后段卖前段),0.011288,False,低流动性(钓鱼),False,contango(+8.8元/月),66.7,,,(后段-前段)/绝对价=-0.011288; 前段=5.0; 后段=-32.5; 注销状态=both; 最小腿OI=1; 盘口空隙=381跳/11.595%,,,,
2026-08-12 15:27:35,折角修复,kink,SC,sc2702-sc2703 | sc2703-sc2704 | sc2704-sc2705,做多B段(实际低于理论),0.011275,False,低流动性(钓鱼),True,back(-4.1元/月),28.6,,"(-11.6, 1, 8.0, 1)",A=4.0; B=-1.7999999999999998; C=4.85; 理论B=(A+C)/2=4.42; 价差(理论-实际)=6.22; 主力价=552.1; 比例%=1.1275; 同构性=同构; 最小腿OI=63; 盘口空隙=196跳/3.550%,,,,月差1 同构
2026-08-12 15:27:35,同构价差对比,kink,SC,sc2702-sc2703 | sc2703-sc2704 | sc2704-sc2705,做多B段(B低于插值),0.011275,False,低流动性(钓鱼),True,back(-4.1元/月),28.6,,"(-11.6, 1, 8.0, 1)","A=4.0; B=-1.7999999999999998; C=4.85; 理论B=(A+C)/2=4.42; 估值偏差(实际-理论)=-6.22; 比例%=1.1275; 归因=B即相邻月段; 同构=月差1,跨注销0,同构; 最小腿OI=63; 盘口空隙=196跳/3.550%",,,,"组共12段, 仅取紧邻三元组"
2026-08-12 15:27:35,价差递延,butterfly,NR,nr2610-nr2611-nr2612,做空蝶式(卖后段买前段),0.011238,False,低流动性(钓鱼),False,contango(+68.5元/月),50.0,,,(后段-前段)/绝对价=0.011238; 前段=-202.5; 后段=-35.0; 注销状态=both; 最小腿OI=17955; 盘口空隙=19跳/0.637%,,,,
2026-08-12 15:27:35,价差递延,butterfly,IF,IF2608-IF2609-IF2612,做空蝶式(卖后段买前段),0.011237,True,,False,back(-27.1元/月),0.0,,,"(后段-前段)/绝对价=0.011237; 前段=31.200000000000003; 后段=83.7; 注销状态=none; 最小腿OI=34656; 盘口空隙=33跳/0.142%; 分红季=跨8-9月,价差含分红贴现(偏大属正常)",,,,
2026-08-12 15:27:35,价差递延,butterfly,BU,bu2611-bu2612-bu2701,做多蝶式(买后段卖前段),0.011232,True,,False,back(-140.5元/月),0.0,,,(后段-前段)/绝对价=-0.011232; 前段=167.5; 后段=123.0; 注销状态=none; 最小腿OI=9071; 盘口空隙=7跳/0.169%,,,,
2026-08-12 15:27:35,价差递延,butterfly,LC,lc2612-lc2701-lc2702,做空蝶式(卖后段买前段),0.011221,False,低流动性(钓鱼),False,back(-242.5元/月),66.7,,,(后段-前段)/绝对价=0.011221; 前段=30.0; 后段=1710.0; 注销状态=none; 最小腿OI=1256; 盘口空隙=188跳/2.514%,,,,
2026-08-12 15:27:35,折角修复,kink,FG,FG610-FG612 | FG612-FG702 | FG702-FG704,做空B段(实际高于理论),0.011105,False,低流动性(钓鱼),False,contango(+18.0元/月),83.3,,"(-33, 1, -30, 1)",A=-39.0; B=-31.5; C=-43.5; 理论B=(A+C)/2=-41.25; 价差(理论-实际)=-9.75; 主力价=878; 比例%=1.1105; 同构性=同构; 最小腿OI=2003; 盘口空隙=3跳/0.342%,CZCE.SPD FG612&FG702,,,月差2 同构
2026-08-12 15:27:35,同构价差对比,kink,FG,FG610-FG612 | FG612-FG702 | FG702-FG704,做空B段(B高于插值),0.011105,False,低流动性(钓鱼),False,contango(+18.0元/月),83.3,,"(-33, 1, -30, 1)","A=-39.0; B=-31.5; C=-43.5; 理论B=(A+C)/2=-41.25; 估值偏差(实际-理论)=9.75; 比例%=1.1105; 归因=FG701-FG702 高估+6.8(整段偏差+9.8的主要来源); 同构=月差2,跨注销1,同构; 最小腿OI=2003; 盘口空隙=3跳/0.342%",CZCE.SPD FG612&FG702,,,"组共4段, 仅取紧邻三元组"
2026-08-12 15:27:35,价差递延,butterfly,LC,lc2704-lc2705-lc2706,做空蝶式(卖后段买前段),0.01109,False,低流动性(钓鱼),False,back(-242.5元/月),66.7,,,(后段-前段)/绝对价=0.01109; 前段=-330.0; 后段=1290.0; 注销状态=none; 最小腿OI=192; 盘口空隙=594跳/7.943%,,,,
2026-08-12 15:27:35,折角修复,kink,LU,lu2704-lu2705 | lu2705-lu2706 | lu2706-lu2707,做空B段(实际高于理论),0.010997,False,低流动性(钓鱼),False,back(-161.9元/月),16.7,,"(-74, 1, 157, 3)",A=-39.5; B=41.5; C=19.0; 理论B=(A+C)/2=-10.25; 价差(理论-实际)=-51.75; 主力价=4706; 比例%=1.0997; 同构性=同构; 最小腿OI=17; 盘口空隙=231跳/4.909%,,,,月差1 同构
2026-08-12 15:27:35,同构价差对比,kink,LU,lu2704-lu2705 | lu2705-lu2706 | lu2706-lu2707,做空B段(B高于插值),0.010997,False,低流动性(钓鱼),False,back(-161.9元/月),16.7,,"(-74, 1, 157, 3)","A=-39.5; B=41.5; C=19.0; 理论B=(A+C)/2=-10.25; 估值偏差(实际-理论)=51.75; 比例%=1.0997; 归因=B即相邻月段; 同构=月差1,跨注销0,同构; 最小腿OI=17; 盘口空隙=231跳/4.909%",,,,"组共11段, 仅取紧邻三元组"
2026-08-12 15:27:35,价差递延,butterfly,SI,si2612-si2701-si2702,做多蝶式(买后段卖前段),0.010864,False,低流动性(钓鱼),False,contango(+72.1元/月),0.0,,,(后段-前段)/绝对价=-0.010864; 前段=35.0; 后段=-62.5; 注销状态=none; 最小腿OI=445; 盘口空隙=25跳/1.447%,,,,
2026-08-12 15:27:35,价差递延,butterfly,SC,sc2702-sc2703-sc2704,做多蝶式(买后段卖前段),0.010833,False,低流动性(钓鱼),False,back(-4.1元/月),28.6,,,(后段-前段)/绝对价=-0.010833; 前段=4.0; 后段=-1.7999999999999998; 注销状态=none; 最小腿OI=63; 盘口空隙=384跳/6.955%,,,,
2026-08-12 15:27:35,折角修复,kink,LU,lu2609-lu2610 | lu2612-lu2701 | lu2703-lu2704,做空B段(实际高于理论),0.010784,False,低流动性(钓鱼),False,back(-161.9元/月),16.7,,"(132, 1, 165, 1)","A=138.0; B=148.5; C=57.5; 理论B=(A+C)/2=97.75; 价差(理论-实际)=-50.75; 主力价=4706; 比例%=1.0784; 同构性=非同构(none/near/none,结构有利,插值为保守下限); 最小腿OI=20; 盘口空隙=33跳/0.701%",,,,月差1 非同构-结构有利
2026-08-12 15:27:35,折角修复,kink,RR,rr2609-rr2611 | rr2701-rr2703 | rr2705-rr2707,做多B段(实际低于理论),0.010762,False,低流动性(钓鱼),False,back(-25.9元/月),0.0,,"(-14, 1, -1, 1)",A=68.0; B=-7.5; C=-5.0; 理论B=(A+C)/2=31.5; 价差(理论-实际)=39.0; 主力价=3624; 比例%=1.0762; 同构性=同构; 最小腿OI=7; 盘口空隙=13跳/0.359%,DCE.SP rr2701&rr2703,,,月差2 同构
2026-08-12 15:27:35,价差递延,butterfly,J,j2612-j2703-j2706,"做空蝶式(卖后段买前段,结构应后段<前段)",0.010699,False,低流动性(钓鱼),False,contango(+12.1元/月),66.7,,,"前段=-22.0; 后段=-1.25; 蝶值(后-前)=20.75; 结构基准E=-2; 同构性=非同构(far/near),结构性不等式违背,|蝶值|为保守错价下限; 最小腿OI=6; 盘口空隙=213跳/5.588%",,,,泛化蝶式 月差3+3
2026-08-12 15:27:35,折角修复,kink,OI,OI609-OI611 | OI611-OI701 | OI701-OI703,做空B段(实际高于理论),0.01064,True,,False,back(-48.1元/月),50.0,,"(157, 4, 158, 9)",A=23.5; B=157.5; C=76.5; 理论B=(A+C)/2=50.0; 价差(理论-实际)=-107.5; 主力价=10103; 比例%=1.064; 同构性=同构; 最小腿OI=38061; 盘口空隙=1跳/0.010%,CZCE.SPD OI611&OI701,,,月差2 同构
2026-08-12 15:27:35,同构价差对比,kink,OI,OI609-OI611 | OI611-OI701 | OI701-OI703,做空B段(B高于插值),0.01064,True,,False,back(-48.1元/月),50.0,,"(157, 4, 158, 9)","A=23.5; B=157.5; C=76.5; 理论B=(A+C)/2=50.0; 估值偏差(实际-理论)=107.5; 比例%=1.064; 归因=B即相邻月段; 同构=月差2,跨注销0,同构; 最小腿OI=38061; 盘口空隙=1跳/0.010%",CZCE.SPD OI611&OI701,,,"组共5段, 仅取紧邻三元组"
2026-08-12 15:27:35,折角修复,kink,NR,nr2610-nr2611 | nr2612-nr2701 | nr2702-nr2703,做空B段(实际高于理论),0.010567,False,低流动性(钓鱼),False,contango(+68.5元/月),50.0,,"(15, 1, 90, 1)",A=-202.5; B=52.5; C=-7.5; 理论B=(A+C)/2=-105.0; 价差(理论-实际)=-157.5; 主力价=14905; 比例%=1.0567; 同构性=同构; 最小腿OI=13; 盘口空隙=15跳/0.503%,,,,月差1 同构
2026-08-12 15:27:35,折角修复,kink,FB,fb2610-fb2611 | fb2611-fb2612 | fb2612-fb2701,做空B段(实际高于理论),0.010367,True,,False,分歧(-6.6元/月),40.0,,"(13.0, 1, 15.5, 1)",A=-2.25; B=14.25; C=4.5; 理论B=(A+C)/2=1.12; 价差(理论-实际)=-13.12; 主力价=1266.0; 比例%=1.0367; 同构性=同构; 最小腿OI=3201; 盘口空隙=5跳/0.197%,DCE.SP fb2611&fb2612,,,月差1 同构
2026-08-12 15:27:35,同构价差对比,kink,FB,fb2610-fb2611 | fb2611-fb2612 | fb2612-fb2701,做空B段(B高于插值),0.010367,True,,False,分歧(-6.6元/月),40.0,,"(13.0, 1, 15.5, 1)","A=-2.25; B=14.25; C=4.5; 理论B=(A+C)/2=1.12; 估值偏差(实际-理论)=13.12; 比例%=1.0367; 归因=B即相邻月段; 同构=月差1,跨注销0,同构; 最小腿OI=3201; 盘口空隙=5跳/0.197%",DCE.SP fb2611&fb2612,,,"组共9段, 仅取紧邻三元组"
2026-08-12 15:27:35,价差递延,butterfly,BU,bu2701-bu2702-bu2703,做多蝶式(买后段卖前段),0.010349,False,低流动性(钓鱼),False,back(-140.5元/月),0.0,,,(后段-前段)/绝对价=-0.010349; 前段=26.5; 后段=-11.5; 注销状态=none; 最小腿OI=916; 盘口空隙=42跳/1.012%,,,,
2026-08-12 15:27:35,折角修复,kink,WR,wr2609-wr2610 | wr2612-wr2701 | wr2703-wr2704,做空B段(实际高于理论),0.010347,False,低流动性(钓鱼),False,contango(+8.8元/月),66.7,,"(-78, 2, 88, 1)",A=-23.5; B=5.0; C=-34.5; 理论B=(A+C)/2=-29.0; 价差(理论-实际)=-34.0; 主力价=3286; 比例%=1.0347; 同构性=同构; 最小腿OI=0; 盘口空隙=166跳/5.052%,,,,月差1 同构
2026-08-12 15:27:35,价差递延,butterfly,B,b2703-b2704-b2705,做多蝶式(买后段卖前段),0.010296,True,,False,back(-14.2元/月),50.0,,,(后段-前段)/绝对价=-0.010296; 前段=123.5; 后段=84.5; 注销状态=both; 最小腿OI=636; 盘口空隙=4跳/0.104%,,,,
2026-08-12 15:27:35,价差递延,butterfly,B,b2611-b2612-b2701,做空蝶式(卖后段买前段),0.010265,True,,False,back(-14.2元/月),50.0,,,(后段-前段)/绝对价=0.010265; 前段=-25.5; 后段=14.0; 注销状态=both; 最小腿OI=18314; 盘口空隙=3跳/0.078%,,,,
2026-08-12 15:27:35,价差递延,butterfly,BU,bu2705-bu2706-bu2707,做空蝶式(卖后段买前段),0.01026,False,低流动性(钓鱼),False,back(-140.5元/月),0.0,,,(后段-前段)/绝对价=0.01026; 前段=-9.5; 后段=28.0; 注销状态=none; 最小腿OI=8; 盘口空隙=55跳/1.325%,,,,
2026-08-12 15:27:35,折角修复,kink,NR,nr2609-nr2610 | nr2610-nr2611 | nr2611-nr2612,做多B段(实际低于理论),0.010231,True,,False,contango(+68.5元/月),50.0,,"(-210, 6, -195, 6)",A=-65.0; B=-202.5; C=-35.0; 理论B=(A+C)/2=-50.0; 价差(理论-实际)=152.5; 主力价=14905; 比例%=1.0231; 同构性=同构; 最小腿OI=9578; 盘口空隙=3跳/0.101%,,,,月差1 同构
2026-08-12 15:27:35,同构价差对比,kink,NR,nr2609-nr2610 | nr2610-nr2611 | nr2611-nr2612,做多B段(B低于插值),0.010231,True,,False,contango(+68.5元/月),50.0,,"(-210, 6, -195, 6)","A=-65.0; B=-202.5; C=-35.0; 理论B=(A+C)/2=-50.0; 估值偏差(实际-理论)=-152.5; 比例%=1.0231; 归因=B即相邻月段; 同构=月差1,跨注销0,同构; 最小腿OI=9578; 盘口空隙=3跳/0.101%",,,,"组共10段, 仅取紧邻三元组"
2026-08-12 15:27:35,折角修复,kink,WR,wr2609-wr2612 | wr2612-wr2703 | wr2703-wr2706,做空B段(实际高于理论),0.010195,False,低流动性(钓鱼),False,contango(+8.8元/月),66.7,,"(-79, 2, 54, 1)",A=-41.0; B=-12.5; C=-51.0; 理论B=(A+C)/2=-46.0; 价差(理论-实际)=-33.5; 主力价=3286; 比例%=1.0195; 同构性=同构; 最小腿OI=0; 盘口空隙=133跳/4.047%,,,,月差3 同构
2026-08-12 15:27:35,同构价差对比,kink,WR,wr2609-wr2612 | wr2612-wr2703 | wr2703-wr2706,做空B段(B高于插值),0.010195,False,低流动性(钓鱼),False,contango(+8.8元/月),66.7,,"(-79, 2, 54, 1)","A=-41.0; B=-12.5; C=-51.0; 理论B=(A+C)/2=-46.0; 估值偏差(实际-理论)=33.5; 比例%=1.0195; 归因=wr2701-wr2702 低估-43.8(整段偏差+33.5的主要来源); 同构=月差3,跨注销2,同构; 最小腿OI=0; 盘口空隙=133跳/4.047%",,,,"组共8段, 仅取紧邻三元组"
2026-08-12 15:27:35,折角修复,kink,AO,ao2608-ao2609 | ao2609-ao2610 | ao2610-ao2611,做空B段(实际高于理论),0.010144,True,,False,contango(+14.3元/月),100.0,,"(0, 14, 4, 7)",A=-29.5; B=2.0; C=-21.5; 理论B=(A+C)/2=-25.5; 价差(理论-实际)=-27.5; 主力价=2711; 比例%=1.0144; 同构性=同构; 最小腿OI=2610; 盘口空隙=4跳/0.148%,,,,月差1 同构
2026-08-12 15:27:35,折角修复,kink,FU,fu2609-fu2610 | fu2610-fu2611 | fu2611-fu2612,做多B段(实际低于理论),0.010128,True,,True,back(-97.8元/月),0.0,,"(95, 36, 99, 6)",A=158.0; B=97.0; C=107.0; 理论B=(A+C)/2=132.5; 价差(理论-实际)=35.5; 主力价=3505; 比例%=1.0128; 同构性=同构; 最小腿OI=42294; 盘口空隙=4跳/0.114%,,,,月差1 同构
2026-08-12 15:27:35,同构价差对比,kink,FU,fu2609-fu2610 | fu2610-fu2611 | fu2611-fu2612,做多B段(B低于插值),0.010128,True,,True,back(-97.8元/月),0.0,,"(95, 36, 99, 6)","A=158.0; B=97.0; C=107.0; 理论B=(A+C)/2=132.5; 估值偏差(实际-理论)=-35.5; 比例%=1.0128; 归因=B即相邻月段; 同构=月差1,跨注销0,同构; 最小腿OI=42294; 盘口空隙=4跳/0.114%",,,,"组共11段, 仅取紧邻三元组"
2026-08-12 15:27:35,同构价差对比,kink,FU,fu2609-fu2612 | fu2612-fu2703 | fu2703-fu2706,做多B段(B低于插值),0.010128,False,低流动性(钓鱼),True,back(-97.8元/月),0.0,,"(182, 1, 196, 1)","A=362.0; B=189.0; C=87.0; 理论B=(A+C)/2=224.5; 估值偏差(实际-理论)=-35.5; 比例%=1.0128; 归因=fu2612-fu2701 低估-19.8(整段偏差-35.5的主要来源); 同构=月差3,跨注销0,同构; 最小腿OI=476; 盘口空隙=14跳/0.399%",,,,"组共9段, 仅取紧邻三元组"
2026-08-12 15:27:35,折角修复,kink,SC,sc2612-sc2701 | sc2703-sc2704 | sc2706-sc2707,做多B段(实际低于理论),0.010098,False,低流动性(钓鱼),True,back(-4.1元/月),28.6,,"(-11.6, 1, 8.0, 1)",A=3.4499999999999997; B=-1.7999999999999998; C=4.1; 理论B=(A+C)/2=3.77; 价差(理论-实际)=5.57; 主力价=552.1; 比例%=1.0098; 同构性=同构; 最小腿OI=6; 盘口空隙=196跳/3.550%,,,,月差1 同构
2026-08-12 15:27:35,折角修复,kink,SC,sc2611-sc2612 | sc2703-sc2704 | sc2707-sc2708,做多B段(实际低于理论),0.010007,False,低流动性(钓鱼),True,back(-4.1元/月),28.6,,"(-11.6, 1, 8.0, 1)",A=4.0; B=-1.7999999999999998; C=3.45; 理论B=(A+C)/2=3.73; 价差(理论-实际)=5.53; 主力价=552.1; 比例%=1.0007; 同构性=同构; 最小腿OI=1; 盘口空隙=196跳/3.550%,,,,月差1 同构
2026-08-12 15:27:35,折角修复,kink,L,l2609-l2610 | l2611-l2612 | l2701-l2702,做多B段(实际低于理论),0.009796,True,,True,back(-96.9元/月),0.0,,"(63, 1, 64, 2)",A=195.0; B=63.5; C=85.0; 理论B=(A+C)/2=140.0; 价差(理论-实际)=76.5; 主力价=7809; 比例%=0.9796; 同构性=同构; 最小腿OI=4477; 盘口空隙=1跳/0.013%,DCE.SP l2611&l2612,,,月差1 同构
2026-08-12 15:27:35,折角修复,kink,OP,op2609-op2611 | op2611-op2701 | op2701-op2703,做多B段(实际低于理论),0.009794,False,低流动性(钓鱼),False,contango(+6.4元/月),,,"(-86, 1, -16, 2)",A=-20.0; B=-51.0; C=-6.0; 理论B=(A+C)/2=-13.0; 价差(理论-实际)=38.0; 主力价=3880; 比例%=0.9794; 同构性=同构; 最小腿OI=1; 盘口空隙=35跳/1.804%,,,,月差2 同构
2026-08-12 15:27:35,同构价差对比,kink,OP,op2609-op2611 | op2611-op2701 | op2701-op2703,做多B段(B低于插值),0.009794,False,低流动性(钓鱼),False,contango(+6.4元/月),,,"(-86, 1, -16, 2)","A=-20.0; B=-51.0; C=-6.0; 理论B=(A+C)/2=-13.0; 估值偏差(实际-理论)=-38.0; 比例%=0.9794; 归因=op2611-op2612 低估-25.0(整段偏差-38.0的主要来源); 同构=月差2,跨注销1,同构; 最小腿OI=1; 盘口空隙=35跳/1.804%",,,,"组共9段, 仅取紧邻三元组"
2026-08-12 15:27:35,折角修复,kink,SC,sc2611-sc2702 | sc2704-sc2707 | sc2709-sc2712,做空B段(实际高于理论),0.009736,False,低流动性(钓鱼),False,back(-4.1元/月),28.6,,"(0.2, 1, 21.5, 1)",A=9.95; B=10.85; C=1.0; 理论B=(A+C)/2=5.47; 价差(理论-实际)=-5.38; 主力价=552.1; 比例%=0.9736; 同构性=同构; 最小腿OI=6; 盘口空隙=213跳/3.858%,,,,月差3 同构
2026-08-12 15:27:35,折角修复,kink,NR,nr2609-nr2611 | nr2611-nr2701 | nr2701-nr2703,做空B段(实际高于理论),0.009728,True,,False,contango(+68.5元/月),50.0,,"(10, 1, 25, 6)",A=-267.5; B=17.5; C=12.5; 理论B=(A+C)/2=-127.5; 价差(理论-实际)=-145.0; 主力价=14905; 比例%=0.9728; 同构性=同构; 最小腿OI=13; 盘口空隙=3跳/0.101%,,,,月差2 同构
2026-08-12 15:27:35,同构价差对比,kink,NR,nr2609-nr2611 | nr2611-nr2701 | nr2701-nr2703,做空B段(B高于插值),0.009728,True,,False,contango(+68.5元/月),50.0,,"(10, 1, 25, 6)","A=-267.5; B=17.5; C=12.5; 理论B=(A+C)/2=-127.5; 估值偏差(实际-理论)=145.0; 比例%=0.9728; 归因=nr2612-nr2701 高估+157.5(整段偏差+145.0的主要来源); 同构=月差2,跨注销1,同构; 最小腿OI=13; 盘口空隙=3跳/0.101%",,,,"组共9段, 仅取紧邻三元组"
2026-08-12 15:27:35,折角修复,kink,J,j2609-j2610 | j2612-j2701 | j2703-j2704,做多B段(实际低于理论),0.009706,True,,True,contango(+12.1元/月),66.7,,"(-21.5, 2, -20.5, 2)","A=1.25; B=-21.0; C=-6.25; 理论B=(A+C)/2=-2.5; 价差(理论-实际)=18.5; 主力价=1906.0; 比例%=0.9706; 同构性=非同构(none/none/near,结构有利,插值为保守下限); 最小腿OI=16; 盘口空隙=2跳/0.052%",DCE.SP j2612&j2701,,,月差1 非同构-结构有利
2026-08-12 15:27:35,同构价差对比,kink,FU,fu2611-fu2702 | fu2702-fu2705 | fu2705-fu2708,做多B段(B低于插值),0.0097,False,低流动性(钓鱼),True,back(-97.8元/月),0.0,,"(114, 1, 125, 1)","A=240.0; B=119.5; C=67.0; 理论B=(A+C)/2=153.5; 估值偏差(实际-理论)=-34.0; 比例%=0.97; 归因=fu2704-fu2705 低估-16.5(整段偏差-34.0的主要来源); 同构=月差3,跨注销0,同构; 最小腿OI=240; 盘口空隙=11跳/0.314%",,,,"组共9段, 仅取紧邻三元组"
2026-08-12 15:27:35,折角修复,kink,BU,bu2701-bu2703 | bu2704-bu2706 | bu2707-bu2709,做多B段(实际低于理论),0.009636,False,低流动性(钓鱼),True,back(-140.5元/月),0.0,,"(-33, 2, 29, 2)",A=15.0; B=-2.0; C=61.0; 理论B=(A+C)/2=38.0; 价差(理论-实际)=40.0; 主力价=4151; 比例%=0.9636; 同构性=同构; 最小腿OI=8; 盘口空隙=62跳/1.494%,,,,月差2 同构
2026-08-12 15:27:35,折角修复,kink,P,p2608-p2609 | p2609-p2610 | p2610-p2611,做空B段(实际高于理论),0.009442,True,,False,contango(+67.9元/月),100.0,,"(-48, 1, -46, 15)",A=-225.0; B=-47.0; C=-52.0; 理论B=(A+C)/2=-138.5; 价差(理论-实际)=-91.5; 主力价=9691; 比例%=0.9442; 同构性=同构; 最小腿OI=538; 盘口空隙=2跳/0.021%,DCE.SP p2609&p2610,,,月差1 同构
2026-08-12 15:27:35,折角修复,kink,SI,si2612-si2701 | si2701-si2702 | si2702-si2703,做多B段(实际低于理论),0.009404,False,低流动性(钓鱼),True,contango(+72.1元/月),0.0,,"(-115, 1, -10, 1)",A=35.0; B=-62.5; C=2.5; 理论B=(A+C)/2=18.75; 价差(理论-实际)=81.25; 主力价=8640; 比例%=0.9404; 同构性=同构; 最小腿OI=250; 盘口空隙=21跳/1.215%,,,,月差1 同构
2026-08-12 15:27:35,同构价差对比,kink,SI,si2612-si2701 | si2701-si2702 | si2702-si2703,做多B段(B低于插值),0.009404,False,低流动性(钓鱼),True,contango(+72.1元/月),0.0,,"(-115, 1, -10, 1)","A=35.0; B=-62.5; C=2.5; 理论B=(A+C)/2=18.75; 估值偏差(实际-理论)=-81.25; 比例%=0.9404; 归因=B即相邻月段; 同构=月差1,跨注销0,同构; 最小腿OI=250; 盘口空隙=21跳/1.215%",,,,"组共10段, 仅取紧邻三元组"
2026-08-12 15:27:35,同构价差对比,kink,EB,eb2610-eb2701 | eb2701-eb2704 | eb2704-eb2707,做多B段(B低于插值),0.009381,False,低流动性(钓鱼),False,back(-111.7元/月),33.3,,"(41, 1, 189, 1)","A=329.0; B=115.0; C=55.0; 理论B=(A+C)/2=192.0; 估值偏差(实际-理论)=-77.0; 比例%=0.9381; 归因=eb2702-eb2703 低估-32.8(整段偏差-77.0的主要来源); 同构=月差3,跨注销2,同构; 最小腿OI=11; 盘口空隙=148跳/1.803%",,,,"组共8段, 仅取紧邻三元组"
2026-08-12 15:27:35,折角修复,kink,BZ,bz2608-bz2609 | bz2610-bz2611 | bz2612-bz2701,做空B段(实际高于理论),0.009377,True,,False,back(-118.2元/月),,,"(130, 15, 134, 1)",A=80.0; B=132.0; C=48.5; 理论B=(A+C)/2=64.25; 价差(理论-实际)=-67.75; 主力价=7225; 比例%=0.9377; 同构性=同构; 最小腿OI=360; 盘口空隙=4跳/0.055%,DCE.SP bz2610&bz2611,,,月差1 同构
2026-08-12 15:27:35,折角修复,kink,SA,SA609-SA611 | SA701-SA703 | SA705-SA707,做多B段(实际低于理论),0.009372,True,,False,contango(+13.4元/月),50.0,,"(-28, 203, -27, 10)",A=-24.5; B=-27.5; C=-12.0; 理论B=(A+C)/2=-18.25; 价差(理论-实际)=9.25; 主力价=987; 比例%=0.9372; 同构性=同构; 最小腿OI=3973; 盘口空隙=1跳/0.101%,CZCE.SPD SA701&SA703,,,月差2 同构
2026-08-12 15:27:35,价差递延,butterfly,OP,op2705-op2706-op2707,做多蝶式(买后段卖前段),0.009343,False,低流动性(钓鱼),False,contango(+6.4元/月),,,,(后段-前段)/绝对价=-0.009343; 前段=4.0; 后段=-33.0; 注销状态=both; 最小腿OI=0; 盘口空隙=189跳/9.742%,,,,
2026-08-12 15:27:35,价差递延,butterfly,EG,eg2611-eg2612-eg2701,做多蝶式(买后段卖前段),0.0093,True,,False,back(-130.1元/月),0.0,,,(后段-前段)/绝对价=-0.0093; 前段=89.0; 后段=47.0; 注销状态=none; 最小腿OI=51969; 盘口空隙=4跳/0.081%,,,,
2026-08-12 15:27:35,价差递延,butterfly,NR,nr2609-nr2610-nr2611,做多蝶式(买后段卖前段),0.009265,True,,False,contango(+68.5元/月),50.0,,,(后段-前段)/绝对价=-0.009265; 前段=-65.0; 后段=-202.5; 注销状态=both; 最小腿OI=9578; 盘口空隙=5跳/0.168%,,,,
2026-08-12 15:27:35,折角修复,kink,SC,sc2610-sc2611 | sc2703-sc2704 | sc2708-sc2709,做多B段(实际低于理论),0.009237,False,低流动性(钓鱼),True,back(-4.1元/月),28.6,,"(-11.6, 1, 8.0, 1)",A=6.8; B=-1.7999999999999998; C=-0.20000000000000018; 理论B=(A+C)/2=3.3; 价差(理论-实际)=5.1; 主力价=552.1; 比例%=0.9237; 同构性=同构; 最小腿OI=1; 盘口空隙=196跳/3.550%,,,,月差1 同构
2026-08-12 15:27:35,价差递延,butterfly,RR,rr2612-rr2701-rr2702,做空蝶式(卖后段买前段),0.009205,False,低流动性(钓鱼),False,back(-25.9元/月),0.0,,,(后段-前段)/绝对价=0.009205; 前段=-20.0; 后段=13.0; 注销状态=both; 最小腿OI=48; 盘口空隙=44跳/1.214%,,,,
2026-08-12 15:27:35,折角修复,kink,LU,lu2609-lu2610 | lu2610-lu2611 | lu2611-lu2612,做空B段(实际高于理论),0.00919,True,,False,back(-161.9元/月),16.7,,"(191, 1, 196, 1)","A=138.0; B=193.5; C=162.5; 理论B=(A+C)/2=150.25; 价差(理论-实际)=-43.25; 主力价=4706; 比例%=0.919; 同构性=非同构(none/none/far,结构有利,插值为保守下限); 最小腿OI=3112; 盘口空隙=5跳/0.106%",,,,月差1 非同构-结构有利
2026-08-12 15:27:35,同构价差对比,kink,LU,lu2609-lu2610 | lu2610-lu2611 | lu2611-lu2612,做空B段(B高于插值),0.00919,True,,False,back(-161.9元/月),16.7,,"(191, 1, 196, 1)","A=138.0; B=193.5; C=162.5; 理论B=(A+C)/2=150.25; 估值偏差(实际-理论)=43.25; 比例%=0.919; 归因=B即相邻月段; 同构=月差1,跨注销0,非同构(none/none/far,结构有利,插值为保守下限); 最小腿OI=3112; 盘口空隙=5跳/0.106%",,,,"组共11段, 仅取紧邻三元组"
2026-08-12 15:27:35,折角修复,kink,NR,nr2610-nr2612 | nr2701-nr2703 | nr2704-nr2706,做空B段(实际高于理论),0.009141,False,低流动性(钓鱼),False,contango(+68.5元/月),50.0,,"(-75, 1, 100, 1)",A=-237.5; B=12.5; C=-10.0; 理论B=(A+C)/2=-123.75; 价差(理论-实际)=-136.25; 主力价=14905; 比例%=0.9141; 同构性=同构; 最小腿OI=13; 盘口空隙=35跳/1.174%,,,,月差2 同构
2026-08-12 15:27:35,价差递延,butterfly,PS,ps2612-ps2701-ps2702,做空蝶式(卖后段买前段),0.009096,False,低流动性(钓鱼),False,contango(+789.4元/月),,,,(后段-前段)/绝对价=0.009096; 前段=-17.5; 后段=365.0; 注销状态=none; 最小腿OI=175; 盘口空隙=419跳/5.464%,,,,
2026-08-12 15:27:35,价差递延,butterfly,BU,bu2706-bu2707-bu2709,做空蝶式(卖后段买前段),0.009021,False,低流动性(钓鱼),False,back(-140.5元/月),0.0,,,(后段-前段)/绝对价=0.009021; 前段=28.0; 后段=61.0; 注销状态=none; 最小腿OI=8; 盘口空隙=70跳/1.686%,,,,
2026-08-12 15:27:35,折角修复,kink,NR,nr2610-nr2611 | nr2701-nr2702 | nr2704-nr2705,做空B段(实际高于理论),0.008973,False,低流动性(钓鱼),False,contango(+68.5元/月),50.0,,"(-20, 2, 60, 1)",A=-202.5; B=20.0; C=-25.0; 理论B=(A+C)/2=-113.75; 价差(理论-实际)=-133.75; 主力价=14905; 比例%=0.8973; 同构性=同构; 最小腿OI=13; 盘口空隙=16跳/0.537%,,,,月差1 同构
2026-08-12 15:27:35,价差递延,butterfly,M,m2609-m2611-m2701,"做空蝶式(卖后段买前段,结构应后段<前段)",0.00888,True,,False,back(-31.5元/月),83.3,,,"前段=-36.5; 后段=-9.0; 蝶值(后-前)=27.5; 结构基准E=-2; 同构性=非同构(far/near),结构性不等式违背,|蝶值|为保守错价下限; 最小腿OI=631860; 盘口空隙=3跳/0.095%",,,,泛化蝶式 月差2+2
2026-08-12 15:27:35,价差递延,butterfly,Y,y2609-y2611-y2701,"做空蝶式(卖后段买前段,结构应后段<前段)",0.008835,True,,False,back(-25.6元/月),66.7,,,"前段=-44.0; 后段=30.5; 蝶值(后-前)=74.5; 结构基准E=-2; 同构性=非同构(far/near),结构性不等式违背,|蝶值|为保守错价下限; 最小腿OI=104918; 盘口空隙=3跳/0.036%",,,,泛化蝶式 月差2+2
2026-08-12 15:27:35,折角修复,kink,JD,jd2702-jd2703 | jd2703-jd2704 | jd2704-jd2705,做多B段(实际低于理论),0.008832,True,,False,back(-111.5元/月),0.0,,"(-56, 3, -52, 1)",A=14.5; B=-54.0; C=-54.0; 理论B=(A+C)/2=-19.75; 价差(理论-实际)=34.25; 主力价=3878; 比例%=0.8832; 同构性=同构; 最小腿OI=4009; 盘口空隙=4跳/0.103%,DCE.SP jd2703&jd2704,,,月差1 同构
2026-08-12 15:27:35,同构价差对比,kink,JD,jd2611-jd2612 | jd2612-jd2701 | jd2701-jd2702,做空B段(B高于插值),0.008832,True,,False,back(-111.5元/月),0.0,,"(238, 22, 241, 1)","A=24.0; B=239.5; C=386.5; 理论B=(A+C)/2=205.25; 估值偏差(实际-理论)=34.25; 比例%=0.8832; 归因=B即相邻月段; 同构=月差1,跨注销0,同构; 最小腿OI=44471; 盘口空隙=3跳/0.077%",DCE.SP jd2612&jd2701,,,"组共10段, 仅取紧邻三元组"
2026-08-12 15:27:35,同构价差对比,kink,JD,jd2702-jd2703 | jd2703-jd2704 | jd2704-jd2705,做多B段(B低于插值),0.008832,True,,False,back(-111.5元/月),0.0,,"(-56, 3, -52, 1)","A=14.5; B=-54.0; C=-54.0; 理论B=(A+C)/2=-19.75; 估值偏差(实际-理论)=-34.25; 比例%=0.8832; 归因=B即相邻月段; 同构=月差1,跨注销0,同构; 最小腿OI=4009; 盘口空隙=4跳/0.103%",DCE.SP jd2703&jd2704,,,"组共10段, 仅取紧邻三元组"
2026-08-12 15:27:35,折角修复,kink,SC,sc2609-sc2611 | sc2702-sc2704 | sc2707-sc2709,做多B段(实际低于理论),0.00883,False,低流动性(钓鱼),True,back(-4.1元/月),28.6,,"(-6.6, 1, 11.0, 1)",A=10.899999999999999; B=2.2; C=3.2499999999999996; 理论B=(A+C)/2=7.07; 价差(理论-实际)=4.87; 主力价=552.1; 比例%=0.883; 同构性=同构; 最小腿OI=6; 盘口空隙=176跳/3.188%,,,,月差2 同构
2026-08-12 15:27:35,折角修复,kink,WR,wr2611-wr2612 | wr2612-wr2701 | wr2701-wr2702,做空B段(实际高于理论),0.008825,False,低流动性(钓鱼),False,contango(+8.8元/月),66.7,,"(-78, 2, 88, 1)",A=-15.5; B=5.0; C=-32.5; 理论B=(A+C)/2=-24.0; 价差(理论-实际)=-29.0; 主力价=3286; 比例%=0.8825; 同构性=同构; 最小腿OI=1; 盘口空隙=166跳/5.052%,,,,月差1 同构
2026-08-12 15:27:35,同构价差对比,kink,WR,wr2611-wr2612 | wr2612-wr2701 | wr2701-wr2702,做空B段(B高于插值),0.008825,False,低流动性(钓鱼),False,contango(+8.8元/月),66.7,,"(-78, 2, 88, 1)","A=-15.5; B=5.0; C=-32.5; 理论B=(A+C)/2=-24.0; 估值偏差(实际-理论)=29.0; 比例%=0.8825; 归因=B即相邻月段; 同构=月差1,跨注销0,同构; 最小腿OI=1; 盘口空隙=166跳/5.052%",,,,"组共10段, 仅取紧邻三元组"
2026-08-12 15:27:35,同构价差对比,kink,SH,SH609-SH611 | SH611-SH701 | SH701-SH703,做多B段(B低于插值),0.008802,True,,False,contango(+16.2元/月),0.0,,"(-52, 168, -50, 73)","A=-13.0; B=-51.0; C=-55.5; 理论B=(A+C)/2=-34.25; 估值偏差(实际-理论)=-16.75; 比例%=0.8802; 归因=SH611-SH612 低估-13.2(整段偏差-16.8的主要来源); 同构=月差2,跨注销0,同构; 最小腿OI=1473; 盘口空隙=2跳/0.105%",CZCE.SPD SH611&SH701,,,"组共5段, 仅取紧邻三元组"
2026-08-12 15:27:35,价差递延,butterfly,J,j2612-j2701-j2702,做空蝶式(卖后段买前段),0.008765,True,,False,contango(+12.1元/月),66.7,,,(后段-前段)/绝对价=0.008765; 前段=-21.0; 后段=-4.0; 注销状态=none; 最小腿OI=577; 盘口空隙=6跳/0.157%,,,,
2026-08-12 15:27:35,价差递延,butterfly,BC,bc2704-bc2705-bc2706,做多蝶式(买后段卖前段),0.008716,False,低流动性(钓鱼),False,back(-159.1元/月),0.0,,,(后段-前段)/绝对价=-0.008716; 前段=410.0; 后段=-420.0; 注销状态=none; 最小腿OI=1; 盘口空隙=906跳/9.382%,,,,
2026-08-12 15:27:35,价差递延,butterfly,PP,pp2611-pp2612-pp2701,做多蝶式(买后段卖前段),0.008695,True,,False,back(-180.4元/月),0.0,,,(后段-前段)/绝对价=-0.008695; 前段=134.5; 后段=67.0; 注销状态=none; 最小腿OI=76188; 盘口空隙=3跳/0.036%,,,,
2026-08-12 15:27:35,折角修复,kink,SC,sc2703-sc2704 | sc2704-sc2705 | sc2705-sc2706,做空B段(实际高于理论),0.008694,False,低流动性(钓鱼),False,back(-4.1元/月),28.6,,"(-5.0, 1, 14.7, 1)",A=-1.7999999999999998; B=4.85; C=1.9; 理论B=(A+C)/2=0.05; 价差(理论-实际)=-4.8; 主力价=552.1; 比例%=0.8694; 同构性=同构; 最小腿OI=63; 盘口空隙=197跳/3.568%,,,,月差1 同构
2026-08-12 15:27:35,同构价差对比,kink,SC,sc2703-sc2704 | sc2704-sc2705 | sc2705-sc2706,做空B段(B高于插值),0.008694,False,低流动性(钓鱼),False,back(-4.1元/月),28.6,,"(-5.0, 1, 14.7, 1)","A=-1.7999999999999998; B=4.85; C=1.9; 理论B=(A+C)/2=0.05; 估值偏差(实际-理论)=4.8; 比例%=0.8694; 归因=B即相邻月段; 同构=月差1,跨注销0,同构; 最小腿OI=63; 盘口空隙=197跳/3.568%",,,,"组共12段, 仅取紧邻三元组"
2026-08-12 15:27:35,价差递延,butterfly,AO,ao2609-ao2610-ao2611,做多蝶式(买后段卖前段),0.008659,True,,False,contango(+14.3元/月),100.0,,,(后段-前段)/绝对价=-0.008659; 前段=2.0; 后段=-21.5; 注销状态=both; 最小腿OI=61588; 盘口空隙=7跳/0.258%,,,,
2026-08-12 15:27:35,同构价差对比,kink,B,b2609-b2611 | b2611-b2701 | b2701-b2703,做多B段(B低于插值),0.008576,True,,False,back(-14.2元/月),50.0,,"(-12, 5, -10, 11)","A=-28.0; B=-11.0; C=72.0; 理论B=(A+C)/2=22.0; 估值偏差(实际-理论)=-33.0; 比例%=0.8576; 归因=b2611-b2612 低估-31.0(整段偏差-33.0的主要来源); 同构=月差2,跨注销1,同构; 最小腿OI=950; 盘口空隙=2跳/0.052%",DCE.SP b2611&b2701,,,"组共9段, 仅取紧邻三元组"
2026-08-12 15:27:35,折角修复,kink,P,p2609-p2611 | p2701-p2703 | p2705-p2707,做多B段(实际低于理论),0.008487,True,,False,contango(+67.9元/月),100.0,,"(-107, 1, -105, 4)",A=-98.5; B=-106.0; C=51.0; 理论B=(A+C)/2=-23.75; 价差(理论-实际)=82.25; 主力价=9691; 比例%=0.8487; 同构性=同构; 最小腿OI=131; 盘口空隙=2跳/0.021%,DCE.SP p2701&p2703,,,月差2 同构
2026-08-12 15:27:35,价差递延,butterfly,CJ,CJ612-CJ701-CJ703,做空蝶式(卖后段买前段),0.008485,True,,False,contango(+32.1元/月),16.7,,,(后段-前段)/绝对价=0.008485; 前段=-62.5; 后段=7.5; 注销状态=none; 最小腿OI=14204; 盘口空隙=2跳/0.120%,,,,
2026-08-12 15:27:35,价差递延,butterfly,OP,op2612-op2701-op2702,做空蝶式(卖后段买前段),0.008457,False,低流动性(钓鱼),False,contango(+6.4元/月),,,,(后段-前段)/绝对价=0.008457; 前段=-26.0; 后段=7.0; 注销状态=both; 最小腿OI=0; 盘口空隙=119跳/6.134%,,,,
2026-08-12 15:27:35,折角修复,kink,BZ,bz2608-bz2609 | bz2609-bz2610 | bz2610-bz2611,做空B段(实际高于理论),0.008443,True,,False,back(-118.2元/月),,,"(165, 2, 169, 1)",A=80.0; B=167.0; C=132.0; 理论B=(A+C)/2=106.0; 价差(理论-实际)=-61.0; 主力价=7225; 比例%=0.8443; 同构性=同构; 最小腿OI=360; 盘口空隙=4跳/0.055%,DCE.SP bz2609&bz2610,,,月差1 同构
2026-08-12 15:27:35,同构价差对比,kink,LU,lu2702-lu2703 | lu2703-lu2704 | lu2704-lu2705,做空B段(B高于插值),0.008394,False,低流动性(钓鱼),False,back(-161.9元/月),16.7,,"(-51, 1, 166, 1)","A=75.5; B=57.5; C=-39.5; 理论B=(A+C)/2=18.0; 估值偏差(实际-理论)=39.5; 比例%=0.8394; 归因=B即相邻月段; 同构=月差1,跨注销0,同构; 最小腿OI=20; 盘口空隙=217跳/4.611%",,,,"组共11段, 仅取紧邻三元组"
2026-08-12 15:27:35,折角修复,kink,BR,br2609-br2611 | br2701-br2703 | br2705-br2707,做空B段(实际高于理论),0.008287,False,低流动性(钓鱼),False,back(-29.9元/月),33.3,,"(0, 1, 145, 1)",A=57.5; B=72.5; C=-135.0; 理论B=(A+C)/2=-38.75; 价差(理论-实际)=-111.25; 主力价=13425; 比例%=0.8287; 同构性=同构; 最小腿OI=10; 盘口空隙=29跳/1.080%,,,,月差2 同构
2026-08-12 15:27:35,折角修复,kink,RR,rr2612-rr2701 | rr2701-rr2702 | rr2702-rr2703,做空B段(实际高于理论),0.008278,False,低流动性(钓鱼),False,back(-25.9元/月),0.0,,"(3, 1, 23, 1)",A=-20.0; B=13.0; C=-14.0; 理论B=(A+C)/2=-17.0; 价差(理论-实际)=-30.0; 主力价=3624; 比例%=0.8278; 同构性=同构; 最小腿OI=48; 盘口空隙=20跳/0.552%,DCE.SP rr2701&rr2702,,,月差1 同构
2026-08-12 15:27:35,同构价差对比,kink,RR,rr2612-rr2701 | rr2701-rr2702 | rr2702-rr2703,做空B段(B高于插值),0.008278,False,低流动性(钓鱼),False,back(-25.9元/月),0.0,,"(3, 1, 23, 1)","A=-20.0; B=13.0; C=-14.0; 理论B=(A+C)/2=-17.0; 估值偏差(实际-理论)=30.0; 比例%=0.8278; 归因=B即相邻月段; 同构=月差1,跨注销0,同构; 最小腿OI=48; 盘口空隙=20跳/0.552%",DCE.SP rr2701&rr2702,,,"组共9段, 仅取紧邻三元组"
2026-08-12 15:27:35,折角修复,kink,HC,hc2608-hc2610 | hc2610-hc2612 | hc2612-hc2702,做空B段(实际高于理论),0.008259,False,低流动性(钓鱼),False,contango(+5.5元/月),83.3,,"(-21, 2, 4, 2)",A=-55.0; B=-8.5; C=-15.5; 理论B=(A+C)/2=-35.25; 价差(理论-实际)=-26.75; 主力价=3239; 比例%=0.8259; 同构性=同构; 最小腿OI=153; 盘口空隙=25跳/0.772%,,,,月差2 同构
2026-08-12 15:27:35,同构价差对比,kink,P,p2609-p2612 | p2612-p2703 | p2703-p2706,做多B段(B低于插值),0.008255,True,,False,contango(+67.9元/月),100.0,,"(-219, 1, -204, 1)","A=-212.0; B=-211.5; C=-51.0; 理论B=(A+C)/2=-131.5; 估值偏差(实际-理论)=-80.0; 比例%=0.8255; 归因=p2612-p2701 低估-55.8(整段偏差-80.0的主要来源); 同构=月差3,跨注销2,同构; 最小腿OI=107; 盘口空隙=15跳/0.155%",,,,"组共8段, 仅取紧邻三元组"
2026-08-12 15:27:35,折角修复,kink,AD,ad2609-ad2611 | ad2611-ad2701 | ad2701-ad2703,做空B段(实际高于理论),0.008247,False,低流动性(钓鱼),False,contango(+60.4元/月),,,"(-50, 1, 225, 1)",A=-132.5; B=87.5; C=-82.5; 理论B=(A+C)/2=-107.5; 价差(理论-实际)=-195.0; 主力价=23645; 比例%=0.8247; 同构性=同构; 最小腿OI=1; 盘口空隙=55跳/1.163%,,,,月差2 同构
2026-08-12 15:27:35,折角修复,kink,OP,op2702-op2703 | op2704-op2705 | op2706-op2707,做空B段(实际高于理论),0.008247,False,低流动性(钓鱼),False,contango(+6.4元/月),,,"(-70, 2, 88, 2)",A=-13.0; B=9.0; C=-33.0; 理论B=(A+C)/2=-23.0; 价差(理论-实际)=-32.0; 主力价=3880; 比例%=0.8247; 同构性=同构; 最小腿OI=0; 盘口空隙=79跳/4.072%,,,,月差1 同构
2026-08-12 15:27:35,折角修复,kink,OP,op2610-op2701 | op2701-op2704 | op2704-op2707,做空B段(实际高于理论),0.008247,False,低流动性(钓鱼),False,contango(+6.4元/月),,,"(-82, 2, 62, 1)",A=-64.0; B=-10.0; C=-20.0; 理论B=(A+C)/2=-42.0; 价差(理论-实际)=-32.0; 主力价=3880; 比例%=0.8247; 同构性=同构; 最小腿OI=0; 盘口空隙=72跳/3.711%,,,,月差3 同构
2026-08-12 15:27:35,折角修复,kink,SI,si2612-si2701 | si2703-si2704 | si2706-si2707,做多B段(实际低于理论),0.008247,False,低流动性(钓鱼),True,contango(+72.1元/月),0.0,,"(-110, 1, -25, 1)",A=35.0; B=-67.5; C=-27.5; 理论B=(A+C)/2=3.75; 价差(理论-实际)=71.25; 主力价=8640; 比例%=0.8247; 同构性=同构; 最小腿OI=46; 盘口空隙=17跳/0.984%,,,,月差1 同构
2026-08-12 15:27:35,同构价差对比,kink,AD,ad2609-ad2611 | ad2611-ad2701 | ad2701-ad2703,做空B段(B高于插值),0.008247,False,低流动性(钓鱼),False,contango(+60.4元/月),,,"(-50, 1, 225, 1)","A=-132.5; B=87.5; C=-82.5; 理论B=(A+C)/2=-107.5; 估值偏差(实际-理论)=195.0; 比例%=0.8247; 归因=ad2612-ad2701 高估+115.0(整段偏差+195.0的主要来源); 同构=月差2,跨注销1,同构; 最小腿OI=1; 盘口空隙=55跳/1.163%",,,,"组共9段, 仅取紧邻三元组"
2026-08-12 15:27:35,同构价差对比,kink,OP,op2610-op2701 | op2701-op2704 | op2704-op2707,做空B段(B高于插值),0.008247,False,低流动性(钓鱼),False,contango(+6.4元/月),,,"(-82, 2, 62, 1)","A=-64.0; B=-10.0; C=-20.0; 理论B=(A+C)/2=-42.0; 估值偏差(实际-理论)=32.0; 比例%=0.8247; 归因=op2703-op2704 高估+25.5(整段偏差+32.0的主要来源); 同构=月差3,跨注销2,同构; 最小腿OI=0; 盘口空隙=72跳/3.711%",,,,"组共8段, 仅取紧邻三元组"
2026-08-12 15:27:35,折角修复,kink,J,j2609-j2610 | j2611-j2612 | j2701-j2702,做多B段(实际低于理论),0.008198,False,低流动性(钓鱼),True,contango(+12.1元/月),66.7,,"(-20.0, 1, -14.0, 2)",A=1.25; B=-17.0; C=-4.0; 理论B=(A+C)/2=-1.38; 价差(理论-实际)=15.62; 主力价=1906.0; 比例%=0.8198; 同构性=同构; 最小腿OI=577; 盘口空隙=12跳/0.315%,DCE.SP j2611&j2612,,,月差1 同构
2026-08-12 15:27:35,折角修复,kink,SC,sc2611-sc2701 | sc2702-sc2704 | sc2705-sc2707,做多B段(实际低于理论),0.008196,False,低流动性(钓鱼),True,back(-4.1元/月),28.6,,"(-6.6, 1, 11.0, 1)",A=7.449999999999999; B=2.2; C=6.0; 理论B=(A+C)/2=6.72; 价差(理论-实际)=4.52; 主力价=552.1; 比例%=0.8196; 同构性=同构; 最小腿OI=6; 盘口空隙=176跳/3.188%,,,,月差2 同构
2026-08-12 15:27:35,同构价差对比,kink,B,b2610-b2612 | b2612-b2702 | b2702-b2704,做多B段(B低于插值),0.008186,True,,False,back(-14.2元/月),50.0,,"(33, 2, 37, 2)","A=-42.0; B=35.0; C=175.0; 理论B=(A+C)/2=66.5; 估值偏差(实际-理论)=-31.5; 比例%=0.8186; 归因=b2701-b2702 低估-27.0(整段偏差-31.5的主要来源); 同构=月差2,跨注销1,同构; 最小腿OI=636; 盘口空隙=4跳/0.104%",DCE.SP b2612&b2702,,,"组共9段, 仅取紧邻三元组"
2026-08-12 15:27:35,价差递延,butterfly,LC,lc2609-lc2702-lc2707,"做多蝶式(买后段卖前段,结构应后段>前段)",0.00815,False,低流动性(钓鱼),False,back(-242.5元/月),66.7,,,"前段=1760.0; 后段=540.0; 蝶值(后-前)=-1220.0; 结构基准E=1; 同构性=非同构(none/far),结构性不等式违背,|蝶值|为保守错价下限; 最小腿OI=0; 盘口空隙=674跳/9.013%",,,,泛化蝶式 月差5+5
2026-08-12 15:27:35,同构价差对比,kink,SF,SF609-SF611 | SF701-SF703 | SF705-SF707,做多B段(B低于插值),0.008103,True,,False,back(-38.9元/月),0.0,,"(-48, 1, -42, 2)","A=77.0; B=-45.0; C=-71.0; 理论B=(A+C)/2=3.0; 估值偏差(实际-理论)=-48.0; 比例%=0.8103; 归因=SF701-SF702 低估-29.5(整段偏差-48.0的主要来源); 同构=月差2,跨注销1,同构; 最小腿OI=34; 盘口空隙=3跳/0.101%",CZCE.SPD SF701&SF703,,,"组共3段, 仅取紧邻三元组"
2026-08-12 15:27:35,折角修复,kink,SI,si2609-si2610 | si2701-si2702 | si2705-si2706,做多B段(实际低于理论),0.008102,False,低流动性(钓鱼),True,contango(+72.1元/月),0.0,,"(-115, 1, -10, 1)",A=2.5; B=-62.5; C=12.5; 理论B=(A+C)/2=7.5; 价差(理论-实际)=70.0; 主力价=8640; 比例%=0.8102; 同构性=同构; 最小腿OI=59; 盘口空隙=21跳/1.215%,,,,月差1 同构
2026-08-12 15:27:35,价差递延,butterfly,MA,MA609-MA611-MA701,"做空蝶式(卖后段买前段,结构应后段<前段)",0.008058,True,,False,back(-19.7元/月),0.0,,,"前段=19.5; 后段=40.5; 蝶值(后-前)=21.0; 结构基准E=-2; 同构性=非同构(far/near),结构性不等式违背,|蝶值|为保守错价下限; 最小腿OI=175545; 盘口空隙=4跳/0.153%",,,,泛化蝶式 月差2+2
2026-08-12 15:27:35,折角修复,kink,B,b2609-b2610 | b2611-b2612 | b2701-b2702,做多B段(实际低于理论),0.008056,True,,False,back(-14.2元/月),50.0,,"(-26, 14, -25, 18)",A=-11.0; B=-25.5; C=22.0; 理论B=(A+C)/2=5.5; 价差(理论-实际)=31.0; 主力价=3848; 比例%=0.8056; 同构性=同构; 最小腿OI=5437; 盘口空隙=1跳/0.026%,DCE.SP b2611&b2612,,,月差1 同构
2026-08-12 15:27:35,价差递延,butterfly,OI,OI611-OI701-OI703,做多蝶式(买后段卖前段),0.008017,True,,False,back(-48.1元/月),50.0,,,(后段-前段)/绝对价=-0.008017; 前段=157.5; 后段=76.5; 注销状态=none; 最小腿OI=38061; 盘口空隙=2跳/0.020%,,,,
2026-08-12 15:27:35,价差递延,butterfly,FU,fu2611-fu2612-fu2701,做多蝶式(买后段卖前段),0.007989,True,,False,back(-97.8元/月),0.0,,,(后段-前段)/绝对价=-0.007989; 前段=107.0; 后段=79.0; 注销状态=none; 最小腿OI=42294; 盘口空隙=8跳/0.228%,,,,
2026-08-12 15:27:35,折角修复,kink,PG,pg2608-pg2609 | pg2701-pg2702 | pg2706-pg2707,做空B段(实际高于理论),0.007984,True,,False,back(-100.9元/月),16.7,,"(139, 2, 142, 1)","A=125.0; B=140.5; C=69.5; 理论B=(A+C)/2=97.25; 价差(理论-实际)=-43.25; 主力价=5417; 比例%=0.7984; 同构性=非同构(far/none/none,结构有利,插值为保守下限); 最小腿OI=11; 盘口空隙=3跳/0.055%",DCE.SP pg2701&pg2702,,,月差1 非同构-结构有利
2026-08-12 15:27:35,同构价差对比,kink,CJ,CJ701-CJ703 | CJ703-CJ705 | CJ705-CJ707,做多B段(B低于插值),0.007963,True,,True,contango(+32.1元/月),16.7,,"(-130, 389, -125, 39)","A=7.5; B=-127.5; C=-130.0; 理论B=(A+C)/2=-61.25; 估值偏差(实际-理论)=-66.25; 比例%=0.7963; 归因=B即相邻月段; 同构=月差2,跨注销0,同构; 最小腿OI=637; 盘口空隙=1跳/0.060%",CZCE.SPD CJ703&CJ705,,,"组共3段, 仅取紧邻三元组"
2026-08-12 15:27:35,折角修复,kink,JM,jm2609-jm2611 | jm2701-jm2703 | jm2705-jm2707,做空B段(实际高于理论),0.007961,True,规则断层: jm2701起交割标准大幅提高，跨2612/2701的结构偏移为正常,False,contango(+28.4元/月),100.0,,"(17.0, 3, 18.5, 1)",A=6.75; B=17.75; C=5.25; 理论B=(A+C)/2=6.0; 价差(理论-实际)=-11.75; 主力价=1476.0; 比例%=0.7961; 同构性=同构; 最小腿OI=50; 盘口空隙=3跳/0.102%,DCE.SP jm2701&jm2703,,,月差2 同构
2026-08-12 15:27:35,价差递延,butterfly,HC,hc2609-hc2610-hc2611,做空蝶式(卖后段买前段),0.007941,False,低流动性(钓鱼),False,contango(+5.5元/月),83.3,,,(后段-前段)/绝对价=0.007941; 前段=-26.5; 后段=-1.0; 注销状态=both; 最小腿OI=13942; 盘口空隙=13跳/0.401%,,,,
2026-08-12 15:27:35,折角修复,kink,SC,sc2703-sc2706 | sc2706-sc2709 | sc2709-sc2712,做空B段(实际高于理论),0.007924,False,低流动性(钓鱼),False,back(-4.1元/月),28.6,,"(-0.9, 1, 15.6, 1)",A=4.95; B=7.35; C=1.0; 理论B=(A+C)/2=2.98; 价差(理论-实际)=-4.38; 主力价=552.1; 比例%=0.7924; 同构性=同构; 最小腿OI=43; 盘口空隙=165跳/2.989%,,,,月差3 同构
2026-08-12 15:27:35,同构价差对比,kink,SC,sc2703-sc2706 | sc2706-sc2709 | sc2709-sc2712,做空B段(B高于插值),0.007924,False,低流动性(钓鱼),False,back(-4.1元/月),28.6,,"(-0.9, 1, 15.6, 1)","A=4.95; B=7.35; C=1.0; 理论B=(A+C)/2=2.98; 估值偏差(实际-理论)=4.38; 比例%=0.7924; 归因=不可细分(子段缺盘口或三段月份表不齐); 同构=月差3,跨注销0,同构; 最小腿OI=43; 盘口空隙=165跳/2.989%",,,,"组共11段, 仅取紧邻三元组"
2026-08-12 15:27:35,折角修复,kink,SH,SH701-SH702 | SH703-SH704 | SH705-SH706,做多B段(实际低于理论),0.007882,True,,False,contango(+16.2元/月),0.0,,"(-48, 4, -47, 2)",A=-39.5; B=-47.5; C=-25.5; 理论B=(A+C)/2=-32.5; 价差(理论-实际)=15.0; 主力价=1903; 比例%=0.7882; 同构性=同构; 最小腿OI=860; 盘口空隙=1跳/0.053%,CZCE.SPD SH703&SH704,,,月差1 同构
2026-08-12 15:27:35,价差递延,butterfly,SP,sp2702-sp2703-sp2704,做空蝶式(卖后段买前段),0.007825,False,低流动性(钓鱼),False,contango(+55.1元/月),83.3,,,(后段-前段)/绝对价=0.007825; 前段=-31.0; 后段=7.0; 注销状态=both; 最小腿OI=54; 盘口空隙=68跳/2.927%,,,,
2026-08-12 15:27:35,折角修复,kink,SI,si2609-si2610 | si2612-si2701 | si2703-si2704,做空B段(实际高于理论),0.007812,True,,False,contango(+72.1元/月),0.0,,"(25, 1, 45, 1)",A=2.5; B=35.0; C=-67.5; 理论B=(A+C)/2=-32.5; 价差(理论-实际)=-67.5; 主力价=8640; 比例%=0.7812; 同构性=同构; 最小腿OI=250; 盘口空隙=4跳/0.231%,,,,月差1 同构
2026-08-12 15:27:35,折角修复,kink,SI,si2701-si2702 | si2702-si2703 | si2703-si2704,做空B段(实际高于理论),0.007812,False,低流动性(钓鱼),False,contango(+72.1元/月),0.0,,"(-55, 1, 60, 1)",A=-62.5; B=2.5; C=-67.5; 理论B=(A+C)/2=-65.0; 价差(理论-实际)=-67.5; 主力价=8640; 比例%=0.7812; 同构性=同构; 最小腿OI=250; 盘口空隙=23跳/1.331%,,,,月差1 同构
2026-08-12 15:27:35,同构价差对比,kink,SI,si2701-si2702 | si2702-si2703 | si2703-si2704,做空B段(B高于插值),0.007812,False,低流动性(钓鱼),False,contango(+72.1元/月),0.0,,"(-55, 1, 60, 1)","A=-62.5; B=2.5; C=-67.5; 理论B=(A+C)/2=-65.0; 估值偏差(实际-理论)=67.5; 比例%=0.7812; 归因=B即相邻月段; 同构=月差1,跨注销0,同构; 最小腿OI=250; 盘口空隙=23跳/1.331%",,,,"组共10段, 仅取紧邻三元组"
2026-08-12 15:27:35,价差递延,butterfly,SI,si2702-si2703-si2704,做多蝶式(买后段卖前段),0.007804,False,低流动性(钓鱼),False,contango(+72.1元/月),0.0,,,(后段-前段)/绝对价=-0.007804; 前段=2.5; 后段=-67.5; 注销状态=none; 最小腿OI=250; 盘口空隙=40跳/2.315%,,,,
2026-08-12 15:27:35,注销后首月溢价,spread,SH,SH702-SH703,做多价差(买注销后首月卖次月),0.007769,True,,True,contango(+16.2元/月),0.0,,"(-16, 58, -15, 2)","注销月=SH701; 价差=-15.5; 期限斜率t=15.45; 注销段=远腿3月=注销月,本段结构性偏高(效应段在下一段); 最小腿OI=1314; 盘口空隙=1跳/0.053%",CZCE.SPD SH702&SH703,,,
2026-08-12 15:27:35,价差递延,butterfly,AP,AP703-AP704-AP705,做空蝶式(卖后段买前段),0.007753,True,,False,back(-78.5元/月),16.7,,,(后段-前段)/绝对价=0.007753; 前段=-64.0; 后段=-5.5; 注销状态=both; 最小腿OI=167; 盘口空隙=11跳/0.141%,,,,
2026-08-12 15:27:35,价差递延,butterfly,FB,fb2611-fb2612-fb2701,做多蝶式(买后段卖前段),0.007701,False,低流动性(钓鱼),False,分歧(-6.6元/月),40.0,,,(后段-前段)/绝对价=-0.007701; 前段=14.25; 后段=4.5; 注销状态=none; 最小腿OI=3201; 盘口空隙=15跳/0.592%,,,,
2026-08-12 15:27:35,同构价差对比,kink,SC,sc2609-sc2701 | sc2701-sc2705 | sc2705-sc2709,做多B段(B低于插值),0.007698,False,低流动性(钓鱼),True,back(-4.1元/月),28.6,,"(3.8, 1, 15.3, 1)","A=18.35; B=9.55; C=9.25; 理论B=(A+C)/2=13.8; 估值偏差(实际-理论)=-4.25; 比例%=0.7698; 归因=sc2703-sc2704 低估-5.5(整段偏差-4.2的主要来源); 同构=月差4,跨注销0,同构; 最小腿OI=43; 盘口空隙=115跳/2.083%",,,,"组共10段, 仅取紧邻三元组"
2026-08-12 15:27:35,价差递延,butterfly,AP,AP611-AP612-AP701,做多蝶式(买后段卖前段),0.007691,True,,False,back(-78.5元/月),16.7,,,(后段-前段)/绝对价=-0.007691; 前段=97.5; 后段=38.5; 注销状态=both; 最小腿OI=12965; 盘口空隙=8跳/0.102%,,,,
2026-08-12 15:27:35,折角修复,kink,FG,FG611-FG612 | FG701-FG702 | FG703-FG704,做空B段(实际高于理论),0.007688,True,,False,contango(+18.0元/月),83.3,,"(-37, 23, -36, 29)",A=-41.5; B=-36.5; C=-45.0; 理论B=(A+C)/2=-43.25; 价差(理论-实际)=-6.75; 主力价=878; 比例%=0.7688; 同构性=同构; 最小腿OI=2003; 盘口空隙=1跳/0.114%,CZCE.SPD FG701&FG702,,,月差1 同构
2026-08-12 15:27:35,价差递延,butterfly,B,b2701-b2702-b2703,做空蝶式(卖后段买前段),0.007644,True,,False,back(-14.2元/月),50.0,,,(后段-前段)/绝对价=0.007644; 前段=22.0; 后段=51.5; 注销状态=both; 最小腿OI=950; 盘口空隙=7跳/0.182%,,,,
2026-08-12 15:27:35,价差递延,butterfly,I,i2609-i2612-i2703,"做多蝶式(买后段卖前段,结构应后段>前段)",0.007634,False,低流动性(钓鱼),False,back(-3.0元/月),83.3,,,"前段=12.25; 后段=6.75; 蝶值(后-前)=-5.5; 结构基准E=2; 同构性=非同构(near/far),结构性不等式违背,|蝶值|为保守错价下限; 最小腿OI=44883; 盘口空隙=24跳/1.701%",,,,泛化蝶式 月差3+3
2026-08-12 15:27:35,注销后首月溢价,spread,CJ,CJ612-CJ701,做多价差(买注销后首月卖次月),0.007576,True,,True,contango(+32.1元/月),16.7,20.0,"(-65, 36, -60, 33)","注销月=CJ609; 价差=-62.5; 期限斜率t=4.25; 仓单佐证=顺风(同期分位20%,当前8267); 最小腿OI=21761; 盘口空隙=1跳/0.060%",CZCE.SPD CJ612&CJ701,,,
2026-08-12 15:27:35,价差递延,butterfly,BR,br2704-br2705-br2706,做多蝶式(买后段卖前段),0.00755,False,低流动性(钓鱼),False,back(-29.9元/月),33.3,,,(后段-前段)/绝对价=-0.00755; 前段=50.0; 后段=-50.0; 注销状态=both; 最小腿OI=16; 盘口空隙=156跳/5.810%,,,,
2026-08-12 15:27:35,价差递延,butterfly,PG,pg2704-pg2705-pg2706,做多蝶式(买后段卖前段),0.007525,True,,False,back(-100.9元/月),16.7,,,(后段-前段)/绝对价=-0.007525; 前段=125.5; 后段=87.5; 注销状态=none; 最小腿OI=52; 盘口空隙=6跳/0.111%,,,,
2026-08-12 15:27:35,折角修复,kink,SI,si2702-si2703 | si2703-si2704 | si2704-si2705,做多B段(实际低于理论),0.007523,False,低流动性(钓鱼),True,contango(+72.1元/月),0.0,,"(-110, 1, -25, 1)",A=2.5; B=-67.5; C=-7.5; 理论B=(A+C)/2=-2.5; 价差(理论-实际)=65.0; 主力价=8640; 比例%=0.7523; 同构性=同构; 最小腿OI=250; 盘口空隙=17跳/0.984%,,,,月差1 同构
2026-08-12 15:27:35,同构价差对比,kink,SI,si2702-si2703 | si2703-si2704 | si2704-si2705,做多B段(B低于插值),0.007523,False,低流动性(钓鱼),True,contango(+72.1元/月),0.0,,"(-110, 1, -25, 1)","A=2.5; B=-67.5; C=-7.5; 理论B=(A+C)/2=-2.5; 估值偏差(实际-理论)=-65.0; 比例%=0.7523; 归因=B即相邻月段; 同构=月差1,跨注销0,同构; 最小腿OI=250; 盘口空隙=17跳/0.984%",,,,"组共10段, 仅取紧邻三元组"
2026-08-12 15:27:35,折角修复,kink,SC,sc2612-sc2702 | sc2702-sc2704 | sc2704-sc2706,做多B段(实际低于理论),0.007517,False,低流动性(钓鱼),True,back(-4.1元/月),28.6,,"(-6.6, 1, 11.0, 1)",A=5.95; B=2.2; C=6.75; 理论B=(A+C)/2=6.35; 价差(理论-实际)=4.15; 主力价=552.1; 比例%=0.7517; 同构性=同构; 最小腿OI=63; 盘口空隙=176跳/3.188%,,,,月差2 同构
2026-08-12 15:27:35,同构价差对比,kink,SC,sc2612-sc2702 | sc2702-sc2704 | sc2704-sc2706,做多B段(B低于插值),0.007517,False,低流动性(钓鱼),True,back(-4.1元/月),28.6,,"(-6.6, 1, 11.0, 1)","A=5.95; B=2.2; C=6.75; 理论B=(A+C)/2=6.35; 估值偏差(实际-理论)=-4.15; 比例%=0.7517; 归因=sc2703-sc2704 低估-4.0(整段偏差-4.1的主要来源); 同构=月差2,跨注销0,同构; 最小腿OI=63; 盘口空隙=176跳/3.188%",,,,"组共11段, 仅取紧邻三元组"
2026-08-12 15:27:35,价差递延,butterfly,RU,ru2608-ru2609-ru2610,做多蝶式(买后段卖前段),0.0075,False,低流动性(钓鱼),False,contango(+176.5元/月),0.0,,,(后段-前段)/绝对价=-0.0075; 前段=90.0; 后段=-37.5; 注销状态=both; 最小腿OI=197; 盘口空隙=97跳/2.702%,,,,
2026-08-12 15:27:35,价差递延,butterfly,RR,rr2701-rr2702-rr2703,做多蝶式(买后段卖前段),0.00749,False,低流动性(钓鱼),False,back(-25.9元/月),0.0,,,(后段-前段)/绝对价=-0.00749; 前段=13.0; 后段=-14.0; 注销状态=both; 最小腿OI=48; 盘口空隙=28跳/0.773%,,,,
2026-08-12 15:27:35,折角修复,kink,P,p2609-p2611 | p2612-p2702 | p2703-p2705,做多B段(实际低于理论),0.007404,True,,False,contango(+67.9元/月),100.0,,"(-162, 1, -159, 1)",A=-98.5; B=-160.5; C=-79.0; 理论B=(A+C)/2=-88.75; 价差(理论-实际)=71.75; 主力价=9691; 比例%=0.7404; 同构性=同构; 最小腿OI=2749; 盘口空隙=3跳/0.031%,DCE.SP p2612&p2702,,,月差2 同构
2026-08-12 15:27:35,折角修复,kink,NI,ni2701-ni2703 | ni2703-ni2705 | ni2705-ni2707,做空B段(实际高于理论),0.0074,False,低流动性(钓鱼),False,contango(+266.5元/月),83.3,,"(-800, 1, 1260, 3)",A=-690.0; B=230.0; C=-755.0; 理论B=(A+C)/2=-722.5; 价差(理论-实际)=-952.5; 主力价=128710; 比例%=0.74; 同构性=同构; 最小腿OI=255; 盘口空隙=206跳/1.600%,,,,月差2 同构
2026-08-12 15:27:35,同构价差对比,kink,NI,ni2701-ni2703 | ni2703-ni2705 | ni2705-ni2707,做空B段(B高于插值),0.0074,False,低流动性(钓鱼),False,contango(+266.5元/月),83.3,,"(-800, 1, 1260, 3)","A=-690.0; B=230.0; C=-755.0; 理论B=(A+C)/2=-722.5; 估值偏差(实际-理论)=952.5; 比例%=0.74; 归因=ni2703-ni2704 高估+557.5(整段偏差+952.5的主要来源); 同构=月差2,跨注销0,同构; 最小腿OI=255; 盘口空隙=206跳/1.600%",,,,"组共9段, 仅取紧邻三元组"
2026-08-12 15:27:35,价差递延,butterfly,FU,fu2612-fu2701-fu2702,做多蝶式(买后段卖前段),0.007357,True,,False,back(-97.8元/月),0.0,,,(后段-前段)/绝对价=-0.007357; 前段=79.0; 后段=54.0; 注销状态=none; 最小腿OI=1207; 盘口空隙=10跳/0.285%,,,,
2026-08-12 15:27:35,注销后首月溢价,spread,PD,pd2610-pd2612,做多价差(买注销后首月卖次月),0.007355,True,,True,contango(+1.4元/月),,,"(-2.45, 2, -2.35, 7)",注销月=pd2608; 价差=-2.4000000000000004; 期限斜率t=13.8; 最小腿OI=1329; 盘口空隙=2跳/0.031%,GFEX.SP pd2610&pd2612,,,
2026-08-12 15:27:35,折角修复,kink,SP,sp2609-sp2611 | sp2701-sp2703 | sp2705-sp2707,做多B段(实际低于理论),0.007318,False,低流动性(钓鱼),False,contango(+55.1元/月),83.3,,"(-52, 1, -24, 1)",A=-6.0; B=-38.0; C=-2.0; 理论B=(A+C)/2=-4.0; 价差(理论-实际)=34.0; 主力价=4646; 比例%=0.7318; 同构性=同构; 最小腿OI=304; 盘口空隙=14跳/0.603%,,,,月差2 同构
2026-08-12 15:27:35,折角修复,kink,PS,ps2610-ps2611 | ps2612-ps2701 | ps2702-ps2703,做空B段(实际高于理论),0.007302,False,低流动性(钓鱼),False,contango(+789.4元/月),,,"(-295, 5, 260, 1)","A=-42.5; B=-17.5; C=-552.5; 理论B=(A+C)/2=-297.5; 价差(理论-实际)=-280.0; 主力价=38345; 比例%=0.7302; 同构性=非同构(far/none/none,结构有利,插值为保守下限); 最小腿OI=175; 盘口空隙=111跳/1.447%",,,,月差1 非同构-结构有利
2026-08-12 15:27:35,价差递延,butterfly,AD,ad2612-ad2701-ad2702,做多蝶式(买后段卖前段),0.007282,False,低流动性(钓鱼),False,contango(+60.4元/月),,,,(后段-前段)/绝对价=-0.007282; 前段=87.5; 后段=-85.0; 注销状态=both; 最小腿OI=6; 盘口空隙=301跳/6.365%,,,,
2026-08-12 15:27:35,价差递延,butterfly,SI,si2701-si2702-si2703,做空蝶式(卖后段买前段),0.007275,False,低流动性(钓鱼),False,contango(+72.1元/月),0.0,,,(后段-前段)/绝对价=0.007275; 前段=-62.5; 后段=2.5; 注销状态=none; 最小腿OI=250; 盘口空隙=44跳/2.546%,,,,
2026-08-12 15:27:35,折角修复,kink,BC,bc2701-bc2703 | bc2703-bc2705 | bc2705-bc2707,做空B段(实际高于理论),0.007249,False,低流动性(钓鱼),False,back(-159.1元/月),0.0,,"(-1820, 1, 2640, 1)",A=-185.0; B=410.0; C=-395.0; 理论B=(A+C)/2=-290.0; 价差(理论-实际)=-700.0; 主力价=96570; 比例%=0.7249; 同构性=同构; 最小腿OI=1; 盘口空隙=446跳/4.618%,,,,月差2 同构
2026-08-12 15:27:35,同构价差对比,kink,BC,bc2701-bc2703 | bc2703-bc2705 | bc2705-bc2707,做空B段(B高于插值),0.007249,False,低流动性(钓鱼),False,back(-159.1元/月),0.0,,"(-1820, 1, 2640, 1)","A=-185.0; B=410.0; C=-395.0; 理论B=(A+C)/2=-290.0; 估值偏差(实际-理论)=700.0; 比例%=0.7249; 归因=bc2704-bc2705 高估+520.0(整段偏差+700.0的主要来源); 同构=月差2,跨注销0,同构; 最小腿OI=1; 盘口空隙=446跳/4.618%",,,,"组共9段, 仅取紧邻三元组"
2026-08-12 15:27:35,折角修复,kink,SC,sc2701-sc2702 | sc2703-sc2704 | sc2705-sc2706,做多B段(实际低于理论),0.007245,False,低流动性(钓鱼),True,back(-4.1元/月),28.6,,"(-11.6, 1, 8.0, 1)",A=2.5; B=-1.7999999999999998; C=1.9; 理论B=(A+C)/2=2.2; 价差(理论-实际)=4.0; 主力价=552.1; 比例%=0.7245; 同构性=同构; 最小腿OI=63; 盘口空隙=196跳/3.550%,,,,月差1 同构
2026-08-12 15:27:35,折角修复,kink,SH,SH609-SH610 | SH701-SH702 | SH705-SH706,做多B段(实际低于理论),0.007225,True,,False,contango(+16.2元/月),0.0,,"(-40, 39, -39, 30)",A=-26.0; B=-39.5; C=-25.5; 理论B=(A+C)/2=-25.75; 价差(理论-实际)=13.75; 主力价=1903; 比例%=0.7225; 同构性=同构; 最小腿OI=1003; 盘口空隙=1跳/0.053%,CZCE.SPD SH701&SH702,,,月差1 同构
2026-08-12 15:27:35,折角修复,kink,HC,hc2701-hc2703 | hc2703-hc2705 | hc2705-hc2707,做空B段(实际高于理论),0.007178,False,低流动性(钓鱼),False,contango(+5.5元/月),83.3,,"(-2, 2, 12, 1)",A=-22.5; B=5.0; C=-14.0; 理论B=(A+C)/2=-18.25; 价差(理论-实际)=-23.25; 主力价=3239; 比例%=0.7178; 同构性=同构; 最小腿OI=16; 盘口空隙=14跳/0.432%,,,,月差2 同构
2026-08-12 15:27:35,同构价差对比,kink,HC,hc2701-hc2703 | hc2703-hc2705 | hc2705-hc2707,做空B段(B高于插值),0.007178,False,低流动性(钓鱼),False,contango(+5.5元/月),83.3,,"(-2, 2, 12, 1)","A=-22.5; B=5.0; C=-14.0; 理论B=(A+C)/2=-18.25; 估值偏差(实际-理论)=23.25; 比例%=0.7178; 归因=hc2704-hc2705 高估+12.8(整段偏差+23.2的主要来源); 同构=月差2,跨注销1,同构; 最小腿OI=16; 盘口空隙=14跳/0.432%",,,,"组共9段, 仅取紧邻三元组"
2026-08-12 15:27:35,价差递延,butterfly,AO,ao2705-ao2706-ao2707,做多蝶式(买后段卖前段),0.007085,False,低流动性(钓鱼),False,contango(+14.3元/月),100.0,,,(后段-前段)/绝对价=-0.007085; 前段=-10.5; 后段=-30.5; 注销状态=both; 最小腿OI=64; 盘口空隙=60跳/2.213%,,,,
2026-08-12 15:27:35,价差递延,butterfly,SC,sc2707-sc2708-sc2709,做多蝶式(买后段卖前段),0.007071,False,低流动性(钓鱼),False,back(-4.1元/月),28.6,,,(后段-前段)/绝对价=-0.007071; 前段=3.45; 后段=-0.20000000000000018; 注销状态=none; 最小腿OI=1; 盘口空隙=531跳/9.618%,,,,
2026-08-12 15:27:35,价差递延,butterfly,IH,IH2608-IH2609-IH2612,做空蝶式(卖后段买前段),0.007065,True,,False,back(-13.3元/月),0.0,,,"(后段-前段)/绝对价=0.007065; 前段=19.9; 后段=40.6; 注销状态=none; 最小腿OI=18564; 盘口空隙=9跳/0.062%; 分红季=跨8-9月,价差含分红贴现(偏大属正常)",,,,
2026-08-12 15:27:35,同构价差对比,kink,BU,bu2612-bu2701 | bu2701-bu2702 | bu2702-bu2703,做多B段(B低于插值),0.007046,False,低流动性(钓鱼),True,back(-140.5元/月),0.0,,"(19, 1, 34, 2)","A=123.0; B=26.5; C=-11.5; 理论B=(A+C)/2=55.75; 估值偏差(实际-理论)=-29.25; 比例%=0.7046; 归因=B即相邻月段; 同构=月差1,跨注销0,同构; 最小腿OI=916; 盘口空隙=15跳/0.361%",,,,"组共10段, 仅取紧邻三元组"
2026-08-12 15:27:35,折角修复,kink,NR,nr2609-nr2610 | nr2612-nr2701 | nr2703-nr2704,做空B段(实际高于理论),0.007045,False,低流动性(钓鱼),False,contango(+68.5元/月),50.0,,"(15, 1, 90, 1)",A=-65.0; B=52.5; C=-40.0; 理论B=(A+C)/2=-52.5; 价差(理论-实际)=-105.0; 主力价=14905; 比例%=0.7045; 同构性=同构; 最小腿OI=13; 盘口空隙=15跳/0.503%,,,,月差1 同构
2026-08-12 15:27:35,折角修复,kink,LC,lc2612-lc2701 | lc2701-lc2702 | lc2702-lc2703,做空B段(实际高于理论),0.007021,False,低流动性(钓鱼),False,back(-242.5元/月),66.7,,"(240, 1, 3180, 10)","A=30.0; B=1710.0; C=1290.0; 理论B=(A+C)/2=660.0; 价差(理论-实际)=-1050.0; 主力价=149560; 比例%=0.7021; 同构性=非同构(none/none/far,结构有利,插值为保守下限); 最小腿OI=1256; 盘口空隙=147跳/1.966%",,,,月差1 非同构-结构有利
2026-08-12 15:27:35,同构价差对比,kink,LC,lc2612-lc2701 | lc2701-lc2702 | lc2702-lc2703,做空B段(B高于插值),0.007021,False,低流动性(钓鱼),False,back(-242.5元/月),66.7,,"(240, 1, 3180, 10)","A=30.0; B=1710.0; C=1290.0; 理论B=(A+C)/2=660.0; 估值偏差(实际-理论)=1050.0; 比例%=0.7021; 归因=B即相邻月段; 同构=月差1,跨注销0,非同构(none/none/far,结构有利,插值为保守下限); 最小腿OI=1256; 盘口空隙=147跳/1.966%",,,,"组共10段, 仅取紧邻三元组"
2026-08-12 15:27:35,同构价差对比,kink,B,b2611-b2701 | b2701-b2703 | b2703-b2705,做多B段(B低于插值),0.007017,True,,False,back(-14.2元/月),50.0,,"(68, 1, 76, 1)","A=-11.0; B=72.0; C=209.0; 理论B=(A+C)/2=99.0; 估值偏差(实际-理论)=-27.0; 比例%=0.7017; 归因=b2701-b2702 低估-27.0(整段偏差-27.0的主要来源); 同构=月差2,跨注销1,同构; 最小腿OI=950; 盘口空隙=8跳/0.208%",DCE.SP b2701&b2703,,,"组共9段, 仅取紧邻三元组"
2026-08-12 15:27:35,折角修复,kink,SH,SH609-SH610 | SH611-SH612 | SH701-SH702,做多B段(实际低于理论),0.006963,True,,False,contango(+16.2元/月),0.0,,"(-47, 20, -45, 17)",A=-26.0; B=-46.0; C=-39.5; 理论B=(A+C)/2=-32.75; 价差(理论-实际)=13.25; 主力价=1903; 比例%=0.6963; 同构性=同构; 最小腿OI=1314; 盘口空隙=2跳/0.105%,CZCE.SPD SH611&SH612,,,月差1 同构
2026-08-12 15:27:35,折角修复,kink,SI,si2608-si2609 | si2612-si2701 | si2704-si2705,做空B段(实际高于理论),0.006944,True,,False,contango(+72.1元/月),0.0,,"(25, 1, 45, 1)",A=-42.5; B=35.0; C=-7.5; 理论B=(A+C)/2=-25.0; 价差(理论-实际)=-60.0; 主力价=8640; 比例%=0.6944; 同构性=同构; 最小腿OI=208; 盘口空隙=4跳/0.231%,,,,月差1 同构
2026-08-12 15:27:35,折角修复,kink,PS,ps2610-ps2611 | ps2701-ps2702 | ps2704-ps2705,做空B段(实际高于理论),0.006911,False,低流动性(钓鱼),False,contango(+789.4元/月),,,"(-405, 5, 1135, 5)","A=-42.5; B=365.0; C=242.5; 理论B=(A+C)/2=100.0; 价差(理论-实际)=-265.0; 主力价=38345; 比例%=0.6911; 同构性=非同构(far/none/far,结构有利,插值为保守下限); 最小腿OI=175; 盘口空隙=308跳/4.016%",,,,月差1 非同构-结构有利
2026-08-12 15:27:35,折角修复,kink,SP,sp2610-sp2611 | sp2702-sp2703 | sp2706-sp2707,做多B段(实际低于理论),0.006888,False,低流动性(钓鱼),False,contango(+55.1元/月),83.3,,"(-64, 1, 2, 1)",A=0.0; B=-31.0; C=2.0; 理论B=(A+C)/2=1.0; 价差(理论-实际)=32.0; 主力价=4646; 比例%=0.6888; 同构性=同构; 最小腿OI=54; 盘口空隙=33跳/1.421%,,,,月差1 同构
2026-08-12 15:27:35,同构价差对比,kink,FU,fu2610-fu2701 | fu2701-fu2704 | fu2704-fu2707,做多B段(B低于插值),0.006847,False,低流动性(钓鱼),True,back(-97.8元/月),0.0,,"(134, 3, 165, 1)","A=283.0; B=149.5; C=64.0; 理论B=(A+C)/2=173.5; 估值偏差(实际-理论)=-24.0; 比例%=0.6847; 归因=fu2702-fu2703 低估-9.2(整段偏差-24.0的主要来源); 同构=月差3,跨注销0,同构; 最小腿OI=312; 盘口空隙=31跳/0.884%",,,,"组共9段, 仅取紧邻三元组"
2026-08-12 15:27:35,折角修复,kink,OP,op2612-op2701 | op2701-op2702 | op2702-op2703,做空B段(实际高于理论),0.00683,False,低流动性(钓鱼),False,contango(+6.4元/月),,,"(-52, 2, 66, 1)",A=-26.0; B=7.0; C=-13.0; 理论B=(A+C)/2=-19.5; 价差(理论-实际)=-26.5; 主力价=3880; 比例%=0.683; 同构性=同构; 最小腿OI=0; 盘口空隙=59跳/3.041%,,,,月差1 同构
2026-08-12 15:27:35,同构价差对比,kink,OP,op2612-op2701 | op2701-op2702 | op2702-op2703,做空B段(B高于插值),0.00683,False,低流动性(钓鱼),False,contango(+6.4元/月),,,"(-52, 2, 66, 1)","A=-26.0; B=7.0; C=-13.0; 理论B=(A+C)/2=-19.5; 估值偏差(实际-理论)=26.5; 比例%=0.683; 归因=B即相邻月段; 同构=月差1,跨注销0,同构; 最小腿OI=0; 盘口空隙=59跳/3.041%",,,,"组共10段, 仅取紧邻三元组"
2026-08-12 15:27:35,折角修复,kink,SC,sc2610-sc2701 | sc2702-sc2705 | sc2706-sc2709,做多B段(实际低于理论),0.006792,False,低流动性(钓鱼),True,back(-4.1元/月),28.6,,"(-2.4, 1, 16.5, 1)",A=14.25; B=7.05; C=7.35; 理论B=(A+C)/2=10.8; 价差(理论-实际)=3.75; 主力价=552.1; 比例%=0.6792; 同构性=同构; 最小腿OI=43; 盘口空隙=189跳/3.423%,,,,月差3 同构
2026-08-12 15:27:35,折角修复,kink,SC,sc2612-sc2703 | sc2703-sc2706 | sc2706-sc2709,做多B段(实际低于理论),0.006702,False,低流动性(钓鱼),True,back(-4.1元/月),28.6,,"(-3.6, 1, 13.5, 1)",A=9.95; B=4.95; C=7.35; 理论B=(A+C)/2=8.65; 价差(理论-实际)=3.7; 主力价=552.1; 比例%=0.6702; 同构性=同构; 最小腿OI=43; 盘口空隙=171跳/3.097%,,,,月差3 同构
2026-08-12 15:27:35,折角修复,kink,SC,sc2612-sc2702 | sc2703-sc2705 | sc2706-sc2708,做多B段(实际低于理论),0.006702,False,低流动性(钓鱼),True,back(-4.1元/月),28.6,,"(-7.4, 1, 13.5, 1)",A=5.95; B=3.05; C=7.55; 理论B=(A+C)/2=6.75; 价差(理论-实际)=3.7; 主力价=552.1; 比例%=0.6702; 同构性=同构; 最小腿OI=1; 盘口空隙=209跳/3.786%,,,,月差2 同构
2026-08-12 15:27:35,同构价差对比,kink,SC,sc2612-sc2703 | sc2703-sc2706 | sc2706-sc2709,做多B段(B低于插值),0.006702,False,低流动性(钓鱼),True,back(-4.1元/月),28.6,,"(-3.6, 1, 13.5, 1)","A=9.95; B=4.95; C=7.35; 理论B=(A+C)/2=8.65; 估值偏差(实际-理论)=-3.7; 比例%=0.6702; 归因=sc2703-sc2704 低估-5.6(整段偏差-3.7的主要来源); 同构=月差3,跨注销0,同构; 最小腿OI=43; 盘口空隙=171跳/3.097%",,,,"组共11段, 仅取紧邻三元组"
2026-08-12 15:27:35,折角修复,kink,SH,SH612-SH701 | SH702-SH703 | SH704-SH705,做多B段(实际低于理论),0.0067,True,,True,contango(+16.2元/月),0.0,,"(-16, 58, -15, 2)",A=-4.5; B=-15.5; C=-1.0; 理论B=(A+C)/2=-2.75; 价差(理论-实际)=12.75; 主力价=1903; 比例%=0.67; 同构性=同构; 最小腿OI=860; 盘口空隙=1跳/0.053%,CZCE.SPD SH702&SH703,,,月差1 同构
2026-08-12 15:27:35,折角修复,kink,SP,sp2701-sp2702 | sp2702-sp2703 | sp2703-sp2704,做多B段(实际低于理论),0.006672,False,低流动性(钓鱼),False,contango(+55.1元/月),83.3,,"(-64, 1, 2, 1)",A=-7.0; B=-31.0; C=7.0; 理论B=(A+C)/2=0.0; 价差(理论-实际)=31.0; 主力价=4646; 比例%=0.6672; 同构性=同构; 最小腿OI=54; 盘口空隙=33跳/1.421%,,,,月差1 同构
2026-08-12 15:27:35,同构价差对比,kink,SP,sp2701-sp2702 | sp2702-sp2703 | sp2703-sp2704,做多B段(B低于插值),0.006672,False,低流动性(钓鱼),False,contango(+55.1元/月),83.3,,"(-64, 1, 2, 1)","A=-7.0; B=-31.0; C=7.0; 理论B=(A+C)/2=0.0; 估值偏差(实际-理论)=-31.0; 比例%=0.6672; 归因=B即相邻月段; 同构=月差1,跨注销0,同构; 最小腿OI=54; 盘口空隙=33跳/1.421%",,,,"组共10段, 仅取紧邻三元组"
2026-08-12 15:27:35,价差递延,butterfly,SI,si2703-si2704-si2705,做空蝶式(卖后段买前段),0.00667,False,低流动性(钓鱼),False,contango(+72.1元/月),0.0,,,(后段-前段)/绝对价=0.00667; 前段=-67.5; 后段=-7.5; 注销状态=none; 最小腿OI=250; 盘口空隙=36跳/2.083%,,,,
2026-08-12 15:27:35,注销后首月溢价,spread,V,v2704-v2705,做多价差(买注销后首月卖次月),0.006668,True,,True,contango(+44.0元/月),66.7,100.0,"(-34, 650, -32, 403)","注销月=v2703; 价差=-33.0; 期限斜率t=11.29; 仓单佐证=逆风(同期分位100%,当前118656); 最小腿OI=2687; 盘口空隙=2跳/0.044%",DCE.SP v2704&v2705,,,
2026-08-12 15:27:35,折角修复,kink,LC,lc2703-lc2704 | lc2704-lc2705 | lc2705-lc2706,做多B段(实际低于理论),0.006653,False,低流动性(钓鱼),True,back(-242.5元/月),66.7,,"(-1360, 5, 700, 10)","A=40.0; B=-330.0; C=1290.0; 理论B=(A+C)/2=665.0; 价差(理论-实际)=995.0; 主力价=149560; 比例%=0.6653; 同构性=非同构(near/none/none,结构有利,插值为保守下限); 最小腿OI=192; 盘口空隙=103跳/1.377%",,,,月差1 非同构-结构有利
2026-08-12 15:27:35,同构价差对比,kink,LC,lc2703-lc2704 | lc2704-lc2705 | lc2705-lc2706,做多B段(B低于插值),0.006653,False,低流动性(钓鱼),True,back(-242.5元/月),66.7,,"(-1360, 5, 700, 10)","A=40.0; B=-330.0; C=1290.0; 理论B=(A+C)/2=665.0; 估值偏差(实际-理论)=-995.0; 比例%=0.6653; 归因=B即相邻月段; 同构=月差1,跨注销0,非同构(near/none/none,结构有利,插值为保守下限); 最小腿OI=192; 盘口空隙=103跳/1.377%",,,,"组共10段, 仅取紧邻三元组"
2026-08-12 15:27:35,折角修复,kink,SC,sc2701-sc2702 | sc2702-sc2703 | sc2703-sc2704,做空B段(实际高于理论),0.006611,False,低流动性(钓鱼),False,back(-4.1元/月),28.6,,"(-5.4, 1, 13.4, 1)",A=2.5; B=4.0; C=-1.7999999999999998; 理论B=(A+C)/2=0.35; 价差(理论-实际)=-3.65; 主力价=552.1; 比例%=0.6611; 同构性=同构; 最小腿OI=63; 盘口空隙=188跳/3.405%,,,,月差1 同构
2026-08-12 15:27:35,同构价差对比,kink,SC,sc2701-sc2702 | sc2702-sc2703 | sc2703-sc2704,做空B段(B高于插值),0.006611,False,低流动性(钓鱼),False,back(-4.1元/月),28.6,,"(-5.4, 1, 13.4, 1)","A=2.5; B=4.0; C=-1.7999999999999998; 理论B=(A+C)/2=0.35; 估值偏差(实际-理论)=3.65; 比例%=0.6611; 归因=B即相邻月段; 同构=月差1,跨注销0,同构; 最小腿OI=63; 盘口空隙=188跳/3.405%",,,,"组共12段, 仅取紧邻三元组"
2026-08-12 15:27:35,折角修复,kink,BC,bc2704-bc2705 | bc2705-bc2706 | bc2706-bc2707,做多B段(实际低于理论),0.006601,False,低流动性(钓鱼),True,back(-159.1元/月),0.0,,"(-2690, 1, 1850, 1)",A=410.0; B=-420.0; C=25.0; 理论B=(A+C)/2=217.5; 价差(理论-实际)=637.5; 主力价=96570; 比例%=0.6601; 同构性=同构; 最小腿OI=1; 盘口空隙=454跳/4.701%,,,,月差1 同构
2026-08-12 15:27:35,同构价差对比,kink,BC,bc2704-bc2705 | bc2705-bc2706 | bc2706-bc2707,做多B段(B低于插值),0.006601,False,低流动性(钓鱼),True,back(-159.1元/月),0.0,,"(-2690, 1, 1850, 1)","A=410.0; B=-420.0; C=25.0; 理论B=(A+C)/2=217.5; 估值偏差(实际-理论)=-637.5; 比例%=0.6601; 归因=B即相邻月段; 同构=月差1,跨注销0,同构; 最小腿OI=1; 盘口空隙=454跳/4.701%",,,,"组共10段, 仅取紧邻三元组"
2026-08-12 15:27:35,价差递延,butterfly,LU,lu2610-lu2611-lu2612,"做多蝶式(买后段卖前段,结构应后段>前段)",0.006587,False,低流动性(钓鱼),False,back(-161.9元/月),16.7,,,"前段=193.5; 后段=162.5; 蝶值(后-前)=-31.0; 结构基准E=1; 同构性=非同构(none/far),结构性不等式违背,|蝶值|为保守错价下限; 最小腿OI=3112; 盘口空隙=22跳/0.467%",,,,泛化蝶式 月差1+1
2026-08-12 15:27:35,折角修复,kink,SA,SA609-SA610 | SA701-SA702 | SA705-SA706,做多B段(实际低于理论),0.006586,True,,False,contango(+13.4元/月),50.0,,"(-26, 22, -24, 42)",A=-22.5; B=-25.0; C=-14.5; 理论B=(A+C)/2=-18.5; 价差(理论-实际)=6.5; 主力价=987; 比例%=0.6586; 同构性=同构; 最小腿OI=4479; 盘口空隙=2跳/0.203%,CZCE.SPD SA701&SA702,,,月差1 同构
2026-08-12 15:27:35,折角修复,kink,OP,op2612-op2701 | op2703-op2704 | op2706-op2707,做空B段(实际高于理论),0.006572,False,低流动性(钓鱼),False,contango(+6.4元/月),,,"(-88, 2, 80, 2)",A=-26.0; B=-4.0; C=-33.0; 理论B=(A+C)/2=-29.5; 价差(理论-实际)=-25.5; 主力价=3880; 比例%=0.6572; 同构性=同构; 最小腿OI=0; 盘口空隙=84跳/4.330%,,,,月差1 同构
2026-08-12 15:27:35,折角修复,kink,BU,bu2704-bu2705 | bu2705-bu2706 | bu2706-bu2707,做多B段(实际低于理论),0.006565,False,低流动性(钓鱼),True,back(-140.5元/月),0.0,,"(-25, 3, 6, 2)",A=7.5; B=-9.5; C=28.0; 理论B=(A+C)/2=17.75; 价差(理论-实际)=27.25; 主力价=4151; 比例%=0.6565; 同构性=同构; 最小腿OI=8; 盘口空隙=31跳/0.747%,,,,月差1 同构
2026-08-12 15:27:35,同构价差对比,kink,BU,bu2704-bu2705 | bu2705-bu2706 | bu2706-bu2707,做多B段(B低于插值),0.006565,False,低流动性(钓鱼),True,back(-140.5元/月),0.0,,"(-25, 3, 6, 2)","A=7.5; B=-9.5; C=28.0; 理论B=(A+C)/2=17.75; 估值偏差(实际-理论)=-27.25; 比例%=0.6565; 归因=B即相邻月段; 同构=月差1,跨注销0,同构; 最小腿OI=8; 盘口空隙=31跳/0.747%",,,,"组共10段, 仅取紧邻三元组"
2026-08-12 15:27:35,价差递延,butterfly,WR,wr2609-wr2610-wr2611,做空蝶式(卖后段买前段),0.006543,False,低流动性(钓鱼),False,contango(+8.8元/月),66.7,,,(后段-前段)/绝对价=0.006543; 前段=-23.5; 后段=-2.0; 注销状态=both; 最小腿OI=1; 盘口空隙=123跳/3.743%,,,,
2026-08-12 15:27:35,折角修复,kink,OP,op2609-op2610 | op2611-op2612 | op2701-op2702,做多B段(实际低于理论),0.006443,False,低流动性(钓鱼),False,contango(+6.4元/月),,,"(-60, 1, 10, 2)",A=-7.0; B=-25.0; C=7.0; 理论B=(A+C)/2=0.0; 价差(理论-实际)=25.0; 主力价=3880; 比例%=0.6443; 同构性=同构; 最小腿OI=0; 盘口空隙=35跳/1.804%,,,,月差1 同构
2026-08-12 15:27:35,折角修复,kink,BC,bc2703-bc2704 | bc2704-bc2705 | bc2705-bc2706,做空B段(实际高于理论),0.00642,False,低流动性(钓鱼),False,back(-159.1元/月),0.0,,"(-1850, 1, 2670, 1)",A=0.0; B=410.0; C=-420.0; 理论B=(A+C)/2=-210.0; 价差(理论-实际)=-620.0; 主力价=96570; 比例%=0.642; 同构性=同构; 最小腿OI=1; 盘口空隙=452跳/4.681%,,,,月差1 同构
2026-08-12 15:27:35,同构价差对比,kink,BC,bc2703-bc2704 | bc2704-bc2705 | bc2705-bc2706,做空B段(B高于插值),0.00642,False,低流动性(钓鱼),False,back(-159.1元/月),0.0,,"(-1850, 1, 2670, 1)","A=0.0; B=410.0; C=-420.0; 理论B=(A+C)/2=-210.0; 估值偏差(实际-理论)=620.0; 比例%=0.642; 归因=B即相邻月段; 同构=月差1,跨注销0,同构; 最小腿OI=1; 盘口空隙=452跳/4.681%",,,,"组共10段, 仅取紧邻三元组"
2026-08-12 15:27:35,价差递延,butterfly,P,p2610-p2611-p2612,做多蝶式(买后段卖前段),0.006419,True,,False,contango(+67.9元/月),100.0,,,(后段-前段)/绝对价=-0.006419; 前段=-52.0; 后段=-112.5; 注销状态=both; 最小腿OI=32139; 盘口空隙=5跳/0.052%,,,,
2026-08-12 15:27:35,价差递延,butterfly,BR,br2702-br2703-br2704,做多蝶式(买后段卖前段),0.006391,False,低流动性(钓鱼),False,back(-29.9元/月),33.3,,,(后段-前段)/绝对价=-0.006391; 前段=65.0; 后段=-20.0; 注销状态=both; 最小腿OI=31; 盘口空隙=160跳/5.959%,,,,
2026-08-12 15:27:35,折角修复,kink,AO,ao2609-ao2612 | ao2612-ao2703 | ao2703-ao2706,做多B段(实际低于理论),0.006363,False,低流动性(钓鱼),False,contango(+14.3元/月),100.0,,"(-68, 1, -35, 1)",A=-34.5; B=-51.5; C=-34.0; 理论B=(A+C)/2=-34.25; 价差(理论-实际)=17.25; 主力价=2711; 比例%=0.6363; 同构性=同构; 最小腿OI=64; 盘口空隙=33跳/1.217%,,,,月差3 同构
2026-08-12 15:27:35,同构价差对比,kink,AO,ao2609-ao2612 | ao2612-ao2703 | ao2703-ao2706,做多B段(B低于插值),0.006363,False,低流动性(钓鱼),False,contango(+14.3元/月),100.0,,"(-68, 1, -35, 1)","A=-34.5; B=-51.5; C=-34.0; 理论B=(A+C)/2=-34.25; 估值偏差(实际-理论)=-17.25; 比例%=0.6363; 归因=ao2612-ao2701 低估-12.2(整段偏差-17.2的主要来源); 同构=月差3,跨注销2,同构; 最小腿OI=64; 盘口空隙=33跳/1.217%",,,,"组共8段, 仅取紧邻三元组"
2026-08-12 15:27:35,折角修复,kink,RR,rr2701-rr2702 | rr2702-rr2703 | rr2703-rr2704,做多B段(实际低于理论),0.006347,True,,False,back(-25.9元/月),0.0,,"(-18, 1, -10, 1)",A=13.0; B=-14.0; C=5.0; 理论B=(A+C)/2=9.0; 价差(理论-实际)=23.0; 主力价=3624; 比例%=0.6347; 同构性=同构; 最小腿OI=18; 盘口空隙=8跳/0.221%,DCE.SP rr2702&rr2703,,,月差1 同构
2026-08-12 15:27:35,同构价差对比,kink,RR,rr2701-rr2702 | rr2702-rr2703 | rr2703-rr2704,做多B段(B低于插值),0.006347,True,,False,back(-25.9元/月),0.0,,"(-18, 1, -10, 1)","A=13.0; B=-14.0; C=5.0; 理论B=(A+C)/2=9.0; 估值偏差(实际-理论)=-23.0; 比例%=0.6347; 归因=B即相邻月段; 同构=月差1,跨注销0,同构; 最小腿OI=18; 盘口空隙=8跳/0.221%",DCE.SP rr2702&rr2703,,,"组共9段, 仅取紧邻三元组"
2026-08-12 15:27:35,折角修复,kink,BR,br2703-br2704 | br2704-br2705 | br2705-br2706,做空B段(实际高于理论),0.006331,False,低流动性(钓鱼),False,back(-29.9元/月),33.3,,"(-150, 2, 250, 2)",A=-20.0; B=50.0; C=-50.0; 理论B=(A+C)/2=-35.0; 价差(理论-实际)=-85.0; 主力价=13425; 比例%=0.6331; 同构性=同构; 最小腿OI=16; 盘口空隙=80跳/2.980%,,,,月差1 同构
2026-08-12 15:27:35,同构价差对比,kink,BR,br2703-br2704 | br2704-br2705 | br2705-br2706,做空B段(B高于插值),0.006331,False,低流动性(钓鱼),False,back(-29.9元/月),33.3,,"(-150, 2, 250, 2)","A=-20.0; B=50.0; C=-50.0; 理论B=(A+C)/2=-35.0; 估值偏差(实际-理论)=85.0; 比例%=0.6331; 归因=B即相邻月段; 同构=月差1,跨注销0,同构; 最小腿OI=16; 盘口空隙=80跳/2.980%",,,,"组共10段, 仅取紧邻三元组"
2026-08-12 15:27:35,折角修复,kink,HC,hc2608-hc2610 | hc2611-hc2701 | hc2702-hc2704,做空B段(实际高于理论),0.006329,True,,False,contango(+5.5元/月),83.3,,"(-16, 13, -13, 12)",A=-55.0; B=-14.5; C=-15.0; 理论B=(A+C)/2=-35.0; 价差(理论-实际)=-20.5; 主力价=3239; 比例%=0.6329; 同构性=同构; 最小腿OI=79; 盘口空隙=3跳/0.093%,,,,月差2 同构
2026-08-12 15:27:35,价差递延,butterfly,LU,lu2706-lu2707-lu2708,做多蝶式(买后段卖前段),0.006279,False,低流动性(钓鱼),False,back(-161.9元/月),16.7,,,(后段-前段)/绝对价=-0.006279; 前段=19.0; 后段=-5.5; 注销状态=none; 最小腿OI=13; 盘口空隙=313跳/6.651%,,,,
2026-08-12 15:27:35,同构价差对比,kink,FU,fu2702-fu2704 | fu2704-fu2706 | fu2706-fu2708,做多B段(B低于插值),0.006277,False,低流动性(钓鱼),True,back(-97.8元/月),0.0,,"(25, 1, 70, 1)","A=95.5; B=47.5; C=43.5; 理论B=(A+C)/2=69.5; 估值偏差(实际-理论)=-22.0; 比例%=0.6277; 归因=fu2704-fu2705 低估-12.2(整段偏差-22.0的主要来源); 同构=月差2,跨注销0,同构; 最小腿OI=240; 盘口空隙=45跳/1.284%",,,,"组共10段, 仅取紧邻三元组"
2026-08-12 15:27:35,同构价差对比,kink,BU,bu2611-bu2612 | bu2612-bu2701 | bu2701-bu2702,做空B段(B高于插值),0.006264,True,,False,back(-140.5元/月),0.0,,"(121, 2, 125, 2)","A=167.5; B=123.0; C=26.5; 理论B=(A+C)/2=97.0; 估值偏差(实际-理论)=26.0; 比例%=0.6264; 归因=B即相邻月段; 同构=月差1,跨注销0,同构; 最小腿OI=1589; 盘口空隙=4跳/0.096%",,,,"组共10段, 仅取紧邻三元组"
2026-08-12 15:27:35,价差递延,butterfly,WR,wr2611-wr2612-wr2701,做空蝶式(卖后段买前段),0.006248,False,低流动性(钓鱼),False,contango(+8.8元/月),66.7,,,(后段-前段)/绝对价=0.006248; 前段=-15.5; 后段=5.0; 注销状态=both; 最小腿OI=1; 盘口空隙=303跳/9.221%,,,,
2026-08-12 15:27:35,价差递延,butterfly,HC,hc2704-hc2705-hc2706,做多蝶式(买后段卖前段),0.00624,False,低流动性(钓鱼),False,contango(+5.5元/月),83.3,,,(后段-前段)/绝对价=-0.00624; 前段=6.0; 后段=-14.5; 注销状态=both; 最小腿OI=8; 盘口空隙=41跳/1.266%,,,,
2026-08-12 15:27:35,折角修复,kink,B,b2610-b2611 | b2611-b2612 | b2612-b2701,做多B段(实际低于理论),0.006237,True,,False,back(-14.2元/月),50.0,,"(-26, 14, -25, 18)",A=-17.0; B=-25.5; C=14.0; 理论B=(A+C)/2=-1.5; 价差(理论-实际)=24.0; 主力价=3848; 比例%=0.6237; 同构性=同构; 最小腿OI=18314; 盘口空隙=1跳/0.026%,DCE.SP b2611&b2612,,,月差1 同构
2026-08-12 15:27:35,同构价差对比,kink,B,b2610-b2611 | b2611-b2612 | b2612-b2701,做多B段(B低于插值),0.006237,True,,False,back(-14.2元/月),50.0,,"(-26, 14, -25, 18)","A=-17.0; B=-25.5; C=14.0; 理论B=(A+C)/2=-1.5; 估值偏差(实际-理论)=-24.0; 比例%=0.6237; 归因=B即相邻月段; 同构=月差1,跨注销0,同构; 最小腿OI=18314; 盘口空隙=1跳/0.026%",DCE.SP b2611&b2612,,,"组共10段, 仅取紧邻三元组"
2026-08-12 15:27:35,折角修复,kink,SI,si2612-si2702 | si2702-si2704 | si2704-si2706,做多B段(实际低于理论),0.006221,False,低流动性(钓鱼),True,contango(+72.1元/月),0.0,,"(-145, 1, 15, 1)",A=-27.5; B=-65.0; C=5.0; 理论B=(A+C)/2=-11.25; 价差(理论-实际)=53.75; 主力价=8640; 比例%=0.6221; 同构性=同构; 最小腿OI=59; 盘口空隙=32跳/1.852%,,,,月差2 同构
2026-08-12 15:27:35,同构价差对比,kink,SI,si2612-si2702 | si2702-si2704 | si2704-si2706,做多B段(B低于插值),0.006221,False,低流动性(钓鱼),True,contango(+72.1元/月),0.0,,"(-145, 1, 15, 1)","A=-27.5; B=-65.0; C=5.0; 理论B=(A+C)/2=-11.25; 估值偏差(实际-理论)=-53.75; 比例%=0.6221; 归因=si2703-si2704 低估-42.5(整段偏差-53.8的主要来源); 同构=月差2,跨注销0,同构; 最小腿OI=59; 盘口空隙=32跳/1.852%",,,,"组共8段, 仅取紧邻三元组"
2026-08-12 15:27:35,折角修复,kink,P,p2609-p2610 | p2611-p2612 | p2701-p2702,做多B段(实际低于理论),0.006191,True,,False,contango(+67.9元/月),100.0,,"(-114, 4, -111, 1)",A=-47.0; B=-112.5; C=-58.0; 理论B=(A+C)/2=-52.5; 价差(理论-实际)=60.0; 主力价=9691; 比例%=0.6191; 同构性=同构; 最小腿OI=25304; 盘口空隙=3跳/0.031%,DCE.SP p2611&p2612,,,月差1 同构
2026-08-12 15:27:35,同构价差对比,kink,PL,PL612-PL702 | PL702-PL704 | PL704-PL706,做多B段(B低于插值),0.006177,True,,False,back(-222.0元/月),,,"(54, 1, 64, 1)","A=189.0; B=59.0; C=20.0; 理论B=(A+C)/2=104.5; 估值偏差(实际-理论)=-45.5; 比例%=0.6177; 归因=PL702-PL703 低估-19.2(整段偏差-45.5的主要来源); 同构=月差2,跨注销1,同构; 最小腿OI=19; 盘口空隙=10跳/0.136%",CZCE.SPD PL702&PL704,,,"组共4段, 仅取紧邻三元组"
2026-08-12 15:27:35,折角修复,kink,SP,sp2702-sp2703 | sp2703-sp2704 | sp2704-sp2705,做空B段(实际高于理论),0.006134,False,低流动性(钓鱼),False,contango(+55.1元/月),83.3,,"(-28, 1, 42, 1)",A=-31.0; B=7.0; C=-12.0; 理论B=(A+C)/2=-21.5; 价差(理论-实际)=-28.5; 主力价=4646; 比例%=0.6134; 同构性=同构; 最小腿OI=54; 盘口空隙=35跳/1.507%,,,,月差1 同构
2026-08-12 15:27:35,同构价差对比,kink,SP,sp2702-sp2703 | sp2703-sp2704 | sp2704-sp2705,做空B段(B高于插值),0.006134,False,低流动性(钓鱼),False,contango(+55.1元/月),83.3,,"(-28, 1, 42, 1)","A=-31.0; B=7.0; C=-12.0; 理论B=(A+C)/2=-21.5; 估值偏差(实际-理论)=28.5; 比例%=0.6134; 归因=B即相邻月段; 同构=月差1,跨注销0,同构; 最小腿OI=54; 盘口空隙=35跳/1.507%",,,,"组共10段, 仅取紧邻三元组"
2026-08-12 15:27:35,价差递延,butterfly,AP,AP610-AP611-AP612,做多蝶式(买后段卖前段),0.006075,True,,False,back(-78.5元/月),16.7,,,(后段-前段)/绝对价=-0.006075; 前段=145.0; 后段=97.5; 注销状态=both; 最小腿OI=12965; 盘口空隙=9跳/0.115%,,,,
2026-08-12 15:27:35,同构价差对比,kink,B,b2704-b2705 | b2705-b2706 | b2706-b2707,做多B段(B低于插值),0.006042,True,,False,back(-14.2元/月),50.0,,"(17, 3, 19, 2)","A=84.5; B=18.0; C=-2.0; 理论B=(A+C)/2=41.25; 估值偏差(实际-理论)=-23.25; 比例%=0.6042; 归因=B即相邻月段; 同构=月差1,跨注销0,同构; 最小腿OI=636; 盘口空隙=2跳/0.052%",DCE.SP b2705&b2706,,,"组共10段, 仅取紧邻三元组"
2026-08-12 15:27:35,价差递延,butterfly,J,j2609-j2610-j2611,做多蝶式(买后段卖前段),0.006034,False,低流动性(钓鱼),False,contango(+12.1元/月),66.7,,,(后段-前段)/绝对价=-0.006034; 前段=1.25; 后段=-10.25; 注销状态=none; 最小腿OI=3546; 盘口空隙=46跳/1.207%,,,,
2026-08-12 15:27:35,波动传递,butterfly,EB,eb2704-eb2705-eb2706,前段波动显著高于后段(传递观察),0.00603,True,,False,back(-111.7元/月),33.3,,,前段20日波动=95.28; 后段20日波动=48.48; 归一差=0.00603; 最小腿OI=72; 盘口空隙=5跳/0.061%,,,,
2026-08-12 15:27:35,折角修复,kink,SC,sc2610-sc2611 | sc2701-sc2702 | sc2704-sc2705,做多B段(实际低于理论),0.006022,False,低流动性(钓鱼),True,back(-4.1元/月),28.6,,"(-2.2, 1, 7.2, 1)",A=6.8; B=2.5; C=4.85; 理论B=(A+C)/2=5.82; 价差(理论-实际)=3.32; 主力价=552.1; 比例%=0.6022; 同构性=同构; 最小腿OI=63; 盘口空隙=94跳/1.703%,,,,月差1 同构
2026-08-12 15:27:35,折角修复,kink,LC,lc2612-lc2701 | lc2703-lc2704 | lc2706-lc2707,做空B段(实际高于理论),0.006018,False,低流动性(钓鱼),False,back(-242.5元/月),66.7,,"(-2420, 10, 2500, 10)","A=30.0; B=40.0; C=-1750.0; 理论B=(A+C)/2=-860.0; 价差(理论-实际)=-900.0; 主力价=149560; 比例%=0.6018; 同构性=非同构(none/near/far,结构有利,插值为保守下限); 最小腿OI=0; 盘口空隙=246跳/3.290%",,,,月差1 非同构-结构有利
2026-08-12 15:27:35,价差递延,butterfly,BZ,bz2611-bz2612-bz2701,做多蝶式(买后段卖前段),0.006001,True,,False,back(-118.2元/月),,,,(后段-前段)/绝对价=-0.006001; 前段=90.0; 后段=48.5; 注销状态=both; 最小腿OI=1257; 盘口空隙=7跳/0.097%,,,,
2026-08-12 15:27:35,折角修复,kink,LC,lc2609-lc2610 | lc2701-lc2702 | lc2705-lc2706,做空B段(实际高于理论),0.005984,False,低流动性(钓鱼),False,back(-242.5元/月),66.7,,"(240, 1, 3180, 10)",A=340.0; B=1710.0; C=1290.0; 理论B=(A+C)/2=815.0; 价差(理论-实际)=-895.0; 主力价=149560; 比例%=0.5984; 同构性=同构; 最小腿OI=192; 盘口空隙=147跳/1.966%,,,,月差1 同构
2026-08-12 15:27:35,同构价差对比,kink,EG,eg2611-eg2701 | eg2701-eg2703 | eg2703-eg2705,做多B段(B低于插值),0.00596,True,,True,back(-130.1元/月),0.0,,"(43, 1, 57, 1)","A=136.0; B=50.0; C=22.5; 理论B=(A+C)/2=79.25; 估值偏差(实际-理论)=-29.25; 比例%=0.596; 归因=eg2701-eg2702 低估-16.2(整段偏差-29.2的主要来源); 同构=月差2,跨注销0,非同构(none/far/near,结构有利,插值为保守下限); 最小腿OI=373; 盘口空隙=14跳/0.285%",DCE.SP eg2701&eg2703,,,"组共8段, 仅取紧邻三元组"
2026-08-12 15:27:35,折角修复,kink,BR,br2610-br2611 | br2702-br2703 | br2706-br2707,做空B段(实际高于理论),0.005959,False,低流动性(钓鱼),False,back(-29.9元/月),33.3,,"(-135, 1, 265, 1)",A=55.0; B=65.0; C=-85.0; 理论B=(A+C)/2=-15.0; 价差(理论-实际)=-80.0; 主力价=13425; 比例%=0.5959; 同构性=同构; 最小腿OI=10; 盘口空隙=80跳/2.980%,,,,月差1 同构
2026-08-12 15:27:35,价差递延,butterfly,BZ,bz2610-bz2611-bz2612,做多蝶式(买后段卖前段),0.005952,True,,False,back(-118.2元/月),,,,(后段-前段)/绝对价=-0.005952; 前段=132.0; 后段=90.0; 注销状态=both; 最小腿OI=3251; 盘口空隙=8跳/0.111%,,,,
2026-08-12 15:27:35,同构价差对比,kink,LU,lu2610-lu2612 | lu2612-lu2702 | lu2702-lu2704,做空B段(B高于插值),0.00595,False,低流动性(钓鱼),False,back(-161.9元/月),16.7,,"(241, 1, 304, 1)","A=356.0; B=272.5; C=133.0; 理论B=(A+C)/2=244.5; 估值偏差(实际-理论)=28.0; 比例%=0.595; 归因=lu2612-lu2701 高估+14.0(整段偏差+28.0的主要来源); 同构=月差2,跨注销0,非同构(far/near/none,结构有利,插值为保守下限); 最小腿OI=20; 盘口空隙=63跳/1.339%",,,,"组共9段, 仅取紧邻三元组"
2026-08-12 15:27:35,折角修复,kink,OP,op2611-op2701 | op2702-op2704 | op2705-op2707,做空B段(实际高于理论),0.005928,False,低流动性(钓鱼),False,contango(+6.4元/月),,,"(-88, 2, 54, 2)",A=-51.0; B=-17.0; C=-29.0; 理论B=(A+C)/2=-40.0; 价差(理论-实际)=-23.0; 主力价=3880; 比例%=0.5928; 同构性=同构; 最小腿OI=0; 盘口空隙=71跳/3.660%,,,,月差2 同构
2026-08-12 15:27:35,注销后首月溢价,spread,SR,SR701-SR703,做多价差(买注销后首月卖次月),0.005906,True,,True,contango(+29.9元/月),83.3,40.0,"(-32, 150, -31, 867)","注销月=SR611; 价差=-31.5; 期限斜率t=7.69; 仓单佐证=中性(同期分位40%,当前24081); 最小腿OI=66691; 盘口空隙=1跳/0.019%",CZCE.SPD SR701&SR703,,,
2026-08-12 15:27:35,同构价差对比,kink,PF,PF609-PF612 | PF612-PF703 | PF703-PF706,做空B段(B高于插值),0.005904,False,低流动性(钓鱼),False,back(-57.8元/月),0.0,,"(98, 1, 122, 1)","A=135.0; B=110.0; C=-2.0; 理论B=(A+C)/2=66.5; 估值偏差(实际-理论)=43.5; 比例%=0.5904; 归因=PF612-PF701 高估+35.5(整段偏差+43.5的主要来源); 同构=月差3,跨注销0,同构; 最小腿OI=14; 盘口空隙=12跳/0.326%",CZCE.SPD PF612&PF703,,,"组共3段, 仅取紧邻三元组"
2026-08-12 15:27:35,折角修复,kink,SC,sc2612-sc2701 | sc2704-sc2705 | sc2708-sc2709,做空B段(实际高于理论),0.005841,False,低流动性(钓鱼),False,back(-4.1元/月),28.6,,"(-5.0, 1, 14.7, 1)",A=3.4499999999999997; B=4.85; C=-0.20000000000000018; 理论B=(A+C)/2=1.62; 价差(理论-实际)=-3.22; 主力价=552.1; 比例%=0.5841; 同构性=同构; 最小腿OI=1; 盘口空隙=197跳/3.568%,,,,月差1 同构
2026-08-12 15:27:35,折角修复,kink,PP,pp2611-pp2612 | pp2612-pp2701 | pp2701-pp2702,做多B段(实际低于理论),0.005834,True,,True,back(-180.4元/月),0.0,,"(66, 59, 68, 54)",A=134.5; B=67.0; C=97.0; 理论B=(A+C)/2=115.75; 价差(理论-实际)=48.75; 主力价=8356; 比例%=0.5834; 同构性=同构; 最小腿OI=4550; 盘口空隙=2跳/0.024%,DCE.SP pp2612&pp2701,,,月差1 同构
2026-08-12 15:27:35,同构价差对比,kink,PP,pp2611-pp2612 | pp2612-pp2701 | pp2701-pp2702,做多B段(B低于插值),0.005834,True,,True,back(-180.4元/月),0.0,,"(66, 59, 68, 54)","A=134.5; B=67.0; C=97.0; 理论B=(A+C)/2=115.75; 估值偏差(实际-理论)=-48.75; 比例%=0.5834; 归因=B即相邻月段; 同构=月差1,跨注销0,同构; 最小腿OI=4550; 盘口空隙=2跳/0.024%",DCE.SP pp2612&pp2701,,,"组共10段, 仅取紧邻三元组"
2026-08-12 15:27:35,同构价差对比,kink,SA,SA701-SA703 | SA703-SA705 | SA705-SA707,做多B段(B低于插值),0.005826,True,,False,contango(+13.4元/月),50.0,,"(-26, 78, -25, 347)","A=-27.5; B=-25.5; C=-12.0; 理论B=(A+C)/2=-19.75; 估值偏差(实际-理论)=-5.75; 比例%=0.5826; 归因=SA703-SA704 低估-3.8(整段偏差-5.8的主要来源); 同构=月差2,跨注销0,同构; 最小腿OI=3973; 盘口空隙=1跳/0.101%",CZCE.SPD SA703&SA705,,,"组共5段, 仅取紧邻三元组"
2026-08-12 15:27:35,同构价差对比,kink,AP,AP611-AP701 | AP701-AP703 | AP703-AP705,做多B段(B低于插值),0.005819,True,,False,back(-78.5元/月),16.7,,"(-16, 5, -10, 2)","A=136.5; B=-13.0; C=-71.5; 理论B=(A+C)/2=32.5; 估值偏差(实际-理论)=-45.5; 比例%=0.5819; 归因=B即相邻月段; 同构=月差2,跨注销1,同构; 最小腿OI=1176; 盘口空隙=6跳/0.077%",CZCE.SPD AP701&AP703,,,"组共3段, 仅取紧邻三元组"
2026-08-12 15:27:35,折角修复,kink,OP,op2701-op2703 | op2703-op2705 | op2705-op2707,做空B段(实际高于理论),0.005799,False,低流动性(钓鱼),False,contango(+6.4元/月),,,"(-74, 2, 84, 2)",A=-6.0; B=5.0; C=-29.0; 理论B=(A+C)/2=-17.5; 价差(理论-实际)=-22.5; 主力价=3880; 比例%=0.5799; 同构性=同构; 最小腿OI=0; 盘口空隙=79跳/4.072%,,,,月差2 同构
2026-08-12 15:27:35,同构价差对比,kink,OP,op2701-op2703 | op2703-op2705 | op2705-op2707,做空B段(B高于插值),0.005799,False,低流动性(钓鱼),False,contango(+6.4元/月),,,"(-74, 2, 84, 2)","A=-6.0; B=5.0; C=-29.0; 理论B=(A+C)/2=-17.5; 估值偏差(实际-理论)=22.5; 比例%=0.5799; 归因=op2704-op2705 高估+32.0(整段偏差+22.5的主要来源); 同构=月差2,跨注销1,同构; 最小腿OI=0; 盘口空隙=79跳/4.072%",,,,"组共9段, 仅取紧邻三元组"
2026-08-12 15:27:35,折角修复,kink,SC,sc2701-sc2703 | sc2703-sc2705 | sc2705-sc2707,做多B段(实际低于理论),0.005796,False,低流动性(钓鱼),True,back(-4.1元/月),28.6,,"(-7.4, 1, 13.5, 1)",A=6.5; B=3.05; C=6.0; 理论B=(A+C)/2=6.25; 价差(理论-实际)=3.2; 主力价=552.1; 比例%=0.5796; 同构性=同构; 最小腿OI=6; 盘口空隙=209跳/3.786%,,,,月差2 同构
2026-08-12 15:27:35,同构价差对比,kink,SC,sc2701-sc2703 | sc2703-sc2705 | sc2705-sc2707,做多B段(B低于插值),0.005796,False,低流动性(钓鱼),True,back(-4.1元/月),28.6,,"(-7.4, 1, 13.5, 1)","A=6.5; B=3.05; C=6.0; 理论B=(A+C)/2=6.25; 估值偏差(实际-理论)=-3.2; 比例%=0.5796; 归因=sc2703-sc2704 低估-4.0(整段偏差-3.2的主要来源); 同构=月差2,跨注销0,同构; 最小腿OI=6; 盘口空隙=209跳/3.786%",,,,"组共11段, 仅取紧邻三元组"
2026-08-12 15:27:35,价差递延,butterfly,NR,nr2611-nr2612-nr2701,做空蝶式(卖后段买前段),0.005795,False,低流动性(钓鱼),False,contango(+68.5元/月),50.0,,,(后段-前段)/绝对价=0.005795; 前段=-35.0; 后段=52.5; 注销状态=both; 最小腿OI=17955; 盘口空隙=31跳/1.040%,,,,
2026-08-12 15:27:35,折角修复,kink,BR,br2702-br2703 | br2703-br2704 | br2704-br2705,做多B段(实际低于理论),0.005773,False,低流动性(钓鱼),False,back(-29.9元/月),33.3,,"(-220, 2, 180, 1)",A=65.0; B=-20.0; C=50.0; 理论B=(A+C)/2=57.5; 价差(理论-实际)=77.5; 主力价=13425; 比例%=0.5773; 同构性=同构; 最小腿OI=31; 盘口空隙=80跳/2.980%,,,,月差1 同构
2026-08-12 15:27:35,折角修复,kink,BR,br2610-br2612 | br2612-br2702 | br2702-br2704,做多B段(实际低于理论),0.005773,False,低流动性(钓鱼),False,back(-29.9元/月),33.3,,"(-185, 1, 195, 1)",A=120.0; B=5.0; C=45.0; 理论B=(A+C)/2=82.5; 价差(理论-实际)=77.5; 主力价=13425; 比例%=0.5773; 同构性=同构; 最小腿OI=52; 盘口空隙=76跳/2.831%,,,,月差2 同构
2026-08-12 15:27:35,同构价差对比,kink,BR,br2702-br2703 | br2703-br2704 | br2704-br2705,做多B段(B低于插值),0.005773,False,低流动性(钓鱼),False,back(-29.9元/月),33.3,,"(-220, 2, 180, 1)","A=65.0; B=-20.0; C=50.0; 理论B=(A+C)/2=57.5; 估值偏差(实际-理论)=-77.5; 比例%=0.5773; 归因=B即相邻月段; 同构=月差1,跨注销0,同构; 最小腿OI=31; 盘口空隙=80跳/2.980%",,,,"组共10段, 仅取紧邻三元组"
2026-08-12 15:27:35,同构价差对比,kink,BR,br2610-br2612 | br2612-br2702 | br2702-br2704,做多B段(B低于插值),0.005773,False,低流动性(钓鱼),False,back(-29.9元/月),33.3,,"(-185, 1, 195, 1)","A=120.0; B=5.0; C=45.0; 理论B=(A+C)/2=82.5; 估值偏差(实际-理论)=-77.5; 比例%=0.5773; 归因=br2612-br2701 低估-62.5(整段偏差-77.5的主要来源); 同构=月差2,跨注销1,同构; 最小腿OI=52; 盘口空隙=76跳/2.831%",,,,"组共9段, 仅取紧邻三元组"
2026-08-12 15:27:35,价差递延,butterfly,PX,PX611-PX702-PX705,"做多蝶式(买后段卖前段,结构应后段>前段)",0.005772,False,低流动性(钓鱼),False,back(-44.1元/月),0.0,,,"前段=123.0; 后段=77.0; 蝶值(后-前)=-46.0; 结构基准E=2; 同构性=非同构(near/far),结构性不等式违背,|蝶值|为保守错价下限; 最小腿OI=131; 盘口空隙=60跳/1.506%",,,,泛化蝶式 月差3+3
2026-08-12 15:27:35,折角修复,kink,JM,jm2609-jm2610 | jm2701-jm2702 | jm2705-jm2706,做空B段(实际高于理论),0.005759,True,规则断层: jm2701起交割标准大幅提高，跨2612/2701的结构偏移为正常,False,contango(+28.4元/月),100.0,,"(10.0, 1, 11.0, 18)",A=2.5; B=10.5; C=1.5; 理论B=(A+C)/2=2.0; 价差(理论-实际)=-8.5; 主力价=1476.0; 比例%=0.5759; 同构性=同构; 最小腿OI=131; 盘口空隙=2跳/0.068%,DCE.SP jm2701&jm2702,,,月差1 同构
2026-08-12 15:27:35,折角修复,kink,P,p2609-p2610 | p2612-p2701 | p2703-p2704,做多B段(实际低于理论),0.005753,True,,False,contango(+67.9元/月),100.0,,"(-103, 5, -101, 1)",A=-47.0; B=-102.0; C=-45.5; 理论B=(A+C)/2=-46.25; 价差(理论-实际)=55.75; 主力价=9691; 比例%=0.5753; 同构性=同构; 最小腿OI=268; 盘口空隙=2跳/0.021%,DCE.SP p2612&p2701,,,月差1 同构
2026-08-12 15:27:35,价差递延,butterfly,I,i2703-i2705-i2707,"做多蝶式(买后段卖前段,结构应后段>前段)",0.00571,True,,False,back(-3.0元/月),83.3,,,"前段=7.25; 后段=3.25; 蝶值(后-前)=-4.0; 结构基准E=1; 同构性=非同构(near/none),结构性不等式违背,|蝶值|为保守错价下限; 最小腿OI=15602; 盘口空隙=2跳/0.142%",,,,泛化蝶式 月差2+2
2026-08-12 15:27:35,折角修复,kink,NR,nr2701-nr2703 | nr2703-nr2705 | nr2705-nr2707,做多B段(实际低于理论),0.005703,False,低流动性(钓鱼),False,contango(+68.5元/月),50.0,,"(-225, 1, 95, 1)",A=12.5; B=-65.0; C=27.5; 理论B=(A+C)/2=20.0; 价差(理论-实际)=85.0; 主力价=14905; 比例%=0.5703; 同构性=同构; 最小腿OI=2; 盘口空隙=64跳/2.147%,,,,月差2 同构
2026-08-12 15:27:35,同构价差对比,kink,NR,nr2701-nr2703 | nr2703-nr2705 | nr2705-nr2707,做多B段(B低于插值),0.005703,False,低流动性(钓鱼),False,contango(+68.5元/月),50.0,,"(-225, 1, 95, 1)","A=12.5; B=-65.0; C=27.5; 理论B=(A+C)/2=20.0; 估值偏差(实际-理论)=-85.0; 比例%=0.5703; 归因=nr2703-nr2704 低估-57.5(整段偏差-85.0的主要来源); 同构=月差2,跨注销1,同构; 最小腿OI=2; 盘口空隙=64跳/2.147%",,,,"组共9段, 仅取紧邻三元组"
2026-08-12 15:27:35,折角修复,kink,I,i2609-i2612 | i2612-i2703 | i2703-i2706,做多B段(实际低于理论),0.00567,True,,True,back(-3.0元/月),83.3,,"(6.0, 2, 7.5, 1)","A=12.25; B=6.75; C=9.25; 理论B=(A+C)/2=10.75; 价差(理论-实际)=4.0; 主力价=705.5; 比例%=0.567; 同构性=非同构(near/far/near,结构有利,插值为保守下限); 最小腿OI=25291; 盘口空隙=3跳/0.213%",DCE.SP i2612&i2703,,,月差3 非同构-结构有利
2026-08-12 15:27:35,价差递延,butterfly,LU,lu2705-lu2706-lu2707,做多蝶式(买后段卖前段),0.00567,False,低流动性(钓鱼),False,back(-161.9元/月),16.7,,,(后段-前段)/绝对价=-0.00567; 前段=41.5; 后段=19.0; 注销状态=none; 最小腿OI=17; 盘口空隙=403跳/8.564%,,,,
2026-08-12 15:27:35,同构价差对比,kink,I,i2609-i2612 | i2612-i2703 | i2703-i2706,做多B段(B低于插值),0.00567,True,,True,back(-3.0元/月),83.3,,"(6.0, 2, 7.5, 1)","A=12.25; B=6.75; C=9.25; 理论B=(A+C)/2=10.75; 估值偏差(实际-理论)=-4.0; 比例%=0.567; 归因=i2701-i2702 低估-2.5(整段偏差-4.0的主要来源); 同构=月差3,跨注销0,非同构(near/far/near,结构有利,插值为保守下限); 最小腿OI=25291; 盘口空隙=3跳/0.213%",DCE.SP i2612&i2703,,,"组共6段, 仅取紧邻三元组"
2026-08-12 15:27:35,波动传递,butterfly,PP,pp2704-pp2705-pp2706,前段波动显著高于后段(传递观察),0.00567,True,,False,back(-180.4元/月),0.0,,,前段20日波动=70.41; 后段20日波动=28.7; 归一差=0.00567; 最小腿OI=131; 盘口空隙=7跳/0.084%,,,,
2026-08-12 15:27:35,价差递延,butterfly,LU,lu2612-lu2701-lu2702,"做多蝶式(买后段卖前段,结构应后段>前段)",0.005644,False,低流动性(钓鱼),False,back(-161.9元/月),16.7,,,"前段=148.5; 后段=124.0; 蝶值(后-前)=-24.5; 结构基准E=1; 同构性=非同构(near/none),结构性不等式违背,|蝶值|为保守错价下限; 最小腿OI=249; 盘口空隙=99跳/2.104%",,,,泛化蝶式 月差1+1
2026-08-12 15:27:35,同构价差对比,kink,TA,TA610-TA701 | TA701-TA704 | TA704-TA707,做多B段(B低于插值),0.005638,False,低流动性(钓鱼),True,back(-42.3元/月),16.7,,"(48, 1, 80, 1)","A=154.0; B=64.0; C=39.0; 理论B=(A+C)/2=96.5; 估值偏差(实际-理论)=-32.5; 比例%=0.5638; 归因=TA703-TA704 低估-11.5(整段偏差-32.5的主要来源); 同构=月差3,跨注销0,同构; 最小腿OI=37; 盘口空隙=16跳/0.555%",CZCE.SPD TA701&TA704,,,"组共7段, 仅取紧邻三元组"
2026-08-12 15:27:35,价差递延,butterfly,SP,sp2610-sp2611-sp2612,做多蝶式(买后段卖前段),0.005606,False,低流动性(钓鱼),False,contango(+55.1元/月),83.3,,,(后段-前段)/绝对价=-0.005606; 前段=0.0; 后段=-26.0; 注销状态=both; 最小腿OI=440; 盘口空隙=12跳/0.517%,,,,
2026-08-12 15:27:35,价差递延,butterfly,B,b2705-b2706-b2707,做多蝶式(买后段卖前段),0.00559,True,,False,back(-14.2元/月),50.0,,,(后段-前段)/绝对价=-0.00559; 前段=18.0; 后段=-2.0; 注销状态=both; 最小腿OI=679; 盘口空隙=4跳/0.104%,,,,
2026-08-12 15:27:35,价差递延,butterfly,SC,sc2704-sc2705-sc2706,做多蝶式(买后段卖前段),0.005579,False,低流动性(钓鱼),False,back(-4.1元/月),28.6,,,(后段-前段)/绝对价=-0.005579; 前段=4.85; 后段=1.9; 注销状态=none; 最小腿OI=63; 盘口空隙=369跳/6.684%,,,,
2026-08-12 15:27:35,折角修复,kink,AD,ad2609-ad2610 | ad2612-ad2701 | ad2703-ad2704,做空B段(实际高于理论),0.005551,False,低流动性(钓鱼),False,contango(+60.4元/月),,,"(-285, 1, 460, 1)",A=-75.0; B=87.5; C=-12.5; 理论B=(A+C)/2=-43.75; 价差(理论-实际)=-131.25; 主力价=23645; 比例%=0.5551; 同构性=同构; 最小腿OI=1; 盘口空隙=149跳/3.151%,,,,月差1 同构
2026-08-12 15:27:35,折角修复,kink,BU,bu2701-bu2702 | bu2702-bu2703 | bu2703-bu2704,做多B段(实际低于理论),0.005541,False,低流动性(钓鱼),True,back(-140.5元/月),0.0,,"(-25, 1, 2, 1)",A=26.5; B=-11.5; C=-3.5; 理论B=(A+C)/2=11.5; 价差(理论-实际)=23.0; 主力价=4151; 比例%=0.5541; 同构性=同构; 最小腿OI=205; 盘口空隙=27跳/0.650%,,,,月差1 同构
2026-08-12 15:27:35,折角修复,kink,OP,op2611-op2612 | op2701-op2702 | op2703-op2704,做空B段(实际高于理论),0.005541,False,低流动性(钓鱼),False,contango(+6.4元/月),,,"(-52, 2, 66, 1)",A=-25.0; B=7.0; C=-4.0; 理论B=(A+C)/2=-14.5; 价差(理论-实际)=-21.5; 主力价=3880; 比例%=0.5541; 同构性=同构; 最小腿OI=0; 盘口空隙=59跳/3.041%,,,,月差1 同构
2026-08-12 15:27:35,同构价差对比,kink,BU,bu2701-bu2702 | bu2702-bu2703 | bu2703-bu2704,做多B段(B低于插值),0.005541,False,低流动性(钓鱼),True,back(-140.5元/月),0.0,,"(-25, 1, 2, 1)","A=26.5; B=-11.5; C=-3.5; 理论B=(A+C)/2=11.5; 估值偏差(实际-理论)=-23.0; 比例%=0.5541; 归因=B即相邻月段; 同构=月差1,跨注销0,同构; 最小腿OI=205; 盘口空隙=27跳/0.650%",,,,"组共10段, 仅取紧邻三元组"
2026-08-12 15:27:35,同构价差对比,kink,Y,y2611-y2701 | y2701-y2703 | y2703-y2705,做多B段(B低于插值),0.005538,True,,True,back(-25.6元/月),66.7,,"(46, 12, 48, 4)","A=30.5; B=47.0; C=157.0; 理论B=(A+C)/2=93.75; 估值偏差(实际-理论)=-46.75; 比例%=0.5538; 归因=B即相邻月段; 同构=月差2,跨注销0,非同构(near/far/near,结构有利,插值为保守下限); 最小腿OI=81900; 盘口空隙=2跳/0.024%",DCE.SP y2701&y2703,,,"组共5段, 仅取紧邻三元组"
2026-08-12 15:27:35,折角修复,kink,AO,ao2609-ao2610 | ao2610-ao2611 | ao2611-ao2612,做多B段(实际低于理论),0.005533,True,,False,contango(+14.3元/月),100.0,,"(-23, 1, -20, 2)",A=2.0; B=-21.5; C=-15.0; 理论B=(A+C)/2=-6.5; 价差(理论-实际)=15.0; 主力价=2711; 比例%=0.5533; 同构性=同构; 最小腿OI=23048; 盘口空隙=3跳/0.111%,,,,月差1 同构
2026-08-12 15:27:35,同构价差对比,kink,AO,ao2609-ao2610 | ao2610-ao2611 | ao2611-ao2612,做多B段(B低于插值),0.005533,True,,False,contango(+14.3元/月),100.0,,"(-23, 1, -20, 2)","A=2.0; B=-21.5; C=-15.0; 理论B=(A+C)/2=-6.5; 估值偏差(实际-理论)=-15.0; 比例%=0.5533; 归因=B即相邻月段; 同构=月差1,跨注销0,同构; 最小腿OI=23048; 盘口空隙=3跳/0.111%",,,,"组共10段, 仅取紧邻三元组"
2026-08-12 15:27:35,同构价差对比,kink,B,b2701-b2702 | b2702-b2703 | b2703-b2704,做多B段(B低于插值),0.005522,True,,False,back(-14.2元/月),50.0,,"(49, 6, 54, 4)","A=22.0; B=51.5; C=123.5; 理论B=(A+C)/2=72.75; 估值偏差(实际-理论)=-21.25; 比例%=0.5522; 归因=B即相邻月段; 同构=月差1,跨注销0,同构; 最小腿OI=636; 盘口空隙=5跳/0.130%",DCE.SP b2702&b2703,,,"组共10段, 仅取紧邻三元组"
2026-08-12 15:27:35,折角修复,kink,J,j2611-j2612 | j2612-j2701 | j2701-j2702,做多B段(实际低于理论),0.005509,True,,True,contango(+12.1元/月),66.7,,"(-21.5, 2, -20.5, 2)",A=-17.0; B=-21.0; C=-4.0; 理论B=(A+C)/2=-10.5; 价差(理论-实际)=10.5; 主力价=1906.0; 比例%=0.5509; 同构性=同构; 最小腿OI=577; 盘口空隙=2跳/0.052%,DCE.SP j2612&j2701,,,月差1 同构
2026-08-12 15:27:35,同构价差对比,kink,J,j2611-j2612 | j2612-j2701 | j2701-j2702,做多B段(B低于插值),0.005509,True,,True,contango(+12.1元/月),66.7,,"(-21.5, 2, -20.5, 2)","A=-17.0; B=-21.0; C=-4.0; 理论B=(A+C)/2=-10.5; 估值偏差(实际-理论)=-10.5; 比例%=0.5509; 归因=B即相邻月段; 同构=月差1,跨注销0,同构; 最小腿OI=577; 盘口空隙=2跳/0.052%",DCE.SP j2612&j2701,,,"组共10段, 仅取紧邻三元组"
2026-08-12 15:27:35,折角修复,kink,AD,ad2611-ad2612 | ad2612-ad2701 | ad2701-ad2702,做空B段(实际高于理论),0.005498,False,低流动性(钓鱼),False,contango(+60.4元/月),,,"(-285, 1, 460, 1)",A=0.0; B=87.5; C=-85.0; 理论B=(A+C)/2=-42.5; 价差(理论-实际)=-130.0; 主力价=23645; 比例%=0.5498; 同构性=同构; 最小腿OI=6; 盘口空隙=149跳/3.151%,,,,月差1 同构
2026-08-12 15:27:35,折角修复,kink,AD,ad2612-ad2701 | ad2701-ad2702 | ad2702-ad2703,做多B段(实际低于理论),0.005498,False,低流动性(钓鱼),False,contango(+60.4元/月),,,"(-465, 1, 295, 1)",A=87.5; B=-85.0; C=2.5; 理论B=(A+C)/2=45.0; 价差(理论-实际)=130.0; 主力价=23645; 比例%=0.5498; 同构性=同构; 最小腿OI=1; 盘口空隙=152跳/3.214%,,,,月差1 同构
2026-08-12 15:27:35,同构价差对比,kink,AD,ad2611-ad2612 | ad2612-ad2701 | ad2701-ad2702,做空B段(B高于插值),0.005498,False,低流动性(钓鱼),False,contango(+60.4元/月),,,"(-285, 1, 460, 1)","A=0.0; B=87.5; C=-85.0; 理论B=(A+C)/2=-42.5; 估值偏差(实际-理论)=130.0; 比例%=0.5498; 归因=B即相邻月段; 同构=月差1,跨注销0,同构; 最小腿OI=6; 盘口空隙=149跳/3.151%",,,,"组共10段, 仅取紧邻三元组"
2026-08-12 15:27:35,同构价差对比,kink,AD,ad2612-ad2701 | ad2701-ad2702 | ad2702-ad2703,做多B段(B低于插值),0.005498,False,低流动性(钓鱼),False,contango(+60.4元/月),,,"(-465, 1, 295, 1)","A=87.5; B=-85.0; C=2.5; 理论B=(A+C)/2=45.0; 估值偏差(实际-理论)=-130.0; 比例%=0.5498; 归因=B即相邻月段; 同构=月差1,跨注销0,同构; 最小腿OI=1; 盘口空隙=152跳/3.214%",,,,"组共10段, 仅取紧邻三元组"
2026-08-12 15:27:35,折角修复,kink,HC,hc2704-hc2705 | hc2705-hc2706 | hc2706-hc2707,做多B段(实际低于理论),0.00548,False,低流动性(钓鱼),False,contango(+5.5元/月),83.3,,"(-24, 2, -5, 1)",A=6.0; B=-14.5; C=0.5; 理论B=(A+C)/2=3.25; 价差(理论-实际)=17.75; 主力价=3239; 比例%=0.548; 同构性=同构; 最小腿OI=8; 盘口空隙=19跳/0.587%,,,,月差1 同构
2026-08-12 15:27:35,折角修复,kink,HC,hc2611-hc2701 | hc2701-hc2703 | hc2703-hc2705,做多B段(实际低于理论),0.00548,False,低流动性(钓鱼),False,contango(+5.5元/月),83.3,,"(-28, 1, -17, 2)",A=-14.5; B=-22.5; C=5.0; 理论B=(A+C)/2=-4.75; 价差(理论-实际)=17.75; 主力价=3239; 比例%=0.548; 同构性=同构; 最小腿OI=910; 盘口空隙=11跳/0.340%,,,,月差2 同构
2026-08-12 15:27:35,同构价差对比,kink,HC,hc2704-hc2705 | hc2705-hc2706 | hc2706-hc2707,做多B段(B低于插值),0.00548,False,低流动性(钓鱼),False,contango(+5.5元/月),83.3,,"(-24, 2, -5, 1)","A=6.0; B=-14.5; C=0.5; 理论B=(A+C)/2=3.25; 估值偏差(实际-理论)=-17.75; 比例%=0.548; 归因=B即相邻月段; 同构=月差1,跨注销0,同构; 最小腿OI=8; 盘口空隙=19跳/0.587%",,,,"组共10段, 仅取紧邻三元组"
2026-08-12 15:27:35,同构价差对比,kink,HC,hc2611-hc2701 | hc2701-hc2703 | hc2703-hc2705,做多B段(B低于插值),0.00548,False,低流动性(钓鱼),False,contango(+5.5元/月),83.3,,"(-28, 1, -17, 2)","A=-14.5; B=-22.5; C=5.0; 理论B=(A+C)/2=-4.75; 估值偏差(实际-理论)=-17.75; 比例%=0.548; 归因=hc2702-hc2703 低估-13.5(整段偏差-17.8的主要来源); 同构=月差2,跨注销1,同构; 最小腿OI=910; 盘口空隙=11跳/0.340%",,,,"组共9段, 仅取紧邻三元组"
2026-08-12 15:27:35,折角修复,kink,WR,wr2701-wr2703 | wr2703-wr2705 | wr2705-wr2707,做空B段(实际高于理论),0.005478,False,低流动性(钓鱼),False,contango(+8.8元/月),66.7,,"(-110, 1, 90, 1)",A=-17.5; B=-10.0; C=-38.5; 理论B=(A+C)/2=-28.0; 价差(理论-实际)=-18.0; 主力价=3286; 比例%=0.5478; 同构性=同构; 最小腿OI=0; 盘口空隙=200跳/6.086%,,,,月差2 同构
2026-08-12 15:27:35,同构价差对比,kink,WR,wr2701-wr2703 | wr2703-wr2705 | wr2705-wr2707,做空B段(B高于插值),0.005478,False,低流动性(钓鱼),False,contango(+8.8元/月),66.7,,"(-110, 1, 90, 1)","A=-17.5; B=-10.0; C=-38.5; 理论B=(A+C)/2=-28.0; 估值偏差(实际-理论)=18.0; 比例%=0.5478; 归因=wr2704-wr2705 高估+15.8(整段偏差+18.0的主要来源); 同构=月差2,跨注销1,同构; 最小腿OI=0; 盘口空隙=200跳/6.086%",,,,"组共9段, 仅取紧邻三元组"
2026-08-12 15:27:35,折角修复,kink,BZ,bz2612-bz2701 | bz2703-bz2704 | bz2706-bz2707,做多B段(实际低于理论),0.005467,True,,False,back(-118.2元/月),,,"(-13, 1, -9, 1)",A=48.5; B=-11.0; C=8.5; 理论B=(A+C)/2=28.5; 价差(理论-实际)=39.5; 主力价=7225; 比例%=0.5467; 同构性=同构; 最小腿OI=2; 盘口空隙=4跳/0.055%,DCE.SP bz2703&bz2704,,,月差1 同构
2026-08-12 15:27:35,价差递延,butterfly,SF,SF703-SF704-SF705,做多蝶式(买后段卖前段),0.005446,False,低流动性(钓鱼),False,back(-38.9元/月),0.0,,,(后段-前段)/绝对价=-0.005446; 前段=47.0; 后段=15.0; 注销状态=none; 最小腿OI=112; 盘口空隙=10跳/0.338%,,,,
2026-08-12 15:27:35,价差递延,butterfly,RU,ru2705-ru2706-ru2707,做空蝶式(卖后段买前段),0.005442,False,低流动性(钓鱼),False,contango(+176.5元/月),0.0,,,(后段-前段)/绝对价=0.005442; 前段=-45.0; 后段=52.5; 注销状态=both; 最小腿OI=33; 盘口空隙=103跳/2.869%,,,,
2026-08-12 15:27:35,折角修复,kink,FU,fu2610-fu2611 | fu2611-fu2612 | fu2612-fu2701,做空B段(实际高于理论),0.005421,True,,False,back(-97.8元/月),0.0,,"(105, 2, 109, 3)",A=97.0; B=107.0; C=79.0; 理论B=(A+C)/2=88.0; 价差(理论-实际)=-19.0; 主力价=3505; 比例%=0.5421; 同构性=同构; 最小腿OI=42294; 盘口空隙=4跳/0.114%,,,,月差1 同构
2026-08-12 15:27:35,同构价差对比,kink,FU,fu2610-fu2611 | fu2611-fu2612 | fu2612-fu2701,做空B段(B高于插值),0.005421,True,,False,back(-97.8元/月),0.0,,"(105, 2, 109, 3)","A=97.0; B=107.0; C=79.0; 理论B=(A+C)/2=88.0; 估值偏差(实际-理论)=19.0; 比例%=0.5421; 归因=B即相邻月段; 同构=月差1,跨注销0,同构; 最小腿OI=42294; 盘口空隙=4跳/0.114%",,,,"组共11段, 仅取紧邻三元组"
2026-08-12 15:27:35,折角修复,kink,BZ,bz2608-bz2609 | bz2611-bz2612 | bz2702-bz2703,做空B段(实际高于理论),0.005398,True,,False,back(-118.2元/月),,,"(88, 1, 92, 1)",A=80.0; B=90.0; C=22.0; 理论B=(A+C)/2=51.0; 价差(理论-实际)=-39.0; 主力价=7225; 比例%=0.5398; 同构性=同构; 最小腿OI=28; 盘口空隙=4跳/0.055%,DCE.SP bz2611&bz2612,,,月差1 同构
2026-08-12 15:27:35,折角修复,kink,BC,bc2702-bc2703 | bc2704-bc2705 | bc2706-bc2707,做空B段(实际高于理论),0.005385,False,低流动性(钓鱼),False,back(-159.1元/月),0.0,,"(-1850, 1, 2670, 1)",A=-245.0; B=410.0; C=25.0; 理论B=(A+C)/2=-110.0; 价差(理论-实际)=-520.0; 主力价=96570; 比例%=0.5385; 同构性=同构; 最小腿OI=1; 盘口空隙=452跳/4.681%,,,,月差1 同构
2026-08-12 15:27:35,价差递延,butterfly,BU,bu2609-bu2610-bu2611,"做空蝶式(卖后段买前段,结构应后段<前段)",0.005331,True,,False,back(-140.5元/月),0.0,,,"前段=165.0; 后段=188.0; 蝶值(后-前)=23.0; 结构基准E=-2; 同构性=非同构(far/near),结构性不等式违背,|蝶值|为保守错价下限; 最小腿OI=91433; 盘口空隙=4跳/0.096%",,,,泛化蝶式 月差1+1
2026-08-12 15:27:35,同构价差对比,kink,BZ,bz2612-bz2702 | bz2702-bz2704 | bz2704-bz2706,做多B段(B低于插值),0.005329,False,低流动性(钓鱼),False,back(-118.2元/月),,,"(-19, 2, 11, 1)","A=86.0; B=-4.0; C=-17.0; 理论B=(A+C)/2=34.5; 估值偏差(实际-理论)=-38.5; 比例%=0.5329; 归因=bz2703-bz2704 低估-24.0(整段偏差-38.5的主要来源); 同构=月差2,跨注销1,同构; 最小腿OI=7; 盘口空隙=30跳/0.415%",DCE.SP bz2702&bz2704,,,"组共9段, 仅取紧邻三元组"
2026-08-12 15:27:35,折角修复,kink,WR,wr2609-wr2610 | wr2610-wr2611 | wr2611-wr2612,做空B段(实际高于理论),0.005326,False,低流动性(钓鱼),False,contango(+8.8元/月),66.7,,"(-43, 1, 39, 2)",A=-23.5; B=-2.0; C=-15.5; 理论B=(A+C)/2=-19.5; 价差(理论-实际)=-17.5; 主力价=3286; 比例%=0.5326; 同构性=同构; 最小腿OI=1; 盘口空隙=82跳/2.495%,,,,月差1 同构
2026-08-12 15:27:35,同构价差对比,kink,WR,wr2609-wr2610 | wr2610-wr2611 | wr2611-wr2612,做空B段(B高于插值),0.005326,False,低流动性(钓鱼),False,contango(+8.8元/月),66.7,,"(-43, 1, 39, 2)","A=-23.5; B=-2.0; C=-15.5; 理论B=(A+C)/2=-19.5; 估值偏差(实际-理论)=17.5; 比例%=0.5326; 归因=B即相邻月段; 同构=月差1,跨注销0,同构; 最小腿OI=1; 盘口空隙=82跳/2.495%",,,,"组共10段, 仅取紧邻三元组"
2026-08-12 15:27:35,折角修复,kink,P,p2610-p2611 | p2612-p2701 | p2702-p2703,做多B段(实际低于理论),0.005314,True,,False,contango(+67.9元/月),100.0,,"(-103, 5, -101, 1)",A=-52.0; B=-102.0; C=-49.0; 理论B=(A+C)/2=-50.5; 价差(理论-实际)=51.5; 主力价=9691; 比例%=0.5314; 同构性=同构; 最小腿OI=2749; 盘口空隙=2跳/0.021%,DCE.SP p2612&p2701,,,月差1 同构
2026-08-12 15:27:35,同构价差对比,kink,P,p2701-p2703 | p2703-p2705 | p2705-p2707,做多B段(B低于插值),0.005314,True,,False,contango(+67.9元/月),100.0,,"(-81, 1, -77, 1)","A=-106.0; B=-79.0; C=51.0; 理论B=(A+C)/2=-27.5; 估值偏差(实际-理论)=-51.5; 比例%=0.5314; 归因=p2703-p2704 低估-25.2(整段偏差-51.5的主要来源); 同构=月差2,跨注销1,同构; 最小腿OI=131; 盘口空隙=4跳/0.041%",DCE.SP p2703&p2705,,,"组共9段, 仅取紧邻三元组"
2026-08-12 15:27:35,价差递延,butterfly,TL,TL2609-TL2612-TL2703,做空蝶式(卖后段买前段),0.005309,True,"仅提示(现金交割:集运/国债,不参与)",False,contango(+0.1元/月),100.0,,,(后段-前段)/绝对价=0.005309; 前段=-0.32; 后段=0.29500000000000004; 注销状态=both; 最小腿OI=4995; 盘口空隙=7跳/0.060%,,,,
2026-08-12 15:27:35,折角修复,kink,BR,br2701-br2702 | br2702-br2703 | br2703-br2704,做空B段(实际高于理论),0.005307,False,低流动性(钓鱼),False,back(-29.9元/月),33.3,,"(-135, 1, 265, 1)",A=7.5; B=65.0; C=-20.0; 理论B=(A+C)/2=-6.25; 价差(理论-实际)=-71.25; 主力价=13425; 比例%=0.5307; 同构性=同构; 最小腿OI=31; 盘口空隙=80跳/2.980%,,,,月差1 同构
2026-08-12 15:27:35,同构价差对比,kink,BR,br2701-br2702 | br2702-br2703 | br2703-br2704,做空B段(B高于插值),0.005307,False,低流动性(钓鱼),False,back(-29.9元/月),33.3,,"(-135, 1, 265, 1)","A=7.5; B=65.0; C=-20.0; 理论B=(A+C)/2=-6.25; 估值偏差(实际-理论)=71.25; 比例%=0.5307; 归因=B即相邻月段; 同构=月差1,跨注销0,同构; 最小腿OI=31; 盘口空隙=80跳/2.980%",,,,"组共10段, 仅取紧邻三元组"
2026-08-12 15:27:35,价差递延,butterfly,RR,rr2702-rr2703-rr2704,做空蝶式(卖后段买前段),0.005294,False,低流动性(钓鱼),False,back(-25.9元/月),0.0,,,(后段-前段)/绝对价=0.005294; 前段=-14.0; 后段=5.0; 注销状态=both; 最小腿OI=18; 盘口空隙=14跳/0.386%,,,,
2026-08-12 15:27:35,价差递延,butterfly,BR,br2703-br2704-br2705,做空蝶式(卖后段买前段),0.005285,False,低流动性(钓鱼),False,back(-29.9元/月),33.3,,,(后段-前段)/绝对价=0.005285; 前段=-20.0; 后段=50.0; 注销状态=both; 最小腿OI=31; 盘口空隙=160跳/5.959%,,,,
2026-08-12 15:27:35,折角修复,kink,OP,op2609-op2610 | op2612-op2701 | op2703-op2704,做多B段(实际低于理论),0.005284,False,低流动性(钓鱼),False,contango(+6.4元/月),,,"(-86, 1, 34, 2)",A=-7.0; B=-26.0; C=-4.0; 理论B=(A+C)/2=-5.5; 价差(理论-实际)=20.5; 主力价=3880; 比例%=0.5284; 同构性=同构; 最小腿OI=0; 盘口空隙=60跳/3.093%,,,,月差1 同构
2026-08-12 15:27:35,折角修复,kink,NR,nr2612-nr2702 | nr2702-nr2704 | nr2704-nr2706,做多B段(实际低于理论),0.005283,False,低流动性(钓鱼),False,contango(+68.5元/月),50.0,,"(-150, 1, 55, 1)",A=72.5; B=-47.5; C=-10.0; 理论B=(A+C)/2=31.25; 价差(理论-实际)=78.75; 主力价=14905; 比例%=0.5283; 同构性=同构; 最小腿OI=13; 盘口空隙=41跳/1.375%,,,,月差2 同构
2026-08-12 15:27:35,同构价差对比,kink,NR,nr2612-nr2702 | nr2702-nr2704 | nr2704-nr2706,做多B段(B低于插值),0.005283,False,低流动性(钓鱼),False,contango(+68.5元/月),50.0,,"(-150, 1, 55, 1)","A=72.5; B=-47.5; C=-10.0; 理论B=(A+C)/2=31.25; 估值偏差(实际-理论)=-78.75; 比例%=0.5283; 归因=nr2703-nr2704 低估-57.5(整段偏差-78.8的主要来源); 同构=月差2,跨注销1,同构; 最小腿OI=13; 盘口空隙=41跳/1.375%",,,,"组共9段, 仅取紧邻三元组"
2026-08-12 15:27:35,折角修复,kink,ZN,zn2608-zn2611 | zn2611-zn2702 | zn2702-zn2705,做空B段(实际高于理论),0.005267,False,低流动性(钓鱼),False,contango(+5.2元/月),100.0,,"(35, 2, 225, 1)",A=-97.5; B=130.0; C=85.0; 理论B=(A+C)/2=-6.25; 价差(理论-实际)=-136.25; 主力价=25870; 比例%=0.5267; 同构性=同构; 最小腿OI=156; 盘口空隙=38跳/0.734%,,,,月差3 同构
2026-08-12 15:27:35,折角修复,kink,AL,al2610-al2701 | al2701-al2704 | al2704-al2707,做多B段(实际低于理论),0.00525,False,低流动性(钓鱼),True,back(-15.5元/月),83.3,,"(-115, 1, 20, 1)",A=100.0; B=-47.5; C=60.0; 理论B=(A+C)/2=80.0; 价差(理论-实际)=127.5; 主力价=24285; 比例%=0.525; 同构性=同构; 最小腿OI=429; 盘口空隙=27跳/0.556%,,,,月差3 同构
2026-08-12 15:27:35,同构价差对比,kink,AL,al2610-al2701 | al2701-al2704 | al2704-al2707,做多B段(B低于插值),0.00525,False,低流动性(钓鱼),True,back(-15.5元/月),83.3,,"(-115, 1, 20, 1)","A=100.0; B=-47.5; C=60.0; 理论B=(A+C)/2=80.0; 估值偏差(实际-理论)=-127.5; 比例%=0.525; 归因=al2701-al2702 低估-100.0(整段偏差-127.5的主要来源); 同构=月差3,跨注销0,同构; 最小腿OI=429; 盘口空隙=27跳/0.556%",,,,"组共8段, 仅取紧邻三元组"
2026-08-12 15:27:35,价差递延,butterfly,SI,si2608-si2609-si2610,做空蝶式(卖后段买前段),0.005248,False,低流动性(钓鱼),False,contango(+72.1元/月),0.0,,,(后段-前段)/绝对价=0.005248; 前段=-42.5; 后段=2.5; 注销状态=none; 最小腿OI=208; 盘口空隙=8跳/0.463%,,,,
2026-08-12 15:27:35,折角修复,kink,BU,bu2609-bu2610 | bu2610-bu2611 | bu2611-bu2612,做空B段(实际高于理论),0.00524,True,,False,back(-140.5元/月),0.0,,"(187, 4, 189, 1)","A=165.0; B=188.0; C=167.5; 理论B=(A+C)/2=166.25; 价差(理论-实际)=-21.75; 主力价=4151; 比例%=0.524; 同构性=非同构(far/near/none,结构有利,插值为保守下限); 最小腿OI=81153; 盘口空隙=2跳/0.048%",,,,月差1 非同构-结构有利
2026-08-12 15:27:35,同构价差对比,kink,BU,bu2609-bu2610 | bu2610-bu2611 | bu2611-bu2612,做空B段(B高于插值),0.00524,True,,False,back(-140.5元/月),0.0,,"(187, 4, 189, 1)","A=165.0; B=188.0; C=167.5; 理论B=(A+C)/2=166.25; 估值偏差(实际-理论)=21.75; 比例%=0.524; 归因=B即相邻月段; 同构=月差1,跨注销0,非同构(far/near/none,结构有利,插值为保守下限); 最小腿OI=81153; 盘口空隙=2跳/0.048%",,,,"组共10段, 仅取紧邻三元组"
2026-08-12 15:27:35,价差递延,butterfly,PD,pd2702-pd2704-pd2706,做多蝶式(买后段卖前段),0.00521,False,低流动性(钓鱼),False,contango(+1.4元/月),,,,(后段-前段)/绝对价=-0.00521; 前段=-0.9500000000000002; 后段=-2.675; 注销状态=none; 最小腿OI=19; 盘口空隙=455跳/6.972%,,,,
2026-08-12 15:27:35,价差递延,butterfly,EB,eb2608-eb2609-eb2610,做多蝶式(买后段卖前段),0.005189,False,低流动性(钓鱼),False,back(-111.7元/月),33.3,,,(后段-前段)/绝对价=-0.005189; 前段=170.0; 后段=126.0; 注销状态=both; 最小腿OI=2398; 盘口空隙=42跳/0.512%,,,,
2026-08-12 15:27:35,折角修复,kink,WR,wr2610-wr2611 | wr2611-wr2612 | wr2612-wr2701,做多B段(实际低于理论),0.005173,False,低流动性(钓鱼),False,contango(+8.8元/月),66.7,,"(-84, 1, 53, 1)",A=-2.0; B=-15.5; C=5.0; 理论B=(A+C)/2=1.5; 价差(理论-实际)=17.0; 主力价=3286; 比例%=0.5173; 同构性=同构; 最小腿OI=1; 盘口空隙=137跳/4.169%,,,,月差1 同构
2026-08-12 15:27:35,同构价差对比,kink,WR,wr2610-wr2611 | wr2611-wr2612 | wr2612-wr2701,做多B段(B低于插值),0.005173,False,低流动性(钓鱼),False,contango(+8.8元/月),66.7,,"(-84, 1, 53, 1)","A=-2.0; B=-15.5; C=5.0; 理论B=(A+C)/2=1.5; 估值偏差(实际-理论)=-17.0; 比例%=0.5173; 归因=B即相邻月段; 同构=月差1,跨注销0,同构; 最小腿OI=1; 盘口空隙=137跳/4.169%",,,,"组共10段, 仅取紧邻三元组"
2026-08-12 15:27:35,折角修复,kink,HC,hc2608-hc2609 | hc2610-hc2611 | hc2612-hc2701,做空B段(实际高于理论),0.005171,True,,False,contango(+5.5元/月),83.3,,"(-3, 12, 1, 13)",A=-28.5; B=-1.0; C=-7.0; 理论B=(A+C)/2=-17.75; 价差(理论-实际)=-16.75; 主力价=3239; 比例%=0.5171; 同构性=同构; 最小腿OI=480; 盘口空隙=4跳/0.123%,,,,月差1 同构
2026-08-12 15:27:35,价差递延,butterfly,LG,lg2703-lg2705-lg2707,做空蝶式(卖后段买前段),0.005167,False,低流动性(钓鱼),False,back(-0.8元/月),,,,(后段-前段)/绝对价=0.005167; 前段=-2.5; 后段=1.75; 注销状态=both; 最小腿OI=282; 盘口空隙=5跳/0.302%,,,,
2026-08-12 15:27:35,折角修复,kink,AO,ao2701-ao2703 | ao2703-ao2705 | ao2705-ao2707,做空B段(实际高于理论),0.005164,False,低流动性(钓鱼),False,contango(+14.3元/月),100.0,,"(-36, 1, -11, 4)",A=-34.0; B=-23.5; C=-41.0; 理论B=(A+C)/2=-37.5; 价差(理论-实际)=-14.0; 主力价=2711; 比例%=0.5164; 同构性=同构; 最小腿OI=131; 盘口空隙=25跳/0.922%,,,,月差2 同构
2026-08-12 15:27:35,同构价差对比,kink,AO,ao2701-ao2703 | ao2703-ao2705 | ao2705-ao2707,做空B段(B高于插值),0.005164,False,低流动性(钓鱼),False,contango(+14.3元/月),100.0,,"(-36, 1, -11, 4)","A=-34.0; B=-23.5; C=-41.0; 理论B=(A+C)/2=-37.5; 估值偏差(实际-理论)=14.0; 比例%=0.5164; 归因=ao2704-ao2705 高估+12.5(整段偏差+14.0的主要来源); 同构=月差2,跨注销1,同构; 最小腿OI=131; 盘口空隙=25跳/0.922%",,,,"组共9段, 仅取紧邻三元组"
2026-08-12 15:27:35,折角修复,kink,SC,sc2703-sc2705 | sc2705-sc2707 | sc2707-sc2709,做空B段(实际高于理论),0.005162,False,低流动性(钓鱼),False,back(-4.1元/月),28.6,,"(-5.3, 1, 17.3, 1)",A=3.05; B=6.0; C=3.2499999999999996; 理论B=(A+C)/2=3.15; 价差(理论-实际)=-2.85; 主力价=552.1; 比例%=0.5162; 同构性=同构; 最小腿OI=6; 盘口空隙=226跳/4.093%,,,,月差2 同构
2026-08-12 15:27:35,同构价差对比,kink,SC,sc2703-sc2705 | sc2705-sc2707 | sc2707-sc2709,做空B段(B高于插值),0.005162,False,低流动性(钓鱼),False,back(-4.1元/月),28.6,,"(-5.3, 1, 17.3, 1)","A=3.05; B=6.0; C=3.2499999999999996; 理论B=(A+C)/2=3.15; 估值偏差(实际-理论)=2.85; 比例%=0.5162; 归因=sc2706-sc2707 高估+1.8(整段偏差+2.9的主要来源); 同构=月差2,跨注销0,同构; 最小腿OI=6; 盘口空隙=226跳/4.093%",,,,"组共11段, 仅取紧邻三元组"
2026-08-12 15:27:35,折角修复,kink,I,i2701-i2703 | i2703-i2705 | i2705-i2707,做空B段(实际高于理论),0.005138,True,,False,back(-3.0元/月),83.3,,"(7.0, 64, 7.5, 36)","A=4.0; B=7.25; C=3.25; 理论B=(A+C)/2=3.62; 价差(理论-实际)=-3.62; 主力价=705.5; 比例%=0.5138; 同构性=非同构(far/near/none,结构有利,插值为保守下限); 最小腿OI=15602; 盘口空隙=1跳/0.071%",DCE.SP i2703&i2705,,,月差2 非同构-结构有利
2026-08-12 15:27:35,同构价差对比,kink,I,i2701-i2703 | i2703-i2705 | i2705-i2707,做空B段(B高于插值),0.005138,True,,False,back(-3.0元/月),83.3,,"(7.0, 64, 7.5, 36)","A=4.0; B=7.25; C=3.25; 理论B=(A+C)/2=3.62; 估值偏差(实际-理论)=3.62; 比例%=0.5138; 归因=i2704-i2705 高估+2.8(整段偏差+3.6的主要来源); 同构=月差2,跨注销0,非同构(far/near/none,结构有利,插值为保守下限); 最小腿OI=15602; 盘口空隙=1跳/0.071%",DCE.SP i2703&i2705,,,"组共8段, 仅取紧邻三元组"
2026-08-12 15:27:35,折角修复,kink,FG,FG611-FG701 | FG701-FG703 | FG703-FG705,做空B段(实际高于理论),0.005125,True,,False,contango(+18.0元/月),83.3,,"(-35, 1070, -34, 9)",A=-36.5; B=-34.5; C=-41.5; 理论B=(A+C)/2=-39.0; 价差(理论-实际)=-4.5; 主力价=878; 比例%=0.5125; 同构性=同构; 最小腿OI=41377; 盘口空隙=1跳/0.114%,CZCE.SPD FG701&FG703,,,月差2 同构
2026-08-12 15:27:35,同构价差对比,kink,FG,FG611-FG701 | FG701-FG703 | FG703-FG705,做空B段(B高于插值),0.005125,True,,False,contango(+18.0元/月),83.3,,"(-35, 1070, -34, 9)","A=-36.5; B=-34.5; C=-41.5; 理论B=(A+C)/2=-39.0; 估值偏差(实际-理论)=4.5; 比例%=0.5125; 归因=FG701-FG702 高估+6.8(整段偏差+4.5的主要来源); 同构=月差2,跨注销0,同构; 最小腿OI=41377; 盘口空隙=1跳/0.114%",CZCE.SPD FG701&FG703,,,"组共5段, 仅取紧邻三元组"
2026-08-12 15:27:35,同构价差对比,kink,L,l2609-l2610 | l2610-l2611 | l2611-l2612,做多B段(B低于插值),0.00509,True,,True,back(-96.9元/月),0.0,,"(89, 19, 90, 6)","A=195.0; B=89.5; C=63.5; 理论B=(A+C)/2=129.25; 估值偏差(实际-理论)=-39.75; 比例%=0.509; 归因=B即相邻月段; 同构=月差1,跨注销0,同构; 最小腿OI=68277; 盘口空隙=1跳/0.013%",DCE.SP l2610&l2611,,,"组共10段, 仅取紧邻三元组"
2026-08-12 15:27:35,价差递延,butterfly,SC,sc2610-sc2611-sc2612,做多蝶式(买后段卖前段),0.005072,True,,False,back(-4.1元/月),28.6,,,(后段-前段)/绝对价=-0.005072; 前段=6.8; 后段=4.0; 注销状态=none; 最小腿OI=8743; 盘口空隙=10跳/0.181%,,,,
2026-08-12 15:27:35,折角修复,kink,SA,SA608-SA609 | SA610-SA611 | SA612-SA701,做空B段(实际高于理论),0.005066,True,,False,contango(+13.4元/月),50.0,,"(-3, 3342, -2, 302)",A=-12.5; B=-2.5; C=-2.5; 理论B=(A+C)/2=-7.5; 价差(理论-实际)=-5.0; 主力价=987; 比例%=0.5066; 同构性=同构; 最小腿OI=5488; 盘口空隙=1跳/0.101%,CZCE.SPD SA610&SA611,,,月差1 同构
2026-08-12 15:27:35,价差递延,butterfly,OP,op2701-op2702-op2703,做多蝶式(买后段卖前段),0.005056,False,低流动性(钓鱼),False,contango(+6.4元/月),,,,(后段-前段)/绝对价=-0.005056; 前段=7.0; 后段=-13.0; 注销状态=both; 最小腿OI=0; 盘口空隙=130跳/6.701%,,,,
2026-08-12 15:27:35,价差递延,butterfly,BR,br2611-br2612-br2701,做多蝶式(买后段卖前段),0.005054,False,低流动性(钓鱼),False,back(-29.9元/月),33.3,,,(后段-前段)/绝对价=-0.005054; 前段=65.0; 后段=-2.5; 注销状态=both; 最小腿OI=734; 盘口空隙=53跳/1.974%,,,,
2026-08-12 15:27:35,价差递延,butterfly,FU,fu2702-fu2703-fu2704,做多蝶式(买后段卖前段),0.005049,False,低流动性(钓鱼),False,back(-97.8元/月),0.0,,,(后段-前段)/绝对价=-0.005049; 前段=56.0; 后段=39.5; 注销状态=none; 最小腿OI=312; 盘口空隙=57跳/1.626%,,,,
2026-08-12 15:27:35,价差递延,butterfly,NI,ni2702-ni2703-ni2704,做空蝶式(卖后段买前段),0.005033,False,低流动性(钓鱼),False,contango(+266.5元/月),83.3,,,(后段-前段)/绝对价=0.005033; 前段=-445.0; 后段=210.0; 注销状态=none; 最小腿OI=949; 盘口空隙=401跳/3.116%,,,,
2026-08-12 15:27:35,同构价差对比,kink,BU,bu2610-bu2612 | bu2612-bu2702 | bu2702-bu2704,做多B段(B低于插值),0.004999,False,低流动性(钓鱼),True,back(-140.5元/月),0.0,,"(142, 1, 157, 2)","A=355.5; B=149.5; C=-15.0; 理论B=(A+C)/2=170.25; 估值偏差(实际-理论)=-20.75; 比例%=0.4999; 归因=bu2701-bu2702 低估-55.5(整段偏差-20.8的主要来源); 同构=月差2,跨注销0,非同构(near/none/none,结构有利,插值为保守下限); 最小腿OI=205; 盘口空隙=15跳/0.361%",,,,"组共9段, 仅取紧邻三元组"
2026-08-12 15:27:35,折角修复,kink,SC,sc2609-sc2610 | sc2610-sc2611 | sc2611-sc2612,做空B段(实际高于理论),0.004981,True,,False,back(-4.1元/月),28.6,,"(6.6, 2, 7.0, 1)",A=4.1; B=6.8; C=4.0; 理论B=(A+C)/2=4.05; 价差(理论-实际)=-2.75; 主力价=552.1; 比例%=0.4981; 同构性=同构; 最小腿OI=8743; 盘口空隙=4跳/0.072%,,,,月差1 同构
2026-08-12 15:27:35,同构价差对比,kink,SC,sc2609-sc2610 | sc2610-sc2611 | sc2611-sc2612,做空B段(B高于插值),0.004981,True,,False,back(-4.1元/月),28.6,,"(6.6, 2, 7.0, 1)","A=4.1; B=6.8; C=4.0; 理论B=(A+C)/2=4.05; 估值偏差(实际-理论)=2.75; 比例%=0.4981; 归因=B即相邻月段; 同构=月差1,跨注销0,同构; 最小腿OI=8743; 盘口空隙=4跳/0.072%",,,,"组共12段, 仅取紧邻三元组"
2026-08-12 15:27:35,折角修复,kink,AO,ao2609-ao2611 | ao2612-ao2702 | ao2703-ao2705,做多B段(实际低于理论),0.00498,False,低流动性(钓鱼),False,contango(+14.3元/月),100.0,,"(-51, 1, -19, 1)",A=-19.5; B=-35.0; C=-23.5; 理论B=(A+C)/2=-21.5; 价差(理论-实际)=13.5; 主力价=2711; 比例%=0.498; 同构性=同构; 最小腿OI=353; 盘口空隙=32跳/1.180%,,,,月差2 同构
2026-08-12 15:27:35,同构价差对比,kink,EB,eb2609-eb2612 | eb2612-eb2703 | eb2703-eb2706,做多B段(B低于插值),0.004965,True,,False,back(-111.7元/月),33.3,,"(172, 1, 188, 1)","A=356.5; B=180.0; C=85.0; 理论B=(A+C)/2=220.75; 估值偏差(实际-理论)=-40.75; 比例%=0.4965; 归因=eb2702-eb2703 低估-32.8(整段偏差-40.8的主要来源); 同构=月差3,跨注销2,同构; 最小腿OI=72; 盘口空隙=16跳/0.195%",DCE.SP eb2612&eb2703,,,"组共8段, 仅取紧邻三元组"
2026-08-12 15:27:35,折角修复,kink,HC,hc2609-hc2610 | hc2610-hc2611 | hc2611-hc2612,做空B段(实际高于理论),0.00494,True,,False,contango(+5.5元/月),83.3,,"(-3, 12, 1, 13)",A=-26.5; B=-1.0; C=-7.5; 理论B=(A+C)/2=-17.0; 价差(理论-实际)=-16.0; 主力价=3239; 比例%=0.494; 同构性=同构; 最小腿OI=1187; 盘口空隙=4跳/0.123%,,,,月差1 同构
2026-08-12 15:27:35,同构价差对比,kink,HC,hc2609-hc2610 | hc2610-hc2611 | hc2611-hc2612,做空B段(B高于插值),0.00494,True,,False,contango(+5.5元/月),83.3,,"(-3, 12, 1, 13)","A=-26.5; B=-1.0; C=-7.5; 理论B=(A+C)/2=-17.0; 估值偏差(实际-理论)=16.0; 比例%=0.494; 归因=B即相邻月段; 同构=月差1,跨注销0,同构; 最小腿OI=1187; 盘口空隙=4跳/0.123%",,,,"组共10段, 仅取紧邻三元组"
2026-08-12 15:27:35,价差递延,butterfly,BU,bu2610-bu2611-bu2612,"做多蝶式(买后段卖前段,结构应后段>前段)",0.004939,True,,False,back(-140.5元/月),0.0,,,"前段=188.0; 后段=167.5; 蝶值(后-前)=-20.5; 结构基准E=1; 同构性=非同构(near/none),结构性不等式违背,|蝶值|为保守错价下限; 最小腿OI=81153; 盘口空隙=5跳/0.120%",,,,泛化蝶式 月差1+1
2026-08-12 15:27:35,折角修复,kink,SI,si2701-si2702 | si2703-si2704 | si2705-si2706,做多B段(实际低于理论),0.004919,False,低流动性(钓鱼),True,contango(+72.1元/月),0.0,,"(-110, 1, -25, 1)",A=-62.5; B=-67.5; C=12.5; 理论B=(A+C)/2=-25.0; 价差(理论-实际)=42.5; 主力价=8640; 比例%=0.4919; 同构性=同构; 最小腿OI=59; 盘口空隙=17跳/0.984%,,,,月差1 同构
2026-08-12 15:27:35,折角修复,kink,JM,jm2610-jm2612 | jm2701-jm2703 | jm2704-jm2706,做空B段(实际高于理论),0.004912,True,规则断层: jm2701起交割标准大幅提高，跨2612/2701的结构偏移为正常,False,contango(+28.4元/月),100.0,,"(17.0, 3, 18.5, 1)",A=10.0; B=17.75; C=11.0; 理论B=(A+C)/2=10.5; 价差(理论-实际)=-7.25; 主力价=1476.0; 比例%=0.4912; 同构性=同构; 最小腿OI=131; 盘口空隙=3跳/0.102%,DCE.SP jm2701&jm2703,,,月差2 同构
2026-08-12 15:27:35,折角修复,kink,BC,bc2612-bc2701 | bc2702-bc2703 | bc2704-bc2705,做多B段(实际低于理论),0.004893,False,低流动性(钓鱼),True,back(-159.1元/月),0.0,,"(-2500, 1, 2010, 1)",A=45.0; B=-245.0; C=410.0; 理论B=(A+C)/2=227.5; 价差(理论-实际)=472.5; 主力价=96570; 比例%=0.4893; 同构性=同构; 最小腿OI=1; 盘口空隙=451跳/4.670%,,,,月差1 同构
2026-08-12 15:27:35,折角修复,kink,AO,ao2609-ao2610 | ao2701-ao2702 | ao2705-ao2706,做多B段(实际低于理论),0.004887,False,低流动性(钓鱼),False,contango(+14.3元/月),100.0,,"(-28, 4, -7, 5)",A=2.0; B=-17.5; C=-10.5; 理论B=(A+C)/2=-4.25; 价差(理论-实际)=13.25; 主力价=2711; 比例%=0.4887; 同构性=同构; 最小腿OI=64; 盘口空隙=21跳/0.775%,,,,月差1 同构
2026-08-12 15:27:35,折角修复,kink,BC,bc2611-bc2701 | bc2701-bc2703 | bc2703-bc2705,做多B段(实际低于理论),0.004867,False,低流动性(钓鱼),True,back(-159.1元/月),0.0,,"(-2120, 1, 1750, 1)",A=160.0; B=-185.0; C=410.0; 理论B=(A+C)/2=285.0; 价差(理论-实际)=470.0; 主力价=96570; 比例%=0.4867; 同构性=同构; 最小腿OI=1; 盘口空隙=387跳/4.007%,,,,月差2 同构
2026-08-12 15:27:35,同构价差对比,kink,BC,bc2611-bc2701 | bc2701-bc2703 | bc2703-bc2705,做多B段(B低于插值),0.004867,False,低流动性(钓鱼),True,back(-159.1元/月),0.0,,"(-2120, 1, 1750, 1)","A=160.0; B=-185.0; C=410.0; 理论B=(A+C)/2=285.0; 估值偏差(实际-理论)=-470.0; 比例%=0.4867; 归因=bc2702-bc2703 低估-472.5(整段偏差-470.0的主要来源); 同构=月差2,跨注销0,同构; 最小腿OI=1; 盘口空隙=387跳/4.007%",,,,"组共9段, 仅取紧邻三元组"
2026-08-12 15:27:35,折角修复,kink,AD,ad2610-ad2611 | ad2612-ad2701 | ad2702-ad2703,做空B段(实际高于理论),0.004864,False,低流动性(钓鱼),False,contango(+60.4元/月),,,"(-285, 1, 460, 1)",A=-57.5; B=87.5; C=2.5; 理论B=(A+C)/2=-27.5; 价差(理论-实际)=-115.0; 主力价=23645; 比例%=0.4864; 同构性=同构; 最小腿OI=1; 盘口空隙=149跳/3.151%,,,,月差1 同构
2026-08-12 15:27:35,折角修复,kink,NR,nr2612-nr2701 | nr2703-nr2704 | nr2706-nr2707,做多B段(实际低于理论),0.004864,False,低流动性(钓鱼),False,contango(+68.5元/月),50.0,,"(-190, 1, 110, 1)",A=52.5; B=-40.0; C=12.5; 理论B=(A+C)/2=32.5; 价差(理论-实际)=72.5; 主力价=14905; 比例%=0.4864; 同构性=同构; 最小腿OI=2; 盘口空隙=60跳/2.013%,,,,月差1 同构
2026-08-12 15:27:35,注销后首月溢价,spread,C,c2705-c2707,做多价差(买注销后首月卖次月),0.004825,True,,True,back(-0.5元/月),66.7,40.0,"(-12, 73, -10, 166)","注销月=c2703; 价差=-11.0; 期限斜率t=1.86; 仓单佐证=中性(同期分位40%,当前45725); 最小腿OI=33454; 盘口空隙=2跳/0.090%",DCE.SP c2705&c2707,,,
2026-08-12 15:27:35,折角修复,kink,PF,PF609-PF610 | PF612-PF701 | PF703-PF704,做空B段(实际高于理论),0.004818,True,,False,back(-57.8元/月),0.0,,"(20, 6, 24, 3)",A=3.0; B=22.0; C=-30.0; 理论B=(A+C)/2=-13.5; 价差(理论-实际)=-35.5; 主力价=7368; 比例%=0.4818; 同构性=同构; 最小腿OI=29; 盘口空隙=2跳/0.054%,CZCE.SPD PF612&PF701,,,月差1 同构
2026-08-12 15:27:35,同构价差对比,kink,SA,SA612-SA702 | SA702-SA704 | SA704-SA706,做多B段(B低于插值),0.004813,True,,False,contango(+13.4元/月),50.0,,"(-27, 1, -25, 1)","A=-27.5; B=-26.0; C=-15.0; 理论B=(A+C)/2=-21.25; 估值偏差(实际-理论)=-4.75; 比例%=0.4813; 归因=SA703-SA704 低估-3.8(整段偏差-4.8的主要来源); 同构=月差2,跨注销1,同构; 最小腿OI=3117; 盘口空隙=2跳/0.203%",CZCE.SPD SA702&SA704,,,"组共4段, 仅取紧邻三元组"
2026-08-12 15:27:35,折角修复,kink,B,b2609-b2610 | b2701-b2702 | b2705-b2706,做空B段(实际高于理论),0.004808,True,,False,back(-14.2元/月),50.0,,"(21, 15, 23, 57)",A=-11.0; B=22.0; C=18.0; 理论B=(A+C)/2=3.5; 价差(理论-实际)=-18.5; 主力价=3848; 比例%=0.4808; 同构性=同构; 最小腿OI=679; 盘口空隙=2跳/0.052%,DCE.SP b2701&b2702,,,月差1 同构
2026-08-12 15:27:35,折角修复,kink,RU,ru2608-ru2609 | ru2609-ru2610 | ru2610-ru2611,做多B段(实际低于理论),0.004805,False,低流动性(钓鱼),False,contango(+176.5元/月),0.0,,"(-110, 1, 35, 1)",A=90.0; B=-37.5; C=7.5; 理论B=(A+C)/2=48.75; 价差(理论-实际)=86.25; 主力价=17950; 比例%=0.4805; 同构性=同构; 最小腿OI=197; 盘口空隙=29跳/0.808%,,,,月差1 同构
2026-08-12 15:27:35,折角修复,kink,SC,sc2611-sc2702 | sc2702-sc2705 | sc2705-sc2708,做多B段(实际低于理论),0.0048,False,低流动性(钓鱼),True,back(-4.1元/月),28.6,,"(-2.4, 1, 16.5, 1)",A=9.95; B=7.05; C=9.45; 理论B=(A+C)/2=9.7; 价差(理论-实际)=2.65; 主力价=552.1; 比例%=0.48; 同构性=同构; 最小腿OI=1; 盘口空隙=189跳/3.423%,,,,月差3 同构
2026-08-12 15:27:35,同构价差对比,kink,SC,sc2611-sc2702 | sc2702-sc2705 | sc2705-sc2708,做多B段(B低于插值),0.0048,False,低流动性(钓鱼),True,back(-4.1元/月),28.6,,"(-2.4, 1, 16.5, 1)","A=9.95; B=7.05; C=9.45; 理论B=(A+C)/2=9.7; 估值偏差(实际-理论)=-2.65; 比例%=0.48; 归因=sc2703-sc2704 低估-5.6(整段偏差-2.6的主要来源); 同构=月差3,跨注销0,同构; 最小腿OI=1; 盘口空隙=189跳/3.423%",,,,"组共11段, 仅取紧邻三元组"
2026-08-12 15:27:35,折角修复,kink,WR,wr2702-wr2703 | wr2704-wr2705 | wr2706-wr2707,做空B段(实际高于理论),0.004793,False,低流动性(钓鱼),False,contango(+8.8元/月),66.7,,"(-95, 1, 144, 1)",A=15.0; B=24.5; C=2.5; 理论B=(A+C)/2=8.75; 价差(理论-实际)=-15.75; 主力价=3286; 比例%=0.4793; 同构性=同构; 最小腿OI=0; 盘口空隙=239跳/7.273%,,,,月差1 同构
2026-08-12 15:27:35,折角修复,kink,PD,pd2612-pd2702 | pd2702-pd2704 | pd2704-pd2706,做空B段(实际高于理论),0.004789,False,低流动性(钓鱼),False,contango(+1.4元/月),,,"(-6.25, 1, 4.35, 1)",A=-2.3499999999999996; B=-0.9500000000000002; C=-2.675; 理论B=(A+C)/2=-2.51; 价差(理论-实际)=-1.56; 主力价=326.3; 比例%=0.4789; 同构性=同构; 最小腿OI=19; 盘口空隙=212跳/3.249%,,,,月差2 同构
2026-08-12 15:27:35,同构价差对比,kink,PD,pd2612-pd2702 | pd2702-pd2704 | pd2704-pd2706,做空B段(B高于插值),0.004789,False,低流动性(钓鱼),False,contango(+1.4元/月),,,"(-6.25, 1, 4.35, 1)","A=-2.3499999999999996; B=-0.9500000000000002; C=-2.675; 理论B=(A+C)/2=-2.51; 估值偏差(实际-理论)=1.56; 比例%=0.4789; 归因=B即相邻月段; 同构=月差2,跨注销0,同构; 最小腿OI=19; 盘口空隙=212跳/3.249%",,,,"组共4段, 仅取紧邻三元组"
2026-08-12 15:27:35,同构价差对比,kink,FU,fu2610-fu2612 | fu2612-fu2702 | fu2702-fu2704,做多B段(B低于插值),0.004779,True,,True,back(-97.8元/月),0.0,,"(129, 1, 137, 2)","A=204.0; B=133.0; C=95.5; 理论B=(A+C)/2=149.75; 估值偏差(实际-理论)=-16.75; 比例%=0.4779; 归因=fu2701-fu2702 低估-19.2(整段偏差-16.8的主要来源); 同构=月差2,跨注销0,同构; 最小腿OI=312; 盘口空隙=8跳/0.228%",,,,"组共10段, 仅取紧邻三元组"
2026-08-12 15:27:35,折角修复,kink,SI,si2610-si2611 | si2612-si2701 | si2702-si2703,做空B段(实际高于理论),0.004774,True,,False,contango(+72.1元/月),0.0,,"(25, 1, 45, 1)","A=-15.0; B=35.0; C=2.5; 理论B=(A+C)/2=-6.25; 价差(理论-实际)=-41.25; 主力价=8640; 比例%=0.4774; 同构性=非同构(far/none/none,结构有利,插值为保守下限); 最小腿OI=250; 盘口空隙=4跳/0.231%",,,,月差1 非同构-结构有利
2026-08-12 15:27:35,折角修复,kink,OP,op2609-op2611 | op2701-op2703 | op2705-op2707,做空B段(实际高于理论),0.004768,False,低流动性(钓鱼),False,contango(+6.4元/月),,,"(-78, 2, 66, 1)",A=-20.0; B=-6.0; C=-29.0; 理论B=(A+C)/2=-24.5; 价差(理论-实际)=-18.5; 主力价=3880; 比例%=0.4768; 同构性=同构; 最小腿OI=0; 盘口空隙=72跳/3.711%,,,,月差2 同构
2026-08-12 15:27:35,价差递延,butterfly,PL,PL611-PL612-PL701,"做多蝶式(买后段卖前段,结构应后段>前段)",0.004752,True,,False,back(-222.0元/月),,,,"前段=140.0; 后段=105.0; 蝶值(后-前)=-35.0; 结构基准E=2; 同构性=非同构(near/far),结构性不等式违背,|蝶值|为保守错价下限; 最小腿OI=104; 盘口空隙=6跳/0.081%",,,,泛化蝶式 月差1+1
2026-08-12 15:27:35,波动传递,butterfly,PG,pg2609-pg2610-pg2611,前段波动显著高于后段(传递观察),0.00472,True,,False,back(-100.9元/月),16.7,,,前段20日波动=32.6; 后段20日波动=8.1; 归一差=0.00472; 最小腿OI=3808; 盘口空隙=3跳/0.055%,,,,
2026-08-12 15:27:35,折角修复,kink,FU,fu2701-fu2702 | fu2704-fu2705 | fu2707-fu2708,做多B段(实际低于理论),0.004708,False,低流动性(钓鱼),True,back(-97.8元/月),0.0,,"(6, 1, 42, 1)",A=54.0; B=24.0; C=27.0; 理论B=(A+C)/2=40.5; 价差(理论-实际)=16.5; 主力价=3505; 比例%=0.4708; 同构性=同构; 最小腿OI=240; 盘口空隙=36跳/1.027%,,,,月差1 同构
2026-08-12 15:27:35,折角修复,kink,NR,nr2611-nr2701 | nr2702-nr2704 | nr2705-nr2707,做多B段(实际低于理论),0.004696,False,低流动性(钓鱼),False,contango(+68.5元/月),50.0,,"(-150, 1, 55, 1)",A=17.5; B=-47.5; C=27.5; 理论B=(A+C)/2=22.5; 价差(理论-实际)=70.0; 主力价=14905; 比例%=0.4696; 同构性=同构; 最小腿OI=2; 盘口空隙=41跳/1.375%,,,,月差2 同构
2026-08-12 15:27:35,折角修复,kink,RR,rr2610-rr2612 | rr2701-rr2703 | rr2704-rr2706,做多B段(实际低于理论),0.004691,False,低流动性(钓鱼),False,back(-25.9元/月),0.0,,"(-14, 1, -1, 1)",A=20.0; B=-7.5; C=-1.0; 理论B=(A+C)/2=9.5; 价差(理论-实际)=17.0; 主力价=3624; 比例%=0.4691; 同构性=同构; 最小腿OI=10; 盘口空隙=13跳/0.359%,DCE.SP rr2701&rr2703,,,月差2 同构
2026-08-12 15:27:35,折角修复,kink,BC,bc2609-bc2612 | bc2612-bc2703 | bc2703-bc2706,做多B段(实际低于理论),0.004686,False,低流动性(钓鱼),True,back(-159.1元/月),0.0,,"(-2270, 1, 1990, 1)",A=635.0; B=-140.0; C=-10.0; 理论B=(A+C)/2=312.5; 价差(理论-实际)=452.5; 主力价=96570; 比例%=0.4686; 同构性=同构; 最小腿OI=1; 盘口空隙=426跳/4.411%,,,,月差3 同构
2026-08-12 15:27:35,同构价差对比,kink,BC,bc2609-bc2612 | bc2612-bc2703 | bc2703-bc2706,做多B段(B低于插值),0.004686,False,低流动性(钓鱼),True,back(-159.1元/月),0.0,,"(-2270, 1, 1990, 1)","A=635.0; B=-140.0; C=-10.0; 理论B=(A+C)/2=312.5; 估值偏差(实际-理论)=-452.5; 比例%=0.4686; 归因=bc2701-bc2702 低估-280.0(整段偏差-452.5的主要来源); 同构=月差3,跨注销0,同构; 最小腿OI=1; 盘口空隙=426跳/4.411%",,,,"组共8段, 仅取紧邻三元组"
2026-08-12 15:27:35,折角修复,kink,SC,sc2704-sc2705 | sc2705-sc2706 | sc2706-sc2707,做多B段(实际低于理论),0.004664,False,低流动性(钓鱼),True,back(-4.1元/月),28.6,,"(-6.7, 1, 10.5, 1)",A=4.85; B=1.9; C=4.1; 理论B=(A+C)/2=4.47; 价差(理论-实际)=2.57; 主力价=552.1; 比例%=0.4664; 同构性=同构; 最小腿OI=6; 盘口空隙=172跳/3.115%,,,,月差1 同构
2026-08-12 15:27:35,同构价差对比,kink,SC,sc2704-sc2705 | sc2705-sc2706 | sc2706-sc2707,做多B段(B低于插值),0.004664,False,低流动性(钓鱼),True,back(-4.1元/月),28.6,,"(-6.7, 1, 10.5, 1)","A=4.85; B=1.9; C=4.1; 理论B=(A+C)/2=4.47; 估值偏差(实际-理论)=-2.57; 比例%=0.4664; 归因=B即相邻月段; 同构=月差1,跨注销0,同构; 最小腿OI=6; 盘口空隙=172跳/3.115%",,,,"组共12段, 仅取紧邻三元组"
2026-08-12 15:27:35,折角修复,kink,BR,br2610-br2611 | br2612-br2701 | br2702-br2703,做多B段(实际低于理论),0.004655,False,低流动性(钓鱼),False,back(-29.9元/月),33.3,,"(-65, 1, 60, 1)",A=55.0; B=-2.5; C=65.0; 理论B=(A+C)/2=60.0; 价差(理论-实际)=62.5; 主力价=13425; 比例%=0.4655; 同构性=同构; 最小腿OI=31; 盘口空隙=25跳/0.931%,,,,月差1 同构
2026-08-12 15:27:35,折角修复,kink,SM,SM701-SM703 | SM703-SM705 | SM705-SM707,做多B段(实际低于理论),0.004644,True,,True,contango(+13.1元/月),66.7,,"(-34, 12, -28, 1)",A=-29.0; B=-31.0; C=21.0; 理论B=(A+C)/2=-4.0; 价差(理论-实际)=27.0; 主力价=5814; 比例%=0.4644; 同构性=同构; 最小腿OI=162; 盘口空隙=3跳/0.103%,CZCE.SPD SM703&SM705,,,月差2 同构
2026-08-12 15:27:35,同构价差对比,kink,SM,SM701-SM703 | SM703-SM705 | SM705-SM707,做多B段(B低于插值),0.004644,True,,True,contango(+13.1元/月),66.7,,"(-34, 12, -28, 1)","A=-29.0; B=-31.0; C=21.0; 理论B=(A+C)/2=-4.0; 估值偏差(实际-理论)=-27.0; 比例%=0.4644; 归因=SM703-SM704 低估-10.5(整段偏差-27.0的主要来源); 同构=月差2,跨注销0,同构; 最小腿OI=162; 盘口空隙=3跳/0.103%",CZCE.SPD SM703&SM705,,,"组共8段, 仅取紧邻三元组"
2026-08-12 15:27:35,折角修复,kink,RR,rr2701-rr2703 | rr2703-rr2705 | rr2705-rr2707,做空B段(实际高于理论),0.004622,False,低流动性(钓鱼),False,back(-25.9元/月),0.0,,"(-1, 1, 22, 1)",A=-7.5; B=10.5; C=-5.0; 理论B=(A+C)/2=-6.25; 价差(理论-实际)=-16.75; 主力价=3624; 比例%=0.4622; 同构性=同构; 最小腿OI=7; 盘口空隙=23跳/0.635%,DCE.SP rr2703&rr2705,,,月差2 同构
2026-08-12 15:27:35,同构价差对比,kink,RR,rr2701-rr2703 | rr2703-rr2705 | rr2705-rr2707,做空B段(B高于插值),0.004622,False,低流动性(钓鱼),False,back(-25.9元/月),0.0,,"(-1, 1, 22, 1)","A=-7.5; B=10.5; C=-5.0; 理论B=(A+C)/2=-6.25; 估值偏差(实际-理论)=16.75; 比例%=0.4622; 归因=rr2704-rr2705 高估+7.0(整段偏差+16.8的主要来源); 同构=月差2,跨注销1,同构; 最小腿OI=7; 盘口空隙=23跳/0.635%",DCE.SP rr2703&rr2705,,,"组共8段, 仅取紧邻三元组"
2026-08-12 15:27:35,折角修复,kink,AO,ao2608-ao2609 | ao2701-ao2702 | ao2706-ao2707,做空B段(实际高于理论),0.004611,False,低流动性(钓鱼),False,contango(+14.3元/月),100.0,,"(-28, 4, -7, 5)",A=-29.5; B=-17.5; C=-30.5; 理论B=(A+C)/2=-30.0; 价差(理论-实际)=-12.5; 主力价=2711; 比例%=0.4611; 同构性=同构; 最小腿OI=64; 盘口空隙=21跳/0.775%,,,,月差1 同构
2026-08-12 15:27:35,折角修复,kink,AO,ao2702-ao2703 | ao2704-ao2705 | ao2706-ao2707,做空B段(实际高于理论),0.004611,False,低流动性(钓鱼),False,contango(+14.3元/月),100.0,,"(-17, 1, -5, 3)",A=-16.5; B=-11.0; C=-30.5; 理论B=(A+C)/2=-23.5; 价差(理论-实际)=-12.5; 主力价=2711; 比例%=0.4611; 同构性=同构; 最小腿OI=64; 盘口空隙=12跳/0.443%,,,,月差1 同构
2026-08-12 15:27:35,价差递延,butterfly,I,i2701-i2703-i2705,"做空蝶式(卖后段买前段,结构应后段<前段)",0.004607,True,,False,back(-3.0元/月),83.3,,,"前段=4.0; 后段=7.25; 蝶值(后-前)=3.25; 结构基准E=-2; 同构性=非同构(far/near),结构性不等式违背,|蝶值|为保守错价下限; 最小腿OI=44883; 盘口空隙=3跳/0.213%",,,,泛化蝶式 月差2+2
2026-08-12 15:27:35,折角修复,kink,UR,UR609-UR611 | UR701-UR703 | UR705-UR707,做空B段(实际高于理论),0.004605,True,,False,contango(+13.6元/月),100.0,,"(-36, 33, -35, 2)",A=-50.0; B=-35.5; C=-36.5; 理论B=(A+C)/2=-43.25; 价差(理论-实际)=-7.75; 主力价=1683; 比例%=0.4605; 同构性=同构; 最小腿OI=159; 盘口空隙=1跳/0.059%,CZCE.SPD UR701&UR703,,,月差2 同构
2026-08-12 15:27:35,同构价差对比,kink,UR,UR609-UR611 | UR701-UR703 | UR705-UR707,做空B段(B高于插值),0.004605,True,,False,contango(+13.6元/月),100.0,,"(-36, 33, -35, 2)","A=-50.0; B=-35.5; C=-36.5; 理论B=(A+C)/2=-43.25; 估值偏差(实际-理论)=7.75; 比例%=0.4605; 归因=UR701-UR702 高估+6.5(整段偏差+7.8的主要来源); 同构=月差2,跨注销1,同构; 最小腿OI=159; 盘口空隙=1跳/0.059%",CZCE.SPD UR701&UR703,,,"组共3段, 仅取紧邻三元组"
2026-08-12 15:27:35,折角修复,kink,ZN,zn2608-zn2610 | zn2612-zn2702 | zn2704-zn2706,做空B段(实际高于理论),0.00459,False,低流动性(钓鱼),False,contango(+5.2元/月),100.0,,"(5, 1, 200, 2)",A=-110.0; B=102.5; C=77.5; 理论B=(A+C)/2=-16.25; 价差(理论-实际)=-118.75; 主力价=25870; 比例%=0.459; 同构性=同构; 最小腿OI=93; 盘口空隙=39跳/0.754%,,,,月差2 同构
2026-08-12 15:27:35,价差递延,butterfly,PL,PL701-PL704-PL707,"做多蝶式(买后段卖前段,结构应后段>前段)",0.004562,False,低流动性(钓鱼),False,back(-222.0元/月),,,,"前段=85.5; 后段=53.0; 蝶值(后-前)=-32.5; 结构基准E=2; 同构性=非同构(near/far),结构性不等式违背,|蝶值|为保守错价下限; 最小腿OI=6; 盘口空隙=163跳/2.213%",,,,泛化蝶式 月差3+3
2026-08-12 15:27:35,同构价差对比,kink,BR,br2701-br2703 | br2703-br2705 | br2705-br2707,做空B段(B高于插值),0.004562,False,低流动性(钓鱼),False,back(-29.9元/月),33.3,,"(-110, 2, 170, 1)","A=72.5; B=30.0; C=-135.0; 理论B=(A+C)/2=-31.25; 估值偏差(实际-理论)=61.25; 比例%=0.4562; 归因=br2704-br2705 高估+60.0(整段偏差+61.2的主要来源); 同构=月差2,跨注销1,同构; 最小腿OI=10; 盘口空隙=56跳/2.086%",,,,"组共9段, 仅取紧邻三元组"
2026-08-12 15:27:35,折角修复,kink,SM,SM611-SM701 | SM702-SM704 | SM705-SM707,做多B段(实际低于理论),0.004558,True,,True,contango(+13.1元/月),66.7,,"(-34, 8, -22, 22)",A=-24.0; B=-28.0; C=21.0; 理论B=(A+C)/2=-1.5; 价差(理论-实际)=26.5; 主力价=5814; 比例%=0.4558; 同构性=同构; 最小腿OI=84; 盘口空隙=6跳/0.206%,CZCE.SPD SM702&SM704,,,月差2 同构
2026-08-12 15:27:35,折角修复,kink,FG,FG609-FG610 | FG611-FG612 | FG701-FG702,做多B段(实际低于理论),0.004556,True,,False,contango(+18.0元/月),83.3,,"(-42, 69, -41, 160)",A=-38.5; B=-41.5; C=-36.5; 理论B=(A+C)/2=-37.5; 价差(理论-实际)=4.0; 主力价=878; 比例%=0.4556; 同构性=同构; 最小腿OI=2884; 盘口空隙=1跳/0.114%,CZCE.SPD FG611&FG612,,,月差1 同构
2026-08-12 15:27:35,折角修复,kink,AD,ad2610-ad2701 | ad2701-ad2704 | ad2704-ad2707,做多B段(实际低于理论),0.004546,False,低流动性(钓鱼),False,contango(+60.4元/月),,,"(-470, 1, 280, 1)",A=30.0; B=-95.0; C=-5.0; 理论B=(A+C)/2=12.5; 价差(理论-实际)=107.5; 主力价=23645; 比例%=0.4546; 同构性=同构; 最小腿OI=3; 盘口空隙=150跳/3.172%,,,,月差3 同构
2026-08-12 15:27:35,同构价差对比,kink,AD,ad2610-ad2701 | ad2701-ad2704 | ad2704-ad2707,做多B段(B低于插值),0.004546,False,低流动性(钓鱼),False,contango(+60.4元/月),,,"(-470, 1, 280, 1)","A=30.0; B=-95.0; C=-5.0; 理论B=(A+C)/2=12.5; 估值偏差(实际-理论)=-107.5; 比例%=0.4546; 归因=ad2703-ad2704 低估-81.2(整段偏差-107.5的主要来源); 同构=月差3,跨注销2,同构; 最小腿OI=3; 盘口空隙=150跳/3.172%",,,,"组共8段, 仅取紧邻三元组"
2026-08-12 15:27:35,折角修复,kink,ZN,zn2608-zn2610 | zn2611-zn2701 | zn2702-zn2704,做空B段(实际高于理论),0.004542,True,,False,contango(+5.2元/月),100.0,,"(60, 1, 90, 1)",A=-110.0; B=75.0; C=25.0; 理论B=(A+C)/2=-42.5; 价差(理论-实际)=-117.5; 主力价=25870; 比例%=0.4542; 同构性=同构; 最小腿OI=149; 盘口空隙=6跳/0.116%,,,,月差2 同构
2026-08-12 15:27:35,折角修复,kink,AO,ao2609-ao2610 | ao2612-ao2701 | ao2703-ao2704,做多B段(实际低于理论),0.004519,False,低流动性(钓鱼),False,contango(+14.3元/月),100.0,,"(-24, 1, -11, 1)",A=2.0; B=-17.5; C=-12.5; 理论B=(A+C)/2=-5.25; 价差(理论-实际)=12.25; 主力价=2711; 比例%=0.4519; 同构性=同构; 最小腿OI=197; 盘口空隙=13跳/0.480%,,,,月差1 同构
2026-08-12 15:27:35,折角修复,kink,WR,wr2610-wr2611 | wr2702-wr2703 | wr2706-wr2707,做空B段(实际高于理论),0.004489,False,低流动性(钓鱼),False,contango(+8.8元/月),66.7,,"(-76, 2, 106, 1)",A=-2.0; B=15.0; C=2.5; 理论B=(A+C)/2=0.25; 价差(理论-实际)=-14.75; 主力价=3286; 比例%=0.4489; 同构性=同构; 最小腿OI=0; 盘口空隙=182跳/5.539%,,,,月差1 同构
2026-08-12 15:27:35,折角修复,kink,BR,br2609-br2610 | br2611-br2612 | br2701-br2702,做空B段(实际高于理论),0.004469,False,低流动性(钓鱼),False,back(-29.9元/月),33.3,,"(-5, 1, 135, 2)",A=2.5; B=65.0; C=7.5; 理论B=(A+C)/2=5.0; 价差(理论-实际)=-60.0; 主力价=13425; 比例%=0.4469; 同构性=同构; 最小腿OI=52; 盘口空隙=28跳/1.043%,,,,月差1 同构
2026-08-12 15:27:35,折角修复,kink,P,p2609-p2610 | p2701-p2702 | p2705-p2706,做多B段(实际低于理论),0.004463,True,,False,contango(+67.9元/月),100.0,,"(-59, 1, -57, 8)",A=-47.0; B=-58.0; C=17.5; 理论B=(A+C)/2=-14.75; 价差(理论-实际)=43.25; 主力价=9691; 比例%=0.4463; 同构性=同构; 最小腿OI=107; 盘口空隙=2跳/0.021%,DCE.SP p2701&p2702,,,月差1 同构
2026-08-12 15:27:35,同构价差对比,kink,EB,eb2611-eb2701 | eb2701-eb2703 | eb2703-eb2705,做多B段(B低于插值),0.004447,True,,False,back(-111.7元/月),33.3,,"(90, 1, 95, 4)","A=198.0; B=92.5; C=60.0; 理论B=(A+C)/2=129.0; 估值偏差(实际-理论)=-36.5; 比例%=0.4447; 归因=eb2702-eb2703 低估-25.5(整段偏差-36.5的主要来源); 同构=月差2,跨注销1,同构; 最小腿OI=498; 盘口空隙=5跳/0.061%",DCE.SP eb2701&eb2703,,,"组共9段, 仅取紧邻三元组"
2026-08-12 15:27:35,折角修复,kink,AD,ad2609-ad2612 | ad2612-ad2703 | ad2703-ad2706,做空B段(实际高于理论),0.004441,False,低流动性(钓鱼),False,contango(+60.4元/月),,,"(-510, 1, 520, 2)",A=-132.5; B=5.0; C=-67.5; 理论B=(A+C)/2=-100.0; 价差(理论-实际)=-105.0; 主力价=23645; 比例%=0.4441; 同构性=同构; 最小腿OI=1; 盘口空隙=206跳/4.356%,,,,月差3 同构
2026-08-12 15:27:35,同构价差对比,kink,AD,ad2609-ad2612 | ad2612-ad2703 | ad2703-ad2706,做空B段(B高于插值),0.004441,False,低流动性(钓鱼),False,contango(+60.4元/月),,,"(-510, 1, 520, 2)","A=-132.5; B=5.0; C=-67.5; 理论B=(A+C)/2=-100.0; 估值偏差(实际-理论)=105.0; 比例%=0.4441; 归因=ad2612-ad2701 高估+131.2(整段偏差+105.0的主要来源); 同构=月差3,跨注销2,同构; 最小腿OI=1; 盘口空隙=206跳/4.356%",,,,"组共8段, 仅取紧邻三元组"
2026-08-12 15:27:35,折角修复,kink,WR,wr2609-wr2611 | wr2701-wr2703 | wr2705-wr2707,做空B段(实际高于理论),0.004413,False,低流动性(钓鱼),False,contango(+8.8元/月),66.7,,"(-78, 2, 43, 1)",A=-25.5; B=-17.5; C=-38.5; 理论B=(A+C)/2=-32.0; 价差(理论-实际)=-14.5; 主力价=3286; 比例%=0.4413; 同构性=同构; 最小腿OI=0; 盘口空隙=121跳/3.682%,,,,月差2 同构
2026-08-12 15:27:35,同构价差对比,kink,J,j2612-j2701 | j2701-j2702 | j2702-j2703,做空B段(B高于插值),0.004394,True,,False,contango(+12.1元/月),66.7,,"(-5.0, 1, -3.0, 2)","A=-21.0; B=-4.0; C=-3.75; 理论B=(A+C)/2=-12.38; 估值偏差(实际-理论)=8.38; 比例%=0.4394; 归因=B即相邻月段; 同构=月差1,跨注销0,非同构(none/none/far,结构有利,插值为保守下限); 最小腿OI=45; 盘口空隙=4跳/0.105%",DCE.SP j2701&j2702,,,"组共10段, 仅取紧邻三元组"
2026-08-12 15:27:35,折角修复,kink,OP,op2611-op2612 | op2612-op2701 | op2701-op2702,做多B段(实际低于理论),0.004381,False,低流动性(钓鱼),False,contango(+6.4元/月),,,"(-86, 1, 34, 2)",A=-25.0; B=-26.0; C=7.0; 理论B=(A+C)/2=-9.0; 价差(理论-实际)=17.0; 主力价=3880; 比例%=0.4381; 同构性=同构; 最小腿OI=0; 盘口空隙=60跳/3.093%,,,,月差1 同构
2026-08-12 15:27:35,同构价差对比,kink,OP,op2611-op2612 | op2612-op2701 | op2701-op2702,做多B段(B低于插值),0.004381,False,低流动性(钓鱼),False,contango(+6.4元/月),,,"(-86, 1, 34, 2)","A=-25.0; B=-26.0; C=7.0; 理论B=(A+C)/2=-9.0; 估值偏差(实际-理论)=-17.0; 比例%=0.4381; 归因=B即相邻月段; 同构=月差1,跨注销0,同构; 最小腿OI=0; 盘口空隙=60跳/3.093%",,,,"组共10段, 仅取紧邻三元组"
2026-08-12 15:27:35,同构价差对比,kink,OP,op2611-op2701 | op2701-op2703 | op2703-op2705,做空B段(B高于插值),0.004381,False,低流动性(钓鱼),False,contango(+6.4元/月),,,"(-78, 2, 66, 1)","A=-51.0; B=-6.0; C=5.0; 理论B=(A+C)/2=-23.0; 估值偏差(实际-理论)=17.0; 比例%=0.4381; 归因=op2701-op2702 高估+21.5(整段偏差+17.0的主要来源); 同构=月差2,跨注销1,同构; 最小腿OI=1; 盘口空隙=72跳/3.711%",,,,"组共9段, 仅取紧邻三元组"
2026-08-12 15:27:35,折角修复,kink,AL,al2608-al2610 | al2611-al2701 | al2702-al2704,做空B段(实际高于理论),0.004375,True,,False,back(-15.5元/月),83.3,,"(55, 2, 85, 1)",A=-77.5; B=70.0; C=5.0; 理论B=(A+C)/2=-36.25; 价差(理论-实际)=-106.25; 主力价=24285; 比例%=0.4375; 同构性=同构; 最小腿OI=3468; 盘口空隙=6跳/0.124%,,,,月差2 同构
2026-08-12 15:27:35,折角修复,kink,PF,PF612-PF701 | PF703-PF704 | PF706-PF707,做多B段(实际低于理论),0.004343,True,,False,back(-57.8元/月),0.0,,"(-36, 1, -24, 3)",A=22.0; B=-30.0; C=-18.0; 理论B=(A+C)/2=2.0; 价差(理论-实际)=32.0; 主力价=7368; 比例%=0.4343; 同构性=同构; 最小腿OI=5; 盘口空隙=6跳/0.163%,CZCE.SPD PF703&PF704,,,月差1 同构
2026-08-12 15:27:35,同构价差对比,kink,PF,PF611-PF701 | PF702-PF704 | PF705-PF707,做多B段(B低于插值),0.004343,True,,False,back(-57.8元/月),0.0,,"(2, 2, 22, 1)","A=86.0; B=12.0; C=2.0; 理论B=(A+C)/2=44.0; 估值偏差(实际-理论)=-32.0; 比例%=0.4343; 归因=PF703-PF704 低估-32.0(整段偏差-32.0的主要来源); 同构=月差2,跨注销1,同构; 最小腿OI=5; 盘口空隙=10跳/0.271%",CZCE.SPD PF702&PF704,,,"组共3段, 仅取紧邻三元组"
2026-08-12 15:27:35,折角修复,kink,SI,si2701-si2703 | si2703-si2705 | si2705-si2707,做多B段(实际低于理论),0.00434,False,低流动性(钓鱼),True,contango(+72.1元/月),0.0,,"(-100, 1, -50, 1)",A=-60.0; B=-75.0; C=-15.0; 理论B=(A+C)/2=-37.5; 价差(理论-实际)=37.5; 主力价=8640; 比例%=0.434; 同构性=同构; 最小腿OI=46; 盘口空隙=10跳/0.579%,,,,月差2 同构
2026-08-12 15:27:35,同构价差对比,kink,SI,si2701-si2703 | si2703-si2705 | si2705-si2707,做多B段(B低于插值),0.00434,False,低流动性(钓鱼),True,contango(+72.1元/月),0.0,,"(-100, 1, -50, 1)","A=-60.0; B=-75.0; C=-15.0; 理论B=(A+C)/2=-37.5; 估值偏差(实际-理论)=-37.5; 比例%=0.434; 归因=si2703-si2704 低估-42.5(整段偏差-37.5的主要来源); 同构=月差2,跨注销0,同构; 最小腿OI=46; 盘口空隙=10跳/0.579%",,,,"组共8段, 仅取紧邻三元组"
2026-08-12 15:27:35,同构价差对比,kink,SH,SH701-SH703 | SH703-SH705 | SH705-SH707,做多B段(B低于插值),0.004335,True,,False,contango(+16.2元/月),0.0,,"(-49, 1, -47, 42)","A=-55.5; B=-48.0; C=-24.0; 理论B=(A+C)/2=-39.75; 估值偏差(实际-理论)=-8.25; 比例%=0.4335; 归因=SH703-SH704 低估-15.0(整段偏差-8.2的主要来源); 同构=月差2,跨注销0,同构; 最小腿OI=434; 盘口空隙=2跳/0.105%",CZCE.SPD SH703&SH705,,,"组共5段, 仅取紧邻三元组"
2026-08-12 15:27:35,折角修复,kink,NI,ni2701-ni2702 | ni2703-ni2704 | ni2705-ni2706,做空B段(实际高于理论),0.004331,False,低流动性(钓鱼),False,contango(+266.5元/月),83.3,,"(-600, 1, 1020, 1)",A=-245.0; B=210.0; C=-450.0; 理论B=(A+C)/2=-347.5; 价差(理论-实际)=-557.5; 主力价=128710; 比例%=0.4331; 同构性=同构; 最小腿OI=193; 盘口空隙=162跳/1.259%,,,,月差1 同构
2026-08-12 15:27:35,折角修复,kink,HC,hc2610-hc2612 | hc2701-hc2703 | hc2704-hc2706,做多B段(实际低于理论),0.004322,False,低流动性(钓鱼),False,contango(+5.5元/月),83.3,,"(-28, 1, -17, 2)",A=-8.5; B=-22.5; C=-8.5; 理论B=(A+C)/2=-8.5; 价差(理论-实际)=14.0; 主力价=3239; 比例%=0.4322; 同构性=同构; 最小腿OI=8; 盘口空隙=11跳/0.340%,,,,月差2 同构
2026-08-12 15:27:35,折角修复,kink,PG,pg2610-pg2611 | pg2701-pg2702 | pg2704-pg2705,做空B段(实际高于理论),0.004292,True,,False,back(-100.9元/月),16.7,,"(139, 2, 142, 1)",A=109.0; B=140.5; C=125.5; 理论B=(A+C)/2=117.25; 价差(理论-实际)=-23.25; 主力价=5417; 比例%=0.4292; 同构性=同构; 最小腿OI=176; 盘口空隙=3跳/0.055%,DCE.SP pg2701&pg2702,,,月差1 同构
2026-08-12 15:27:35,折角修复,kink,BR,br2611-br2612 | br2702-br2703 | br2705-br2706,做空B段(实际高于理论),0.004283,False,低流动性(钓鱼),False,back(-29.9元/月),33.3,,"(-135, 1, 265, 1)",A=65.0; B=65.0; C=-50.0; 理论B=(A+C)/2=7.5; 价差(理论-实际)=-57.5; 主力价=13425; 比例%=0.4283; 同构性=同构; 最小腿OI=16; 盘口空隙=80跳/2.980%,,,,月差1 同构
2026-08-12 15:27:35,同构价差对比,kink,NR,nr2610-nr2701 | nr2701-nr2704 | nr2704-nr2707,做空B段(B高于插值),0.004277,False,低流动性(钓鱼),False,contango(+68.5元/月),50.0,,"(-95, 1, 40, 1)","A=-185.0; B=-27.5; C=2.5; 理论B=(A+C)/2=-91.25; 估值偏差(实际-理论)=63.75; 比例%=0.4277; 归因=nr2701-nr2702 高估+133.8(整段偏差+63.8的主要来源); 同构=月差3,跨注销2,同构; 最小腿OI=2; 盘口空隙=27跳/0.906%",,,,"组共8段, 仅取紧邻三元组"
2026-08-12 15:27:35,同构价差对比,kink,PL,PL609-PL610 | PL610-PL611 | PL611-PL612,做多B段(B低于插值),0.004276,True,,True,back(-222.0元/月),,,"(242, 2, 243, 4)","A=408.0; B=242.5; C=140.0; 理论B=(A+C)/2=274.0; 估值偏差(实际-理论)=-31.5; 比例%=0.4276; 归因=B即相邻月段; 同构=月差1,跨注销0,非同构(near/far/near,结构有利,插值为保守下限); 最小腿OI=2135; 盘口空隙=1跳/0.014%",CZCE.SPD PL610&PL611,,,"组共10段, 仅取紧邻三元组"
2026-08-12 15:27:35,折角修复,kink,I,i2609-i2611 | i2612-i2702 | i2703-i2705,做多B段(实际低于理论),0.004252,True,,True,back(-3.0元/月),83.3,,"(4.5, 1, 6.0, 1)","A=9.25; B=5.25; C=7.25; 理论B=(A+C)/2=8.25; 价差(理论-实际)=3.0; 主力价=705.5; 比例%=0.4252; 同构性=非同构(near/none/near,结构有利,插值为保守下限); 最小腿OI=44883; 盘口空隙=3跳/0.213%",DCE.SP i2612&i2702,,,月差2 非同构-结构有利
2026-08-12 15:27:35,折角修复,kink,I,i2610-i2612 | i2701-i2703 | i2704-i2706,做多B段(实际低于理论),0.004252,True,,True,back(-3.0元/月),83.3,,"(3.5, 109, 4.5, 137)","A=7.25; B=4.0; C=6.75; 理论B=(A+C)/2=7.0; 价差(理论-实际)=3.0; 主力价=705.5; 比例%=0.4252; 同构性=非同构(none/far/none,结构有利,插值为保守下限); 最小腿OI=25291; 盘口空隙=2跳/0.142%",DCE.SP i2701&i2703,,,月差2 非同构-结构有利
2026-08-12 15:27:35,折角修复,kink,HC,hc2608-hc2609 | hc2611-hc2612 | hc2702-hc2703,做空B段(实际高于理论),0.004245,False,低流动性(钓鱼),False,contango(+5.5元/月),83.3,,"(-20, 2, 5, 2)",A=-28.5; B=-7.5; C=-14.0; 理论B=(A+C)/2=-21.25; 价差(理论-实际)=-13.75; 主力价=3239; 比例%=0.4245; 同构性=同构; 最小腿OI=153; 盘口空隙=25跳/0.772%,,,,月差1 同构
2026-08-12 15:27:35,折角修复,kink,HC,hc2610-hc2611 | hc2702-hc2703 | hc2706-hc2707,做多B段(实际低于理论),0.004245,False,低流动性(钓鱼),False,contango(+5.5元/月),83.3,,"(-35, 1, 7, 2)",A=-1.0; B=-14.0; C=0.5; 理论B=(A+C)/2=-0.25; 价差(理论-实际)=13.75; 主力价=3239; 比例%=0.4245; 同构性=同构; 最小腿OI=8; 盘口空隙=42跳/1.297%,,,,月差1 同构
2026-08-12 15:27:35,折角修复,kink,HC,hc2703-hc2704 | hc2704-hc2705 | hc2705-hc2706,做空B段(实际高于理论),0.004245,False,低流动性(钓鱼),False,contango(+5.5元/月),83.3,,"(-5, 2, 17, 2)",A=-1.0; B=6.0; C=-14.5; 理论B=(A+C)/2=-7.75; 价差(理论-实际)=-13.75; 主力价=3239; 比例%=0.4245; 同构性=同构; 最小腿OI=8; 盘口空隙=22跳/0.679%,,,,月差1 同构
2026-08-12 15:27:35,同构价差对比,kink,HC,hc2703-hc2704 | hc2704-hc2705 | hc2705-hc2706,做空B段(B高于插值),0.004245,False,低流动性(钓鱼),False,contango(+5.5元/月),83.3,,"(-5, 2, 17, 2)","A=-1.0; B=6.0; C=-14.5; 理论B=(A+C)/2=-7.75; 估值偏差(实际-理论)=13.75; 比例%=0.4245; 归因=B即相邻月段; 同构=月差1,跨注销0,同构; 最小腿OI=8; 盘口空隙=22跳/0.679%",,,,"组共10段, 仅取紧邻三元组"
2026-08-12 15:27:35,折角修复,kink,AO,ao2612-ao2701 | ao2703-ao2704 | ao2706-ao2707,做空B段(实际高于理论),0.004242,False,低流动性(钓鱼),False,contango(+14.3元/月),100.0,,"(-27, 3, 2, 2)",A=-17.5; B=-12.5; C=-30.5; 理论B=(A+C)/2=-24.0; 价差(理论-实际)=-11.5; 主力价=2711; 比例%=0.4242; 同构性=同构; 最小腿OI=64; 盘口空隙=29跳/1.070%,,,,月差1 同构
2026-08-12 15:27:35,价差递延,butterfly,EG,eg2701-eg2702-eg2703,"做多蝶式(买后段卖前段,结构应后段>前段)",0.004224,True,,False,back(-130.1元/月),0.0,,,"前段=34.5; 后段=16.0; 蝶值(后-前)=-18.5; 结构基准E=1; 同构性=非同构(none/far),结构性不等式违背,|蝶值|为保守错价下限; 最小腿OI=373; 盘口空隙=7跳/0.143%",,,,泛化蝶式 月差1+1
2026-08-12 15:27:35,折角修复,kink,BC,bc2610-bc2701 | bc2701-bc2704 | bc2704-bc2707,做多B段(实际低于理论),0.00422,False,低流动性(钓鱼),True,back(-159.1元/月),0.0,,"(-2150, 1, 1780, 1)",A=430.0; B=-185.0; C=15.0; 理论B=(A+C)/2=222.5; 价差(理论-实际)=407.5; 主力价=96570; 比例%=0.422; 同构性=同构; 最小腿OI=1; 盘口空隙=393跳/4.070%,,,,月差3 同构
2026-08-12 15:27:35,同构价差对比,kink,BC,bc2610-bc2701 | bc2701-bc2704 | bc2704-bc2707,做多B段(B低于插值),0.00422,False,低流动性(钓鱼),True,back(-159.1元/月),0.0,,"(-2150, 1, 1780, 1)","A=430.0; B=-185.0; C=15.0; 理论B=(A+C)/2=222.5; 估值偏差(实际-理论)=-407.5; 比例%=0.422; 归因=bc2701-bc2702 低估-280.0(整段偏差-407.5的主要来源); 同构=月差3,跨注销0,同构; 最小腿OI=1; 盘口空隙=393跳/4.070%",,,,"组共8段, 仅取紧邻三元组"
2026-08-12 15:27:35,同构价差对比,kink,FU,fu2611-fu2701 | fu2701-fu2703 | fu2703-fu2705,做多B段(B低于插值),0.004208,False,低流动性(钓鱼),True,back(-97.8元/月),0.0,,"(104, 1, 116, 1)","A=186.0; B=110.0; C=63.5; 理论B=(A+C)/2=124.75; 估值偏差(实际-理论)=-14.75; 比例%=0.4208; 归因=fu2701-fu2702 低估-19.2(整段偏差-14.8的主要来源); 同构=月差2,跨注销0,同构; 最小腿OI=3561; 盘口空隙=12跳/0.342%",,,,"组共10段, 仅取紧邻三元组"
2026-08-12 15:27:35,折角修复,kink,SP,sp2609-sp2610 | sp2611-sp2612 | sp2701-sp2702,做多B段(实际低于理论),0.004197,True,,False,contango(+55.1元/月),83.3,,"(-30, 4, -22, 3)",A=-6.0; B=-26.0; C=-7.0; 理论B=(A+C)/2=-6.5; 价差(理论-实际)=19.5; 主力价=4646; 比例%=0.4197; 同构性=同构; 最小腿OI=54; 盘口空隙=4跳/0.172%,,,,月差1 同构
2026-08-12 15:27:35,同构价差对比,kink,EB,eb2612-eb2702 | eb2702-eb2704 | eb2704-eb2706,做多B段(B低于插值),0.004173,False,低流动性(钓鱼),False,back(-111.7元/月),33.3,,"(52, 1, 78, 1)","A=148.5; B=65.0; C=50.0; 理论B=(A+C)/2=99.25; 估值偏差(实际-理论)=-34.25; 比例%=0.4173; 归因=eb2702-eb2703 低估-25.5(整段偏差-34.2的主要来源); 同构=月差2,跨注销1,同构; 最小腿OI=72; 盘口空隙=26跳/0.317%",DCE.SP eb2702&eb2704,,,"组共9段, 仅取紧邻三元组"
2026-08-12 15:27:35,折角修复,kink,HC,hc2612-hc2701 | hc2702-hc2703 | hc2704-hc2705,做多B段(实际低于理论),0.004168,False,低流动性(钓鱼),False,contango(+5.5元/月),83.3,,"(-35, 1, 7, 2)",A=-7.0; B=-14.0; C=6.0; 理论B=(A+C)/2=-0.5; 价差(理论-实际)=13.5; 主力价=3239; 比例%=0.4168; 同构性=同构; 最小腿OI=79; 盘口空隙=42跳/1.297%,,,,月差1 同构
2026-08-12 15:27:35,折角修复,kink,SC,sc2611-sc2701 | sc2703-sc2705 | sc2707-sc2709,做多B段(实际低于理论),0.004166,False,低流动性(钓鱼),True,back(-4.1元/月),28.6,,"(-7.4, 1, 13.5, 1)",A=7.449999999999999; B=3.05; C=3.2499999999999996; 理论B=(A+C)/2=5.35; 价差(理论-实际)=2.3; 主力价=552.1; 比例%=0.4166; 同构性=同构; 最小腿OI=6; 盘口空隙=209跳/3.786%,,,,月差2 同构
2026-08-12 15:27:35,价差递延,butterfly,I,i2609-i2611-i2701,"做多蝶式(买后段卖前段,结构应后段>前段)",0.004164,True,,False,back(-3.0元/月),83.3,,,"前段=9.25; 后段=6.25; 蝶值(后-前)=-3.0; 结构基准E=1; 同构性=非同构(near/none),结构性不等式违背,|蝶值|为保守错价下限; 最小腿OI=87133; 盘口空隙=4跳/0.283%",,,,泛化蝶式 月差2+2
2026-08-12 15:27:35,同构价差对比,kink,P,p2611-p2701 | p2701-p2703 | p2703-p2705,做空B段(B高于插值),0.004153,True,,False,contango(+67.9元/月),100.0,,"(-107, 1, -105, 4)","A=-213.5; B=-106.0; C=-79.0; 理论B=(A+C)/2=-146.25; 估值偏差(实际-理论)=40.25; 比例%=0.4153; 归因=p2701-p2702 高估+21.0(整段偏差+40.2的主要来源); 同构=月差2,跨注销1,同构; 最小腿OI=2749; 盘口空隙=2跳/0.021%",DCE.SP p2701&p2703,,,"组共9段, 仅取紧邻三元组"
2026-08-12 15:27:35,折角修复,kink,FB,fb2610-fb2611 | fb2612-fb2701 | fb2702-fb2703,做空B段(实际高于理论),0.004147,False,低流动性(钓鱼),False,分歧(-6.6元/月),40.0,,"(2.0, 2, 7.0, 1)","A=-2.25; B=4.5; C=0.75; 理论B=(A+C)/2=-0.75; 价差(理论-实际)=-5.25; 主力价=1266.0; 比例%=0.4147; 同构性=非同构(none/none/far,结构有利,插值为保守下限); 最小腿OI=4; 盘口空隙=10跳/0.395%",DCE.SP fb2612&fb2701,,,月差1 非同构-结构有利
2026-08-12 15:27:35,同构价差对比,kink,PL,PL610-PL612 | PL612-PL702 | PL702-PL704,做多B段(B低于插值),0.004141,True,,False,back(-222.0元/月),,,"(180, 1, 198, 1)","A=380.0; B=189.0; C=59.0; 理论B=(A+C)/2=219.5; 估值偏差(实际-理论)=-30.5; 比例%=0.4141; 归因=PL612-PL701 低估-39.0(整段偏差-30.5的主要来源); 同构=月差2,跨注销1,同构; 最小腿OI=19; 盘口空隙=18跳/0.244%",CZCE.SPD PL612&PL702,,,"组共4段, 仅取紧邻三元组"
2026-08-12 15:27:35,注销后首月溢价,spread,PT,pt2610-pt2612,做多价差(买注销后首月卖次月),0.004137,True,,True,contango(+1.2元/月),,,"(-1.85, 2, -1.75, 5)",注销月=pt2608; 价差=-1.8; 期限斜率t=19.87; 最小腿OI=3047; 盘口空隙=2跳/0.023%,GFEX.SP pt2610&pt2612,,,
2026-08-12 15:27:35,同构价差对比,kink,OP,op2704-op2705 | op2705-op2706 | op2706-op2707,做空B段(B高于插值),0.004124,False,低流动性(钓鱼),False,contango(+6.4元/月),,,"(-76, 2, 84, 2)","A=9.0; B=4.0; C=-33.0; 理论B=(A+C)/2=-12.0; 估值偏差(实际-理论)=16.0; 比例%=0.4124; 归因=B即相邻月段; 同构=月差1,跨注销0,同构; 最小腿OI=0; 盘口空隙=80跳/4.124%",,,,"组共10段, 仅取紧邻三元组"
2026-08-12 15:27:35,折角修复,kink,AD,ad2609-ad2611 | ad2612-ad2702 | ad2703-ad2705,做空B段(实际高于理论),0.004123,False,低流动性(钓鱼),False,contango(+60.4元/月),,,"(-515, 1, 520, 2)",A=-132.5; B=2.5; C=-57.5; 理论B=(A+C)/2=-95.0; 价差(理论-实际)=-97.5; 主力价=23645; 比例%=0.4123; 同构性=同构; 最小腿OI=1; 盘口空隙=207跳/4.377%,,,,月差2 同构
2026-08-12 15:27:35,折角修复,kink,AD,ad2611-ad2701 | ad2701-ad2703 | ad2703-ad2705,做多B段(实际低于理论),0.004123,False,低流动性(钓鱼),False,contango(+60.4元/月),,,"(-460, 1, 295, 1)",A=87.5; B=-82.5; C=-57.5; 理论B=(A+C)/2=15.0; 价差(理论-实际)=97.5; 主力价=23645; 比例%=0.4123; 同构性=同构; 最小腿OI=1; 盘口空隙=151跳/3.193%,,,,月差2 同构
2026-08-12 15:27:35,同构价差对比,kink,AD,ad2611-ad2701 | ad2701-ad2703 | ad2703-ad2705,做多B段(B低于插值),0.004123,False,低流动性(钓鱼),False,contango(+60.4元/月),,,"(-460, 1, 295, 1)","A=87.5; B=-82.5; C=-57.5; 理论B=(A+C)/2=15.0; 估值偏差(实际-理论)=-97.5; 比例%=0.4123; 归因=ad2701-ad2702 低估-78.8(整段偏差-97.5的主要来源); 同构=月差2,跨注销1,同构; 最小腿OI=1; 盘口空隙=151跳/3.193%",,,,"组共9段, 仅取紧邻三元组"
2026-08-12 15:27:35,折角修复,kink,SC,sc2610-sc2612 | sc2701-sc2703 | sc2704-sc2706,做多B段(实际低于理论),0.004121,False,低流动性(钓鱼),True,back(-4.1元/月),28.6,,"(0.8, 1, 12.2, 1)",A=10.8; B=6.5; C=6.75; 理论B=(A+C)/2=8.78; 价差(理论-实际)=2.28; 主力价=552.1; 比例%=0.4121; 同构性=同构; 最小腿OI=63; 盘口空隙=114跳/2.065%,,,,月差2 同构
2026-08-12 15:27:35,波动传递,butterfly,EG,eg2609-eg2610-eg2611,前段波动显著高于后段(传递观察),0.00412,True,,False,back(-130.1元/月),0.0,,,前段20日波动=30.32; 后段20日波动=10.09; 归一差=0.00412; 最小腿OI=81240; 盘口空隙=4跳/0.081%,,,,
2026-08-12 15:27:35,折角修复,kink,AL,al2610-al2611 | al2701-al2702 | al2704-al2705,做多B段(实际低于理论),0.004118,False,低流动性(钓鱼),True,back(-15.5元/月),83.3,,"(-125, 1, 20, 1)",A=30.0; B=-52.5; C=65.0; 理论B=(A+C)/2=47.5; 价差(理论-实际)=100.0; 主力价=24285; 比例%=0.4118; 同构性=同构; 最小腿OI=2851; 盘口空隙=29跳/0.597%,,,,月差1 同构
2026-08-12 15:27:35,折角修复,kink,RU,ru2704-ru2705 | ru2705-ru2706 | ru2706-ru2707,做多B段(实际低于理论),0.004109,False,低流动性(钓鱼),False,contango(+176.5元/月),0.0,,"(-145, 1, 55, 1)",A=5.0; B=-45.0; C=52.5; 理论B=(A+C)/2=28.75; 价差(理论-实际)=73.75; 主力价=17950; 比例%=0.4109; 同构性=同构; 最小腿OI=33; 盘口空隙=40跳/1.114%,,,,月差1 同构
2026-08-12 15:27:35,同构价差对比,kink,RU,ru2704-ru2705 | ru2705-ru2706 | ru2706-ru2707,做多B段(B低于插值),0.004109,False,低流动性(钓鱼),False,contango(+176.5元/月),0.0,,"(-145, 1, 55, 1)","A=5.0; B=-45.0; C=52.5; 理论B=(A+C)/2=28.75; 估值偏差(实际-理论)=-73.75; 比例%=0.4109; 归因=B即相邻月段; 同构=月差1,跨注销0,同构; 最小腿OI=33; 盘口空隙=40跳/1.114%",,,,"组共6段, 仅取紧邻三元组"
2026-08-12 15:27:35,同构价差对比,kink,B,b2611-b2612 | b2612-b2701 | b2701-b2702,做空B段(B高于插值),0.004093,True,,False,back(-14.2元/月),50.0,,"(13, 6, 15, 63)","A=-25.5; B=14.0; C=22.0; 理论B=(A+C)/2=-1.75; 估值偏差(实际-理论)=15.75; 比例%=0.4093; 归因=B即相邻月段; 同构=月差1,跨注销0,同构; 最小腿OI=5437; 盘口空隙=2跳/0.052%",DCE.SP b2612&b2701,,,"组共10段, 仅取紧邻三元组"
2026-08-12 15:27:35,折角修复,kink,LG,lg2701-lg2703 | lg2703-lg2705 | lg2705-lg2707,做多B段(实际低于理论),0.004071,True,,False,back(-0.8元/月),,,"(-3.0, 1, -2.0, 1)",A=0.0; B=-2.5; C=1.75; 理论B=(A+C)/2=0.88; 价差(理论-实际)=3.38; 主力价=829.0; 比例%=0.4071; 同构性=同构; 最小腿OI=282; 盘口空隙=2跳/0.121%,DCE.SP lg2703&lg2705,,,月差2 同构
2026-08-12 15:27:35,同构价差对比,kink,LG,lg2701-lg2703 | lg2703-lg2705 | lg2705-lg2707,做多B段(B低于插值),0.004071,True,,False,back(-0.8元/月),,,"(-3.0, 1, -2.0, 1)","A=0.0; B=-2.5; C=1.75; 理论B=(A+C)/2=0.88; 估值偏差(实际-理论)=-3.38; 比例%=0.4071; 归因=B即相邻月段; 同构=月差2,跨注销1,同构; 最小腿OI=282; 盘口空隙=2跳/0.121%",DCE.SP lg2703&lg2705,,,"组共5段, 仅取紧邻三元组"
2026-08-12 15:27:35,折角修复,kink,AL,al2703-al2704 | al2704-al2705 | al2705-al2706,做空B段(实际高于理论),0.004066,False,低流动性(钓鱼),False,back(-15.5元/月),83.3,,"(-5, 1, 135, 1)",A=-40.0; B=65.0; C=-27.5; 理论B=(A+C)/2=-33.75; 价差(理论-实际)=-98.75; 主力价=24285; 比例%=0.4066; 同构性=同构; 最小腿OI=1371; 盘口空隙=28跳/0.576%,,,,月差1 同构
2026-08-12 15:27:35,同构价差对比,kink,AL,al2703-al2704 | al2704-al2705 | al2705-al2706,做空B段(B高于插值),0.004066,False,低流动性(钓鱼),False,back(-15.5元/月),83.3,,"(-5, 1, 135, 1)","A=-40.0; B=65.0; C=-27.5; 理论B=(A+C)/2=-33.75; 估值偏差(实际-理论)=98.75; 比例%=0.4066; 归因=B即相邻月段; 同构=月差1,跨注销0,同构; 最小腿OI=1371; 盘口空隙=28跳/0.576%",,,,"组共10段, 仅取紧邻三元组"
2026-08-12 15:27:35,折角修复,kink,BC,bc2610-bc2611 | bc2702-bc2703 | bc2706-bc2707,做多B段(实际低于理论),0.004064,False,低流动性(钓鱼),True,back(-159.1元/月),0.0,,"(-2500, 1, 2010, 1)",A=270.0; B=-245.0; C=25.0; 理论B=(A+C)/2=147.5; 价差(理论-实际)=392.5; 主力价=96570; 比例%=0.4064; 同构性=同构; 最小腿OI=1; 盘口空隙=451跳/4.670%,,,,月差1 同构
2026-08-12 15:27:35,折角修复,kink,NR,nr2611-nr2612 | nr2612-nr2701 | nr2701-nr2702,做空B段(实际高于理论),0.004025,False,低流动性(钓鱼),False,contango(+68.5元/月),50.0,,"(15, 1, 90, 1)",A=-35.0; B=52.5; C=20.0; 理论B=(A+C)/2=-7.5; 价差(理论-实际)=-60.0; 主力价=14905; 比例%=0.4025; 同构性=同构; 最小腿OI=13; 盘口空隙=15跳/0.503%,,,,月差1 同构
2026-08-12 15:27:35,同构价差对比,kink,NR,nr2611-nr2612 | nr2612-nr2701 | nr2701-nr2702,做空B段(B高于插值),0.004025,False,低流动性(钓鱼),False,contango(+68.5元/月),50.0,,"(15, 1, 90, 1)","A=-35.0; B=52.5; C=20.0; 理论B=(A+C)/2=-7.5; 估值偏差(实际-理论)=60.0; 比例%=0.4025; 归因=B即相邻月段; 同构=月差1,跨注销0,同构; 最小腿OI=13; 盘口空隙=15跳/0.503%",,,,"组共10段, 仅取紧邻三元组"
2026-08-12 15:27:35,折角修复,kink,NI,ni2612-ni2701 | ni2703-ni2704 | ni2706-ni2707,做空B段(实际高于理论),0.004021,False,低流动性(钓鱼),False,contango(+266.5元/月),83.3,,"(-600, 1, 1020, 1)",A=-310.0; B=210.0; C=-305.0; 理论B=(A+C)/2=-307.5; 价差(理论-实际)=-517.5; 主力价=128710; 比例%=0.4021; 同构性=同构; 最小腿OI=193; 盘口空隙=162跳/1.259%,,,,月差1 同构
2026-08-12 15:27:35,折角修复,kink,AL,al2612-al2701 | al2701-al2702 | al2702-al2703,做多B段(实际低于理论),0.004015,False,低流动性(钓鱼),True,back(-15.5元/月),83.3,,"(-125, 1, 20, 1)",A=45.0; B=-52.5; C=45.0; 理论B=(A+C)/2=45.0; 价差(理论-实际)=97.5; 主力价=24285; 比例%=0.4015; 同构性=同构; 最小腿OI=7469; 盘口空隙=29跳/0.597%,,,,月差1 同构
2026-08-12 15:27:35,折角修复,kink,AL,al2608-al2610 | al2610-al2612 | al2612-al2702,做空B段(实际高于理论),0.004015,True,,False,back(-15.5元/月),83.3,,"(50, 4, 60, 25)",A=-77.5; B=55.0; C=-7.5; 理论B=(A+C)/2=-42.5; 价差(理论-实际)=-97.5; 主力价=24285; 比例%=0.4015; 同构性=同构; 最小腿OI=8767; 盘口空隙=2跳/0.041%,,,,月差2 同构
2026-08-12 15:27:35,同构价差对比,kink,AL,al2612-al2701 | al2701-al2702 | al2702-al2703,做多B段(B低于插值),0.004015,False,低流动性(钓鱼),True,back(-15.5元/月),83.3,,"(-125, 1, 20, 1)","A=45.0; B=-52.5; C=45.0; 理论B=(A+C)/2=45.0; 估值偏差(实际-理论)=-97.5; 比例%=0.4015; 归因=B即相邻月段; 同构=月差1,跨注销0,同构; 最小腿OI=7469; 盘口空隙=29跳/0.597%",,,,"组共10段, 仅取紧邻三元组"
2026-08-12 15:27:35,价差递延,butterfly,PL,PL701-PL702-PL703,"做多蝶式(买后段卖前段,结构应后段>前段)",0.004001,False,低流动性(钓鱼),False,back(-222.0元/月),,,,"前段=74.0; 后段=45.5; 蝶值(后-前)=-28.5; 结构基准E=2; 同构性=非同构(near/far),结构性不等式违背,|蝶值|为保守错价下限; 最小腿OI=18; 盘口空隙=45跳/0.611%",,,,泛化蝶式 月差1+1
2026-08-12 15:27:35,折角修复,kink,HC,hc2702-hc2703 | hc2704-hc2705 | hc2706-hc2707,做空B段(实际高于理论),0.003936,False,低流动性(钓鱼),False,contango(+5.5元/月),83.3,,"(-5, 2, 17, 2)",A=-14.0; B=6.0; C=0.5; 理论B=(A+C)/2=-6.75; 价差(理论-实际)=-12.75; 主力价=3239; 比例%=0.3936; 同构性=同构; 最小腿OI=8; 盘口空隙=22跳/0.679%,,,,月差1 同构
2026-08-12 15:27:35,价差递延,butterfly,PX,PX701-PX704-PX707,"做多蝶式(买后段卖前段,结构应后段>前段)",0.003933,False,低流动性(钓鱼),False,back(-44.1元/月),0.0,,,"前段=95.0; 后段=64.0; 蝶值(后-前)=-31.0; 结构基准E=2; 同构性=非同构(near/far),结构性不等式违背,|蝶值|为保守错价下限; 最小腿OI=9; 盘口空隙=67跳/1.681%",,,,泛化蝶式 月差3+3
2026-08-12 15:27:35,折角修复,kink,AL,al2702-al2703 | al2703-al2704 | al2704-al2705,做多B段(实际低于理论),0.003912,False,低流动性(钓鱼),True,back(-15.5元/月),83.3,,"(-205, 1, 125, 1)",A=45.0; B=-40.0; C=65.0; 理论B=(A+C)/2=55.0; 价差(理论-实际)=95.0; 主力价=24285; 比例%=0.3912; 同构性=同构; 最小腿OI=2851; 盘口空隙=66跳/1.359%,,,,月差1 同构
2026-08-12 15:27:35,同构价差对比,kink,AL,al2702-al2703 | al2703-al2704 | al2704-al2705,做多B段(B低于插值),0.003912,False,低流动性(钓鱼),True,back(-15.5元/月),83.3,,"(-205, 1, 125, 1)","A=45.0; B=-40.0; C=65.0; 理论B=(A+C)/2=55.0; 估值偏差(实际-理论)=-95.0; 比例%=0.3912; 归因=B即相邻月段; 同构=月差1,跨注销0,同构; 最小腿OI=2851; 盘口空隙=66跳/1.359%",,,,"组共10段, 仅取紧邻三元组"
2026-08-12 15:27:35,同构价差对比,kink,LC,lc2611-lc2612 | lc2612-lc2701 | lc2701-lc2702,做多B段(B低于插值),0.003911,False,低流动性(钓鱼),True,back(-242.5元/月),66.7,,"(-380, 4, 440, 1)","A=-480.0; B=30.0; C=1710.0; 理论B=(A+C)/2=615.0; 估值偏差(实际-理论)=-585.0; 比例%=0.3911; 归因=B即相邻月段; 同构=月差1,跨注销0,非同构(near/none/none,结构有利,插值为保守下限); 最小腿OI=1256; 盘口空隙=41跳/0.548%",,,,"组共10段, 仅取紧邻三元组"
2026-08-12 15:27:35,折角修复,kink,I,i2702-i2703 | i2704-i2705 | i2706-i2707,做空B段(实际高于理论),0.003898,True,,False,back(-3.0元/月),83.3,,"(4.5, 134, 5.0, 144)","A=2.25; B=4.75; C=1.75; 理论B=(A+C)/2=2.0; 价差(理论-实际)=-2.75; 主力价=705.5; 比例%=0.3898; 同构性=非同构(far/none/none,结构有利,插值为保守下限); 最小腿OI=15602; 盘口空隙=1跳/0.071%",DCE.SP i2704&i2705,,,月差1 非同构-结构有利
2026-08-12 15:27:35,折角修复,kink,I,i2611-i2701 | i2701-i2703 | i2703-i2705,做多B段(实际低于理论),0.003898,True,,True,back(-3.0元/月),83.3,,"(3.5, 109, 4.5, 137)","A=6.25; B=4.0; C=7.25; 理论B=(A+C)/2=6.75; 价差(理论-实际)=2.75; 主力价=705.5; 比例%=0.3898; 同构性=非同构(none/far/near,结构有利,插值为保守下限); 最小腿OI=44883; 盘口空隙=2跳/0.142%",DCE.SP i2701&i2703,,,月差2 非同构-结构有利
2026-08-12 15:27:35,同构价差对比,kink,I,i2611-i2701 | i2701-i2703 | i2703-i2705,做多B段(B低于插值),0.003898,True,,True,back(-3.0元/月),83.3,,"(3.5, 109, 4.5, 137)","A=6.25; B=4.0; C=7.25; 理论B=(A+C)/2=6.75; 估值偏差(实际-理论)=-2.75; 比例%=0.3898; 归因=i2702-i2703 低估-1.6(整段偏差-2.8的主要来源); 同构=月差2,跨注销0,非同构(none/far/near,结构有利,插值为保守下限); 最小腿OI=44883; 盘口空隙=2跳/0.142%",DCE.SP i2701&i2703,,,"组共8段, 仅取紧邻三元组"
2026-08-12 15:27:35,折角修复,kink,AO,ao2608-ao2610 | ao2612-ao2702 | ao2704-ao2706,做多B段(实际低于理论),0.003873,False,低流动性(钓鱼),False,contango(+14.3元/月),100.0,,"(-51, 1, -19, 1)",A=-27.5; B=-35.0; C=-21.5; 理论B=(A+C)/2=-24.5; 价差(理论-实际)=10.5; 主力价=2711; 比例%=0.3873; 同构性=同构; 最小腿OI=64; 盘口空隙=32跳/1.180%,,,,月差2 同构
2026-08-12 15:27:35,同构价差对比,kink,PF,PF610-PF701 | PF701-PF704 | PF704-PF707,做多B段(B低于插值),0.003868,False,低流动性(钓鱼),False,back(-57.8元/月),0.0,,"(48, 1, 72, 1)","A=153.0; B=60.0; C=24.0; 理论B=(A+C)/2=88.5; 估值偏差(实际-理论)=-28.5; 比例%=0.3868; 归因=PF703-PF704 低估-32.0(整段偏差-28.5的主要来源); 同构=月差3,跨注销1,同构; 最小腿OI=5; 盘口空隙=12跳/0.326%",CZCE.SPD PF701&PF704,,,"组共5段, 仅取紧邻三元组"
2026-08-12 15:27:35,折角修复,kink,RR,rr2612-rr2701 | rr2703-rr2704 | rr2706-rr2707,做空B段(实际高于理论),0.003863,True,,False,back(-25.9元/月),0.0,,"(2, 1, 8, 1)",A=-20.0; B=5.0; C=2.0; 理论B=(A+C)/2=-9.0; 价差(理论-实际)=-14.0; 主力价=3624; 比例%=0.3863; 同构性=同构; 最小腿OI=7; 盘口空隙=6跳/0.166%,DCE.SP rr2703&rr2704,,,月差1 同构
2026-08-12 15:27:35,折角修复,kink,UR,UR609-UR610 | UR701-UR702 | UR705-UR706,做空B段(实际高于理论),0.003862,True,,False,contango(+13.6元/月),100.0,,"(2, 55, 3, 20)",A=-10.0; B=2.5; C=2.0; 理论B=(A+C)/2=-4.0; 价差(理论-实际)=-6.5; 主力价=1683; 比例%=0.3862; 同构性=同构; 最小腿OI=100; 盘口空隙=1跳/0.059%,CZCE.SPD UR701&UR702,,,月差1 同构
2026-08-12 15:27:35,折角修复,kink,NR,nr2611-nr2612 | nr2701-nr2702 | nr2703-nr2704,做空B段(实际高于理论),0.003858,False,低流动性(钓鱼),False,contango(+68.5元/月),50.0,,"(-20, 2, 60, 1)",A=-35.0; B=20.0; C=-40.0; 理论B=(A+C)/2=-37.5; 价差(理论-实际)=-57.5; 主力价=14905; 比例%=0.3858; 同构性=同构; 最小腿OI=13; 盘口空隙=16跳/0.537%,,,,月差1 同构
2026-08-12 15:27:35,折角修复,kink,NR,nr2701-nr2702 | nr2703-nr2704 | nr2705-nr2706,做多B段(实际低于理论),0.003858,False,低流动性(钓鱼),False,contango(+68.5元/月),50.0,,"(-190, 1, 110, 1)",A=20.0; B=-40.0; C=15.0; 理论B=(A+C)/2=17.5; 价差(理论-实际)=57.5; 主力价=14905; 比例%=0.3858; 同构性=同构; 最小腿OI=13; 盘口空隙=60跳/2.013%,,,,月差1 同构
2026-08-12 15:27:35,折角修复,kink,BC,bc2610-bc2612 | bc2701-bc2703 | bc2704-bc2706,做多B段(实际低于理论),0.003857,False,低流动性(钓鱼),True,back(-159.1元/月),0.0,,"(-2120, 1, 1750, 1)",A=385.0; B=-185.0; C=-10.0; 理论B=(A+C)/2=187.5; 价差(理论-实际)=372.5; 主力价=96570; 比例%=0.3857; 同构性=同构; 最小腿OI=1; 盘口空隙=387跳/4.007%,,,,月差2 同构
2026-08-12 15:27:35,折角修复,kink,FU,fu2612-fu2701 | fu2701-fu2702 | fu2702-fu2703,做多B段(实际低于理论),0.003852,True,,True,back(-97.8元/月),0.0,,"(51, 1, 57, 3)",A=79.0; B=54.0; C=56.0; 理论B=(A+C)/2=67.5; 价差(理论-实际)=13.5; 主力价=3505; 比例%=0.3852; 同构性=同构; 最小腿OI=1207; 盘口空隙=6跳/0.171%,,,,月差1 同构
2026-08-12 15:27:35,同构价差对比,kink,FU,fu2612-fu2701 | fu2701-fu2702 | fu2702-fu2703,做多B段(B低于插值),0.003852,True,,True,back(-97.8元/月),0.0,,"(51, 1, 57, 3)","A=79.0; B=54.0; C=56.0; 理论B=(A+C)/2=67.5; 估值偏差(实际-理论)=-13.5; 比例%=0.3852; 归因=B即相邻月段; 同构=月差1,跨注销0,同构; 最小腿OI=1207; 盘口空隙=6跳/0.171%",,,,"组共11段, 仅取紧邻三元组"
2026-08-12 15:27:35,折角修复,kink,NI,ni2611-ni2701 | ni2701-ni2703 | ni2703-ni2705,做多B段(实际低于理论),0.003826,False,低流动性(钓鱼),True,contango(+266.5元/月),83.3,,"(-1430, 1, 50, 1)",A=-625.0; B=-690.0; C=230.0; 理论B=(A+C)/2=-197.5; 价差(理论-实际)=492.5; 主力价=128710; 比例%=0.3826; 同构性=同构; 最小腿OI=1276; 盘口空隙=148跳/1.150%,,,,月差2 同构
2026-08-12 15:27:35,同构价差对比,kink,NI,ni2611-ni2701 | ni2701-ni2703 | ni2703-ni2705,做多B段(B低于插值),0.003826,False,低流动性(钓鱼),True,contango(+266.5元/月),83.3,,"(-1430, 1, 50, 1)","A=-625.0; B=-690.0; C=230.0; 理论B=(A+C)/2=-197.5; 估值偏差(实际-理论)=-492.5; 比例%=0.3826; 归因=ni2702-ni2703 低估-300.0(整段偏差-492.5的主要来源); 同构=月差2,跨注销0,同构; 最小腿OI=1276; 盘口空隙=148跳/1.150%",,,,"组共9段, 仅取紧邻三元组"
2026-08-12 15:27:35,折角修复,kink,SH,SH611-SH612 | SH701-SH702 | SH703-SH704,做空B段(实际高于理论),0.00381,True,,False,contango(+16.2元/月),0.0,,"(-40, 39, -39, 30)",A=-46.0; B=-39.5; C=-47.5; 理论B=(A+C)/2=-46.75; 价差(理论-实际)=-7.25; 主力价=1903; 比例%=0.381; 同构性=同构; 最小腿OI=860; 盘口空隙=1跳/0.053%,CZCE.SPD SH701&SH702,,,月差1 同构
2026-08-12 15:27:35,折角修复,kink,WR,wr2609-wr2610 | wr2611-wr2612 | wr2701-wr2702,做空B段(实际高于理论),0.003804,False,低流动性(钓鱼),False,contango(+8.8元/月),66.7,,"(-84, 1, 53, 1)",A=-23.5; B=-15.5; C=-32.5; 理论B=(A+C)/2=-28.0; 价差(理论-实际)=-12.5; 主力价=3286; 比例%=0.3804; 同构性=同构; 最小腿OI=1; 盘口空隙=137跳/4.169%,,,,月差1 同构
2026-08-12 15:27:35,折角修复,kink,AO,ao2704-ao2705 | ao2705-ao2706 | ao2706-ao2707,做空B段(实际高于理论),0.003781,False,低流动性(钓鱼),False,contango(+14.3元/月),100.0,,"(-24, 2, 3, 1)",A=-11.0; B=-10.5; C=-30.5; 理论B=(A+C)/2=-20.75; 价差(理论-实际)=-10.25; 主力价=2711; 比例%=0.3781; 同构性=同构; 最小腿OI=64; 盘口空隙=27跳/0.996%,,,,月差1 同构
2026-08-12 15:27:35,同构价差对比,kink,AO,ao2704-ao2705 | ao2705-ao2706 | ao2706-ao2707,做空B段(B高于插值),0.003781,False,低流动性(钓鱼),False,contango(+14.3元/月),100.0,,"(-24, 2, 3, 1)","A=-11.0; B=-10.5; C=-30.5; 理论B=(A+C)/2=-20.75; 估值偏差(实际-理论)=10.25; 比例%=0.3781; 归因=B即相邻月段; 同构=月差1,跨注销0,同构; 最小腿OI=64; 盘口空隙=27跳/0.996%",,,,"组共10段, 仅取紧邻三元组"
2026-08-12 15:27:35,折角修复,kink,AL,al2701-al2702 | al2702-al2703 | al2703-al2704,做空B段(实际高于理论),0.003757,False,低流动性(钓鱼),False,back(-15.5元/月),83.3,,"(-125, 1, 215, 1)",A=-52.5; B=45.0; C=-40.0; 理论B=(A+C)/2=-46.25; 价差(理论-实际)=-91.25; 主力价=24285; 比例%=0.3757; 同构性=同构; 最小腿OI=3468; 盘口空隙=68跳/1.400%,,,,月差1 同构
2026-08-12 15:27:35,同构价差对比,kink,AL,al2701-al2702 | al2702-al2703 | al2703-al2704,做空B段(B高于插值),0.003757,False,低流动性(钓鱼),False,back(-15.5元/月),83.3,,"(-125, 1, 215, 1)","A=-52.5; B=45.0; C=-40.0; 理论B=(A+C)/2=-46.25; 估值偏差(实际-理论)=91.25; 比例%=0.3757; 归因=B即相邻月段; 同构=月差1,跨注销0,同构; 最小腿OI=3468; 盘口空隙=68跳/1.400%",,,,"组共10段, 仅取紧邻三元组"
2026-08-12 15:27:35,折角修复,kink,RB,rb2609-rb2610 | rb2610-rb2611 | rb2611-rb2612,做空B段(实际高于理论),0.003738,True,,False,contango(+10.4元/月),66.7,,"(-8, 25, -5, 33)",A=-21.0; B=-6.5; C=-14.5; 理论B=(A+C)/2=-17.75; 价差(理论-实际)=-11.25; 主力价=3010; 比例%=0.3738; 同构性=同构; 最小腿OI=3110; 盘口空隙=3跳/0.100%,,,,月差1 同构
2026-08-12 15:27:35,同构价差对比,kink,RB,rb2609-rb2610 | rb2610-rb2611 | rb2611-rb2612,做空B段(B高于插值),0.003738,True,,False,contango(+10.4元/月),66.7,,"(-8, 25, -5, 33)","A=-21.0; B=-6.5; C=-14.5; 理论B=(A+C)/2=-17.75; 估值偏差(实际-理论)=11.25; 比例%=0.3738; 归因=B即相邻月段; 同构=月差1,跨注销0,同构; 最小腿OI=3110; 盘口空隙=3跳/0.100%",,,,"组共10段, 仅取紧邻三元组"
2026-08-12 15:27:35,折角修复,kink,OP,op2701-op2702 | op2702-op2703 | op2703-op2704,做多B段(实际低于理论),0.003737,False,低流动性(钓鱼),False,contango(+6.4元/月),,,"(-84, 2, 58, 2)",A=7.0; B=-13.0; C=-4.0; 理论B=(A+C)/2=1.5; 价差(理论-实际)=14.5; 主力价=3880; 比例%=0.3737; 同构性=同构; 最小腿OI=0; 盘口空隙=71跳/3.660%,,,,月差1 同构
2026-08-12 15:27:35,同构价差对比,kink,OP,op2701-op2702 | op2702-op2703 | op2703-op2704,做多B段(B低于插值),0.003737,False,低流动性(钓鱼),False,contango(+6.4元/月),,,"(-84, 2, 58, 2)","A=7.0; B=-13.0; C=-4.0; 理论B=(A+C)/2=1.5; 估值偏差(实际-理论)=-14.5; 比例%=0.3737; 归因=B即相邻月段; 同构=月差1,跨注销0,同构; 最小腿OI=0; 盘口空隙=71跳/3.660%",,,,"组共10段, 仅取紧邻三元组"
2026-08-12 15:27:35,折角修复,kink,BC,bc2609-bc2611 | bc2612-bc2702 | bc2703-bc2705,做多B段(实际低于理论),0.003728,False,低流动性(钓鱼),True,back(-159.1元/月),0.0,,"(-2260, 1, 2470, 1)",A=520.0; B=105.0; C=410.0; 理论B=(A+C)/2=465.0; 价差(理论-实际)=360.0; 主力价=96570; 比例%=0.3728; 同构性=同构; 最小腿OI=1; 盘口空隙=473跳/4.898%,,,,月差2 同构
2026-08-12 15:27:35,折角修复,kink,HC,hc2609-hc2610 | hc2701-hc2702 | hc2705-hc2706,做空B段(实际高于理论),0.003705,False,低流动性(钓鱼),False,contango(+5.5元/月),83.3,,"(-25, 2, 8, 2)",A=-26.5; B=-8.5; C=-14.5; 理论B=(A+C)/2=-20.5; 价差(理论-实际)=-12.0; 主力价=3239; 比例%=0.3705; 同构性=同构; 最小腿OI=8; 盘口空隙=33跳/1.019%,,,,月差1 同构
2026-08-12 15:27:35,折角修复,kink,P,p2610-p2611 | p2611-p2612 | p2612-p2701,做多B段(实际低于理论),0.003663,True,,False,contango(+67.9元/月),100.0,,"(-114, 4, -111, 1)",A=-52.0; B=-112.5; C=-102.0; 理论B=(A+C)/2=-77.0; 价差(理论-实际)=35.5; 主力价=9691; 比例%=0.3663; 同构性=同构; 最小腿OI=32139; 盘口空隙=3跳/0.031%,DCE.SP p2611&p2612,,,月差1 同构
2026-08-12 15:27:35,同构价差对比,kink,P,p2610-p2611 | p2611-p2612 | p2612-p2701,做多B段(B低于插值),0.003663,True,,False,contango(+67.9元/月),100.0,,"(-114, 4, -111, 1)","A=-52.0; B=-112.5; C=-102.0; 理论B=(A+C)/2=-77.0; 估值偏差(实际-理论)=-35.5; 比例%=0.3663; 归因=B即相邻月段; 同构=月差1,跨注销0,同构; 最小腿OI=32139; 盘口空隙=3跳/0.031%",DCE.SP p2611&p2612,,,"组共10段, 仅取紧邻三元组"
2026-08-12 15:27:35,折角修复,kink,SP,sp2610-sp2612 | sp2701-sp2703 | sp2704-sp2706,做多B段(实际低于理论),0.003659,False,低流动性(钓鱼),False,contango(+55.1元/月),83.3,,"(-52, 1, -24, 1)",A=-26.0; B=-38.0; C=-16.0; 理论B=(A+C)/2=-21.0; 价差(理论-实际)=17.0; 主力价=4646; 比例%=0.3659; 同构性=同构; 最小腿OI=91; 盘口空隙=14跳/0.603%,,,,月差2 同构
2026-08-12 15:27:35,折角修复,kink,HC,hc2610-hc2701 | hc2701-hc2704 | hc2704-hc2707,做多B段(实际低于理论),0.003628,False,低流动性(钓鱼),False,contango(+5.5元/月),83.3,,"(-33, 2, -14, 2)",A=-15.5; B=-23.5; C=-8.0; 理论B=(A+C)/2=-11.75; 价差(理论-实际)=11.75; 主力价=3239; 比例%=0.3628; 同构性=同构; 最小腿OI=16; 盘口空隙=19跳/0.587%,,,,月差3 同构
2026-08-12 15:27:35,同构价差对比,kink,HC,hc2610-hc2701 | hc2701-hc2704 | hc2704-hc2707,做多B段(B低于插值),0.003628,False,低流动性(钓鱼),False,contango(+5.5元/月),83.3,,"(-33, 2, -14, 2)","A=-15.5; B=-23.5; C=-8.0; 理论B=(A+C)/2=-11.75; 估值偏差(实际-理论)=-11.75; 比例%=0.3628; 归因=hc2701-hc2702 低估-11.0(整段偏差-11.8的主要来源); 同构=月差3,跨注销2,同构; 最小腿OI=16; 盘口空隙=19跳/0.587%",,,,"组共8段, 仅取紧邻三元组"
2026-08-12 15:27:35,折角修复,kink,SI,si2608-si2609 | si2609-si2610 | si2610-si2611,做空B段(实际高于理论),0.003617,True,,False,contango(+72.1元/月),0.0,,"(0, 28, 5, 170)","A=-42.5; B=2.5; C=-15.0; 理论B=(A+C)/2=-28.75; 价差(理论-实际)=-31.25; 主力价=8640; 比例%=0.3617; 同构性=非同构(none/none/far,结构有利,插值为保守下限); 最小腿OI=208; 盘口空隙=1跳/0.058%",GFEX.SP si2609&si2610,,,月差1 非同构-结构有利
2026-08-12 15:27:35,同构价差对比,kink,OP,op2612-op2702 | op2702-op2704 | op2704-op2706,做多B段(B低于插值),0.003608,False,低流动性(钓鱼),False,contango(+6.4元/月),,,"(-88, 2, 54, 2)","A=-19.0; B=-17.0; C=13.0; 理论B=(A+C)/2=-3.0; 估值偏差(实际-理论)=-14.0; 比例%=0.3608; 归因=op2703-op2704 低估-9.5(整段偏差-14.0的主要来源); 同构=月差2,跨注销1,同构; 最小腿OI=0; 盘口空隙=71跳/3.660%",,,,"组共9段, 仅取紧邻三元组"
2026-08-12 15:27:35,同构价差对比,kink,OP,op2609-op2612 | op2612-op2703 | op2703-op2706,做多B段(B低于插值),0.003608,False,低流动性(钓鱼),False,contango(+6.4元/月),,,"(-104, 2, 40, 2)","A=-45.0; B=-32.0; C=9.0; 理论B=(A+C)/2=-18.0; 估值偏差(实际-理论)=-14.0; 比例%=0.3608; 归因=op2612-op2701 低估-20.5(整段偏差-14.0的主要来源); 同构=月差3,跨注销2,同构; 最小腿OI=0; 盘口空隙=72跳/3.711%",,,,"组共8段, 仅取紧邻三元组"
2026-08-12 15:27:35,同构价差对比,kink,B,b2703-b2704 | b2704-b2705 | b2705-b2706,做空B段(B高于插值),0.003573,True,,False,back(-14.2元/月),50.0,,"(83, 17, 86, 7)","A=123.5; B=84.5; C=18.0; 理论B=(A+C)/2=70.75; 估值偏差(实际-理论)=13.75; 比例%=0.3573; 归因=B即相邻月段; 同构=月差1,跨注销0,同构; 最小腿OI=636; 盘口空隙=3跳/0.078%",DCE.SP b2704&b2705,,,"组共10段, 仅取紧邻三元组"
2026-08-12 15:27:35,折角修复,kink,I,i2610-i2611 | i2701-i2702 | i2704-i2705,做多B段(实际低于理论),0.003544,True,,True,back(-3.0元/月),83.3,,"(1.5, 14, 2.0, 899)",A=3.75; B=1.75; C=4.75; 理论B=(A+C)/2=4.25; 价差(理论-实际)=2.5; 主力价=705.5; 比例%=0.3544; 同构性=同构; 最小腿OI=36840; 盘口空隙=1跳/0.071%,DCE.SP i2701&i2702,,,月差1 同构
2026-08-12 15:27:35,折角修复,kink,NI,ni2611-ni2701 | ni2702-ni2704 | ni2705-ni2707,做空B段(实际高于理论),0.003535,False,低流动性(钓鱼),False,contango(+266.5元/月),83.3,,"(-930, 1, 460, 1)",A=-625.0; B=-235.0; C=-755.0; 理论B=(A+C)/2=-690.0; 价差(理论-实际)=-455.0; 主力价=128710; 比例%=0.3535; 同构性=同构; 最小腿OI=255; 盘口空隙=139跳/1.080%,,,,月差2 同构
2026-08-12 15:27:35,折角修复,kink,SC,sc2610-sc2611 | sc2612-sc2701 | sc2702-sc2703,做多B段(实际低于理论),0.003532,True,,True,back(-4.1元/月),28.6,,"(2.8, 1, 4.1, 2)",A=6.8; B=3.4499999999999997; C=4.0; 理论B=(A+C)/2=5.4; 价差(理论-实际)=1.95; 主力价=552.1; 比例%=0.3532; 同构性=同构; 最小腿OI=671; 盘口空隙=13跳/0.235%,,,,月差1 同构
2026-08-12 15:27:35,价差递延,butterfly,I,i2612-i2703-i2706,"做空蝶式(卖后段买前段,结构应后段<前段)",0.003531,False,低流动性(钓鱼),False,back(-3.0元/月),83.3,,,"前段=6.75; 后段=9.25; 蝶值(后-前)=2.5; 结构基准E=-2; 同构性=非同构(far/near),结构性不等式违背,|蝶值|为保守错价下限; 最小腿OI=25291; 盘口空隙=10跳/0.709%",,,,泛化蝶式 月差3+3
2026-08-12 15:27:35,折角修复,kink,NI,ni2609-ni2612 | ni2612-ni2703 | ni2703-ni2706,做多B段(实际低于理论),0.003516,False,低流动性(钓鱼),True,contango(+266.5元/月),83.3,,"(-1690, 1, -310, 1)",A=-875.0; B=-1000.0; C=-220.0; 理论B=(A+C)/2=-547.5; 价差(理论-实际)=452.5; 主力价=128710; 比例%=0.3516; 同构性=同构; 最小腿OI=193; 盘口空隙=138跳/1.072%,,,,月差3 同构
2026-08-12 15:27:35,同构价差对比,kink,NI,ni2609-ni2612 | ni2612-ni2703 | ni2703-ni2706,做多B段(B低于插值),0.003516,False,低流动性(钓鱼),True,contango(+266.5元/月),83.3,,"(-1690, 1, -310, 1)","A=-875.0; B=-1000.0; C=-220.0; 理论B=(A+C)/2=-547.5; 估值偏差(实际-理论)=-452.5; 比例%=0.3516; 归因=ni2612-ni2701 低估-290.0(整段偏差-452.5的主要来源); 同构=月差3,跨注销0,同构; 最小腿OI=193; 盘口空隙=138跳/1.072%",,,,"组共8段, 仅取紧邻三元组"
2026-08-12 15:27:35,折角修复,kink,AO,ao2610-ao2611 | ao2702-ao2703 | ao2706-ao2707,做空B段(实际高于理论),0.003504,False,低流动性(钓鱼),False,contango(+14.3元/月),100.0,,"(-37, 4, 4, 4)",A=-21.5; B=-16.5; C=-30.5; 理论B=(A+C)/2=-26.0; 价差(理论-实际)=-9.5; 主力价=2711; 比例%=0.3504; 同构性=同构; 最小腿OI=64; 盘口空隙=41跳/1.512%,,,,月差1 同构
2026-08-12 15:27:35,波动传递,butterfly,EG,eg2705-eg2706-eg2707,前段波动显著高于后段(传递观察),0.0035,True,,False,back(-130.1元/月),0.0,,,前段20日波动=22.5; 后段20日波动=7.4; 归一差=0.0035; 最小腿OI=28; 盘口空隙=7跳/0.143%,,,,
2026-08-12 15:27:35,价差递延,butterfly,PP,pp2611-pp2701-pp2703,"做多蝶式(买后段卖前段,结构应后段>前段)",0.003478,False,低流动性(钓鱼),False,back(-180.4元/月),0.0,,,"前段=200.0; 后段=173.0; 蝶值(后-前)=-27.0; 结构基准E=1; 同构性=非同构(none/far),结构性不等式违背,|蝶值|为保守错价下限; 最小腿OI=203; 盘口空隙=114跳/1.364%",,,,泛化蝶式 月差2+2
2026-08-12 15:27:35,折角修复,kink,SI,si2704-si2705 | si2705-si2706 | si2706-si2707,做空B段(实际高于理论),0.003472,False,低流动性(钓鱼),False,contango(+72.1元/月),0.0,,"(-25, 1, 50, 1)",A=-7.5; B=12.5; C=-27.5; 理论B=(A+C)/2=-17.5; 价差(理论-实际)=-30.0; 主力价=8640; 比例%=0.3472; 同构性=同构; 最小腿OI=46; 盘口空隙=15跳/0.868%,,,,月差1 同构
2026-08-12 15:27:35,同构价差对比,kink,SI,si2704-si2705 | si2705-si2706 | si2706-si2707,做空B段(B高于插值),0.003472,False,低流动性(钓鱼),False,contango(+72.1元/月),0.0,,"(-25, 1, 50, 1)","A=-7.5; B=12.5; C=-27.5; 理论B=(A+C)/2=-17.5; 估值偏差(实际-理论)=30.0; 比例%=0.3472; 归因=B即相邻月段; 同构=月差1,跨注销0,同构; 最小腿OI=46; 盘口空隙=15跳/0.868%",,,,"组共10段, 仅取紧邻三元组"
2026-08-12 15:27:35,价差递延,butterfly,J,j2701-j2703-j2705,"做空蝶式(卖后段买前段,结构应后段<前段)",0.003449,False,低流动性(钓鱼),False,contango(+12.1元/月),66.7,,,"前段=-7.25; 后段=-0.5; 蝶值(后-前)=6.75; 结构基准E=-2; 同构性=非同构(far/near),结构性不等式违背,|蝶值|为保守错价下限; 最小腿OI=45; 盘口空隙=25跳/0.656%",,,,泛化蝶式 月差2+2
2026-08-12 15:27:35,折角修复,kink,SP,sp2609-sp2610 | sp2610-sp2611 | sp2611-sp2612,做空B段(实际高于理论),0.003444,False,低流动性(钓鱼),False,contango(+55.1元/月),83.3,,"(-8, 3, 8, 3)",A=-6.0; B=0.0; C=-26.0; 理论B=(A+C)/2=-16.0; 价差(理论-实际)=-16.0; 主力价=4646; 比例%=0.3444; 同构性=同构; 最小腿OI=440; 盘口空隙=8跳/0.344%,,,,月差1 同构
2026-08-12 15:27:35,折角修复,kink,SP,sp2611-sp2612 | sp2702-sp2703 | sp2705-sp2706,做多B段(实际低于理论),0.003444,False,低流动性(钓鱼),False,contango(+55.1元/月),83.3,,"(-64, 1, 2, 1)",A=-26.0; B=-31.0; C=-4.0; 理论B=(A+C)/2=-15.0; 价差(理论-实际)=16.0; 主力价=4646; 比例%=0.3444; 同构性=同构; 最小腿OI=54; 盘口空隙=33跳/1.421%,,,,月差1 同构
2026-08-12 15:27:35,同构价差对比,kink,SP,sp2609-sp2610 | sp2610-sp2611 | sp2611-sp2612,做空B段(B高于插值),0.003444,False,低流动性(钓鱼),False,contango(+55.1元/月),83.3,,"(-8, 3, 8, 3)","A=-6.0; B=0.0; C=-26.0; 理论B=(A+C)/2=-16.0; 估值偏差(实际-理论)=16.0; 比例%=0.3444; 归因=B即相邻月段; 同构=月差1,跨注销0,同构; 最小腿OI=440; 盘口空隙=8跳/0.344%",,,,"组共10段, 仅取紧邻三元组"
2026-08-12 15:27:35,折角修复,kink,AD,ad2612-ad2701 | ad2703-ad2704 | ad2706-ad2707,做多B段(实际低于理论),0.003436,False,低流动性(钓鱼),False,contango(+60.4元/月),,,"(-530, 2, 505, 2)",A=87.5; B=-12.5; C=50.0; 理论B=(A+C)/2=68.75; 价差(理论-实际)=81.25; 主力价=23645; 比例%=0.3436; 同构性=同构; 最小腿OI=1; 盘口空隙=207跳/4.377%,,,,月差1 同构
2026-08-12 15:27:35,同构价差对比,kink,Y,y2609-y2611 | y2611-y2701 | y2701-y2703,做空B段(B高于插值),0.003435,True,,False,back(-25.6元/月),66.7,,"(30, 4, 31, 2)","A=-44.0; B=30.5; C=47.0; 理论B=(A+C)/2=1.5; 估值偏差(实际-理论)=29.0; 比例%=0.3435; 归因=不可细分(子段缺盘口或三段月份表不齐); 同构=月差2,跨注销0,非同构(far/near/far,结构有利,插值为保守下限); 最小腿OI=81900; 盘口空隙=1跳/0.012%",DCE.SP y2611&y2701,,,"组共5段, 仅取紧邻三元组"
2026-08-12 15:27:35,折角修复,kink,FG,FG610-FG611 | FG612-FG701 | FG702-FG703,做空B段(实际高于理论),0.003417,True,,False,contango(+18.0元/月),83.3,,"(5, 5732, 6, 572)",A=2.5; B=5.5; C=2.5; 理论B=(A+C)/2=2.5; 价差(理论-实际)=-3.0; 主力价=878; 比例%=0.3417; 同构性=同构; 最小腿OI=2884; 盘口空隙=1跳/0.114%,CZCE.SPD FG612&FG701,,,月差1 同构
2026-08-12 15:27:35,价差递延,butterfly,OI,OI609-OI701-OI705,"做多蝶式(买后段卖前段,结构应后段>前段)",0.003406,True,,False,back(-48.1元/月),50.0,,,"前段=182.5; 后段=148.0; 蝶值(后-前)=-34.5; 结构基准E=1; 同构性=非同构(none/far),结构性不等式违背,|蝶值|为保守错价下限; 最小腿OI=18539; 盘口空隙=5跳/0.049%",,,,泛化蝶式 月差4+4
2026-08-12 15:27:35,折角修复,kink,HC,hc2610-hc2611 | hc2701-hc2702 | hc2704-hc2705,做多B段(实际低于理论),0.003396,False,低流动性(钓鱼),False,contango(+5.5元/月),83.3,,"(-25, 2, 8, 2)",A=-1.0; B=-8.5; C=6.0; 理论B=(A+C)/2=2.5; 价差(理论-实际)=11.0; 主力价=3239; 比例%=0.3396; 同构性=同构; 最小腿OI=79; 盘口空隙=33跳/1.019%,,,,月差1 同构
2026-08-12 15:27:35,折角修复,kink,SC,sc2701-sc2702 | sc2704-sc2705 | sc2707-sc2708,做空B段(实际高于理论),0.003396,False,低流动性(钓鱼),False,back(-4.1元/月),28.6,,"(-5.0, 1, 14.7, 1)",A=2.5; B=4.85; C=3.45; 理论B=(A+C)/2=2.98; 价差(理论-实际)=-1.87; 主力价=552.1; 比例%=0.3396; 同构性=同构; 最小腿OI=1; 盘口空隙=197跳/3.568%,,,,月差1 同构
2026-08-12 15:27:35,折角修复,kink,SC,sc2701-sc2703 | sc2704-sc2706 | sc2707-sc2709,做空B段(实际高于理论),0.003396,False,低流动性(钓鱼),False,back(-4.1元/月),28.6,,"(-1.2, 1, 14.7, 1)",A=6.5; B=6.75; C=3.2499999999999996; 理论B=(A+C)/2=4.88; 价差(理论-实际)=-1.88; 主力价=552.1; 比例%=0.3396; 同构性=同构; 最小腿OI=6; 盘口空隙=159跳/2.880%,,,,月差2 同构
2026-08-12 15:27:35,同构价差对比,kink,SC,sc2702-sc2704 | sc2704-sc2706 | sc2706-sc2708,做空B段(B高于插值),0.003396,False,低流动性(钓鱼),False,back(-4.1元/月),28.6,,"(-1.2, 1, 14.7, 1)","A=2.2; B=6.75; C=7.55; 理论B=(A+C)/2=4.88; 估值偏差(实际-理论)=1.88; 比例%=0.3396; 归因=sc2705-sc2706 高估+1.1(整段偏差+1.9的主要来源); 同构=月差2,跨注销0,同构; 最小腿OI=1; 盘口空隙=159跳/2.880%",,,,"组共11段, 仅取紧邻三元组"
2026-08-12 15:27:35,折角修复,kink,AD,ad2609-ad2610 | ad2611-ad2612 | ad2701-ad2702,做空B段(实际高于理论),0.003383,False,低流动性(钓鱼),False,contango(+60.4元/月),,,"(-275, 1, 275, 1)",A=-75.0; B=0.0; C=-85.0; 理论B=(A+C)/2=-80.0; 价差(理论-实际)=-80.0; 主力价=23645; 比例%=0.3383; 同构性=同构; 最小腿OI=6; 盘口空隙=110跳/2.326%,,,,月差1 同构
2026-08-12 15:27:35,折角修复,kink,BU,bu2703-bu2704 | bu2704-bu2705 | bu2705-bu2706,做空B段(实际高于理论),0.003373,False,低流动性(钓鱼),False,back(-140.5元/月),0.0,,"(-32, 2, 47, 3)",A=-3.5; B=7.5; C=-9.5; 理论B=(A+C)/2=-6.5; 价差(理论-实际)=-14.0; 主力价=4151; 比例%=0.3373; 同构性=同构; 最小腿OI=205; 盘口空隙=79跳/1.903%,,,,月差1 同构
2026-08-12 15:27:35,同构价差对比,kink,BU,bu2703-bu2704 | bu2704-bu2705 | bu2705-bu2706,做空B段(B高于插值),0.003373,False,低流动性(钓鱼),False,back(-140.5元/月),0.0,,"(-32, 2, 47, 3)","A=-3.5; B=7.5; C=-9.5; 理论B=(A+C)/2=-6.5; 估值偏差(实际-理论)=14.0; 比例%=0.3373; 归因=B即相邻月段; 同构=月差1,跨注销0,同构; 最小腿OI=205; 盘口空隙=79跳/1.903%",,,,"组共10段, 仅取紧邻三元组"
2026-08-12 15:27:35,同构价差对比,kink,BU,bu2703-bu2705 | bu2705-bu2707 | bu2707-bu2709,做多B段(B低于插值),0.003373,False,低流动性(钓鱼),True,back(-140.5元/月),0.0,,"(-2, 2, 39, 1)","A=4.0; B=18.5; C=61.0; 理论B=(A+C)/2=32.5; 估值偏差(实际-理论)=-14.0; 比例%=0.3373; 归因=不可细分(子段缺盘口或三段月份表不齐); 同构=月差2,跨注销0,同构; 最小腿OI=8; 盘口空隙=41跳/0.988%",,,,"组共9段, 仅取紧邻三元组"
2026-08-12 15:27:35,折角修复,kink,PR,PR609-PR610 | PR701-PR702 | PR705-PR706,做空B段(实际高于理论),0.003359,True,,False,back(-80.4元/月),,,"(18, 1, 26, 1)",A=14.0; B=22.0; C=-18.0; 理论B=(A+C)/2=-2.0; 价差(理论-实际)=-24.0; 主力价=7144; 比例%=0.3359; 同构性=同构; 最小腿OI=23; 盘口空隙=4跳/0.112%,CZCE.SPD PR701&PR702,,,月差1 同构
2026-08-12 15:27:35,同构价差对比,kink,P,p2610-p2612 | p2612-p2702 | p2702-p2704,做多B段(B低于插值),0.003354,True,,False,contango(+67.9元/月),100.0,,"(-162, 1, -159, 1)","A=-163.5; B=-160.5; C=-92.5; 理论B=(A+C)/2=-128.0; 估值偏差(实际-理论)=-32.5; 比例%=0.3354; 归因=p2612-p2701 低估-51.5(整段偏差-32.5的主要来源); 同构=月差2,跨注销1,同构; 最小腿OI=268; 盘口空隙=3跳/0.031%",DCE.SP p2612&p2702,,,"组共9段, 仅取紧邻三元组"
2026-08-12 15:27:35,折角修复,kink,BR,br2610-br2611 | br2701-br2702 | br2704-br2705,做多B段(实际低于理论),0.003352,False,低流动性(钓鱼),False,back(-29.9元/月),33.3,,"(-125, 1, 140, 1)",A=55.0; B=7.5; C=50.0; 理论B=(A+C)/2=52.5; 价差(理论-实际)=45.0; 主力价=13425; 比例%=0.3352; 同构性=同构; 最小腿OI=52; 盘口空隙=53跳/1.974%,,,,月差1 同构
2026-08-12 15:27:35,折角修复,kink,OP,op2610-op2611 | op2612-op2701 | op2702-op2703,做多B段(实际低于理论),0.003351,False,低流动性(钓鱼),False,contango(+6.4元/月),,,"(-86, 1, 34, 2)",A=-13.0; B=-26.0; C=-13.0; 理论B=(A+C)/2=-13.0; 价差(理论-实际)=13.0; 主力价=3880; 比例%=0.3351; 同构性=同构; 最小腿OI=0; 盘口空隙=60跳/3.093%,,,,月差1 同构
2026-08-12 15:27:35,折角修复,kink,WR,wr2609-wr2611 | wr2611-wr2701 | wr2701-wr2703,做空B段(实际高于理论),0.003348,False,低流动性(钓鱼),False,contango(+8.8元/月),66.7,,"(-73, 2, 52, 1)",A=-25.5; B=-10.5; C=-17.5; 理论B=(A+C)/2=-21.5; 价差(理论-实际)=-11.0; 主力价=3286; 比例%=0.3348; 同构性=同构; 最小腿OI=1; 盘口空隙=125跳/3.804%,,,,月差2 同构
2026-08-12 15:27:35,同构价差对比,kink,WR,wr2609-wr2611 | wr2611-wr2701 | wr2701-wr2703,做空B段(B高于插值),0.003348,False,低流动性(钓鱼),False,contango(+8.8元/月),66.7,,"(-73, 2, 52, 1)","A=-25.5; B=-10.5; C=-17.5; 理论B=(A+C)/2=-21.5; 估值偏差(实际-理论)=11.0; 比例%=0.3348; 归因=wr2611-wr2612 高估+12.5(整段偏差+11.0的主要来源); 同构=月差2,跨注销1,同构; 最小腿OI=1; 盘口空隙=125跳/3.804%",,,,"组共9段, 仅取紧邻三元组"
2026-08-12 15:27:35,折角修复,kink,ZN,zn2609-zn2611 | zn2612-zn2702 | zn2703-zn2705,做空B段(实际高于理论),0.003334,False,低流动性(钓鱼),False,contango(+5.2元/月),100.0,,"(5, 1, 200, 2)",A=-37.5; B=102.5; C=70.0; 理论B=(A+C)/2=16.25; 价差(理论-实际)=-86.25; 主力价=25870; 比例%=0.3334; 同构性=同构; 最小腿OI=156; 盘口空隙=39跳/0.754%,,,,月差2 同构
2026-08-12 15:27:35,折角修复,kink,AD,ad2611-ad2612 | ad2701-ad2702 | ad2703-ad2704,做多B段(实际低于理论),0.003331,False,低流动性(钓鱼),False,contango(+60.4元/月),,,"(-465, 1, 295, 1)",A=0.0; B=-85.0; C=-12.5; 理论B=(A+C)/2=-6.25; 价差(理论-实际)=78.75; 主力价=23645; 比例%=0.3331; 同构性=同构; 最小腿OI=1; 盘口空隙=152跳/3.214%,,,,月差1 同构
2026-08-12 15:27:35,折角修复,kink,BZ,bz2701-bz2702 | bz2703-bz2704 | bz2705-bz2706,做多B段(实际低于理论),0.003322,True,,False,back(-118.2元/月),,,"(-13, 1, -9, 1)",A=33.5; B=-11.0; C=-7.5; 理论B=(A+C)/2=13.0; 价差(理论-实际)=24.0; 主力价=7225; 比例%=0.3322; 同构性=同构; 最小腿OI=7; 盘口空隙=4跳/0.055%,DCE.SP bz2703&bz2704,,,月差1 同构
2026-08-12 15:27:35,折角修复,kink,NI,ni2701-ni2702 | ni2702-ni2703 | ni2703-ni2704,做多B段(实际低于理论),0.003321,False,低流动性(钓鱼),True,contango(+266.5元/月),83.3,,"(-1640, 1, 750, 1)",A=-245.0; B=-445.0; C=210.0; 理论B=(A+C)/2=-17.5; 价差(理论-实际)=427.5; 主力价=128710; 比例%=0.3321; 同构性=同构; 最小腿OI=949; 盘口空隙=239跳/1.857%,,,,月差1 同构
2026-08-12 15:27:35,折角修复,kink,NI,ni2608-ni2611 | ni2611-ni2702 | ni2702-ni2705,做多B段(实际低于理论),0.003321,False,低流动性(钓鱼),True,contango(+266.5元/月),83.3,,"(-1450, 1, -290, 1)",A=-670.0; B=-870.0; C=-215.0; 理论B=(A+C)/2=-442.5; 价差(理论-实际)=427.5; 主力价=128710; 比例%=0.3321; 同构性=同构; 最小腿OI=1380; 盘口空隙=116跳/0.901%,,,,月差3 同构
2026-08-12 15:27:35,同构价差对比,kink,NI,ni2701-ni2702 | ni2702-ni2703 | ni2703-ni2704,做多B段(B低于插值),0.003321,False,低流动性(钓鱼),True,contango(+266.5元/月),83.3,,"(-1640, 1, 750, 1)","A=-245.0; B=-445.0; C=210.0; 理论B=(A+C)/2=-17.5; 估值偏差(实际-理论)=-427.5; 比例%=0.3321; 归因=B即相邻月段; 同构=月差1,跨注销0,同构; 最小腿OI=949; 盘口空隙=239跳/1.857%",,,,"组共10段, 仅取紧邻三元组"
2026-08-12 15:27:35,同构价差对比,kink,RR,rr2610-rr2612 | rr2612-rr2702 | rr2702-rr2704,做多B段(B低于插值),0.003311,False,低流动性(钓鱼),False,back(-25.9元/月),0.0,,"(-13, 1, -2, 1)","A=20.0; B=-7.5; C=-11.0; 理论B=(A+C)/2=4.5; 估值偏差(实际-理论)=-12.0; 比例%=0.3311; 归因=rr2612-rr2701 低估-43.5(整段偏差-12.0的主要来源); 同构=月差2,跨注销1,同构; 最小腿OI=18; 盘口空隙=11跳/0.304%",DCE.SP rr2612&rr2702,,,"组共8段, 仅取紧邻三元组"
2026-08-12 15:27:35,折角修复,kink,JM,jm2610-jm2611 | jm2701-jm2702 | jm2704-jm2705,做空B段(实际高于理论),0.003303,True,规则断层: jm2701起交割标准大幅提高，跨2612/2701的结构偏移为正常,False,contango(+28.4元/月),100.0,,"(10.0, 1, 11.0, 18)",A=4.0; B=10.5; C=7.25; 理论B=(A+C)/2=5.62; 价差(理论-实际)=-4.88; 主力价=1476.0; 比例%=0.3303; 同构性=同构; 最小腿OI=486; 盘口空隙=2跳/0.068%,DCE.SP jm2701&jm2702,,,月差1 同构
2026-08-12 15:27:35,注销后首月溢价,spread,SA,SA702-SA703,做多价差(买注销后首月卖次月),0.003293,True,,True,contango(+13.4元/月),50.0,40.0,"(-4, 14, -3, 536)","注销月=SA701; 价差=-3.5; 期限斜率t=20.2; 注销段=远腿3月=注销月,本段结构性偏高(效应段在下一段); 仓单佐证=中性(同期分位40%,当前6037); 最小腿OI=5573; 盘口空隙=1跳/0.101%",CZCE.SPD SA702&SA703,,,
2026-08-12 15:27:35,折角修复,kink,NI,ni2702-ni2703 | ni2703-ni2704 | ni2704-ni2705,做空B段(实际高于理论),0.003283,False,低流动性(钓鱼),False,contango(+266.5元/月),83.3,,"(-600, 1, 1020, 1)",A=-445.0; B=210.0; C=20.0; 理论B=(A+C)/2=-212.5; 价差(理论-实际)=-422.5; 主力价=128710; 比例%=0.3283; 同构性=同构; 最小腿OI=949; 盘口空隙=162跳/1.259%,,,,月差1 同构
2026-08-12 15:27:35,同构价差对比,kink,NI,ni2702-ni2703 | ni2703-ni2704 | ni2704-ni2705,做空B段(B高于插值),0.003283,False,低流动性(钓鱼),False,contango(+266.5元/月),83.3,,"(-600, 1, 1020, 1)","A=-445.0; B=210.0; C=20.0; 理论B=(A+C)/2=-212.5; 估值偏差(实际-理论)=422.5; 比例%=0.3283; 归因=B即相邻月段; 同构=月差1,跨注销0,同构; 最小腿OI=949; 盘口空隙=162跳/1.259%",,,,"组共10段, 仅取紧邻三元组"
2026-08-12 15:27:35,同构价差对比,kink,FU,fu2701-fu2703 | fu2703-fu2705 | fu2705-fu2707,做多B段(B低于插值),0.003281,False,低流动性(钓鱼),True,back(-97.8元/月),0.0,,"(55, 1, 72, 1)","A=110.0; B=63.5; C=40.0; 理论B=(A+C)/2=75.0; 估值偏差(实际-理论)=-11.5; 比例%=0.3281; 归因=fu2704-fu2705 低估-12.2(整段偏差-11.5的主要来源); 同构=月差2,跨注销0,同构; 最小腿OI=964; 盘口空隙=17跳/0.485%",,,,"组共10段, 仅取紧邻三元组"
2026-08-12 15:27:35,波动传递,butterfly,JM,jm2612-jm2701-jm2702,前段波动显著高于后段(传递观察),0.00328,True,规则断层: jm2701起交割标准大幅提高，跨2612/2701的结构偏移为正常,False,contango(+28.4元/月),100.0,,,前段20日波动=6.48; 后段20日波动=2.14; 归一差=0.00328; 最小腿OI=13335; 盘口空隙=5跳/0.169%,,,,
2026-08-12 15:27:35,波动传递,butterfly,EB,eb2705-eb2706-eb2707,前段波动显著高于后段(传递观察),0.00327,True,,False,back(-111.7元/月),33.3,,,前段20日波动=48.48; 后段20日波动=23.09; 归一差=0.00327; 最小腿OI=11; 盘口空隙=15跳/0.183%,,,,
2026-08-12 15:27:35,折角修复,kink,L,l2612-l2701 | l2701-l2702 | l2702-l2703,做空B段(实际高于理论),0.003265,True,,False,back(-96.9元/月),0.0,,"(84, 10, 86, 2)","A=52.5; B=85.0; C=66.5; 理论B=(A+C)/2=59.5; 价差(理论-实际)=-25.5; 主力价=7809; 比例%=0.3265; 同构性=非同构(none/none/far,结构有利,插值为保守下限); 最小腿OI=249; 盘口空隙=2跳/0.026%",DCE.SP l2701&l2702,,,月差1 非同构-结构有利
2026-08-12 15:27:35,同构价差对比,kink,L,l2612-l2701 | l2701-l2702 | l2702-l2703,做空B段(B高于插值),0.003265,True,,False,back(-96.9元/月),0.0,,"(84, 10, 86, 2)","A=52.5; B=85.0; C=66.5; 理论B=(A+C)/2=59.5; 估值偏差(实际-理论)=25.5; 比例%=0.3265; 归因=B即相邻月段; 同构=月差1,跨注销0,非同构(none/none/far,结构有利,插值为保守下限); 最小腿OI=249; 盘口空隙=2跳/0.026%",DCE.SP l2701&l2702,,,"组共10段, 仅取紧邻三元组"
2026-08-12 15:27:35,价差递延,butterfly,L,l2703-l2705-l2707,"做多蝶式(买后段卖前段,结构应后段>前段)",0.003249,False,低流动性(钓鱼),False,back(-96.9元/月),0.0,,,"前段=64.0; 后段=40.5; 蝶值(后-前)=-23.5; 结构基准E=1; 同构性=非同构(near/none),结构性不等式违背,|蝶值|为保守错价下限; 最小腿OI=23; 盘口空隙=65跳/0.832%",,,,泛化蝶式 月差2+2
2026-08-12 15:27:35,折角修复,kink,HC,hc2701-hc2702 | hc2703-hc2704 | hc2705-hc2706,做空B段(实际高于理论),0.003242,False,低流动性(钓鱼),False,contango(+5.5元/月),83.3,,"(-15, 2, 13, 1)",A=-8.5; B=-1.0; C=-14.5; 理论B=(A+C)/2=-11.5; 价差(理论-实际)=-10.5; 主力价=3239; 比例%=0.3242; 同构性=同构; 最小腿OI=8; 盘口空隙=28跳/0.864%,,,,月差1 同构
2026-08-12 15:27:35,折角修复,kink,HC,hc2609-hc2611 | hc2611-hc2701 | hc2701-hc2703,做空B段(实际高于理论),0.003242,True,,False,contango(+5.5元/月),83.3,,"(-16, 13, -13, 12)",A=-27.5; B=-14.5; C=-22.5; 理论B=(A+C)/2=-25.0; 价差(理论-实际)=-10.5; 主力价=3239; 比例%=0.3242; 同构性=同构; 最小腿OI=910; 盘口空隙=3跳/0.093%,,,,月差2 同构
2026-08-12 15:27:35,同构价差对比,kink,HC,hc2609-hc2611 | hc2611-hc2701 | hc2701-hc2703,做空B段(B高于插值),0.003242,True,,False,contango(+5.5元/月),83.3,,"(-16, 13, -13, 12)","A=-27.5; B=-14.5; C=-22.5; 理论B=(A+C)/2=-25.0; 估值偏差(实际-理论)=10.5; 比例%=0.3242; 归因=hc2611-hc2612 高估+10.0(整段偏差+10.5的主要来源); 同构=月差2,跨注销1,同构; 最小腿OI=910; 盘口空隙=3跳/0.093%",,,,"组共9段, 仅取紧邻三元组"
2026-08-12 15:27:35,同构价差对比,kink,LU,lu2701-lu2702 | lu2702-lu2703 | lu2703-lu2704,做多B段(B低于插值),0.003241,False,低流动性(钓鱼),True,back(-161.9元/月),16.7,,"(-25, 1, 176, 1)","A=124.0; B=75.5; C=57.5; 理论B=(A+C)/2=90.75; 估值偏差(实际-理论)=-15.25; 比例%=0.3241; 归因=B即相邻月段; 同构=月差1,跨注销0,同构; 最小腿OI=20; 盘口空隙=201跳/4.271%",,,,"组共11段, 仅取紧邻三元组"
2026-08-12 15:27:35,同构价差对比,kink,SP,sp2701-sp2703 | sp2703-sp2705 | sp2705-sp2707,做空B段(B高于插值),0.003229,False,低流动性(钓鱼),False,contango(+55.1元/月),83.3,,"(-18, 1, 8, 1)","A=-38.0; B=-5.0; C=-2.0; 理论B=(A+C)/2=-20.0; 估值偏差(实际-理论)=15.0; 比例%=0.3229; 归因=sp2703-sp2704 高估+12.5(整段偏差+15.0的主要来源); 同构=月差2,跨注销1,同构; 最小腿OI=304; 盘口空隙=13跳/0.560%",,,,"组共9段, 仅取紧邻三元组"
2026-08-12 15:27:35,折角修复,kink,SI,si2608-si2609 | si2701-si2702 | si2706-si2707,做多B段(实际低于理论),0.003183,False,低流动性(钓鱼),True,contango(+72.1元/月),0.0,,"(-115, 1, -10, 1)",A=-42.5; B=-62.5; C=-27.5; 理论B=(A+C)/2=-35.0; 价差(理论-实际)=27.5; 主力价=8640; 比例%=0.3183; 同构性=同构; 最小腿OI=46; 盘口空隙=21跳/1.215%,,,,月差1 同构
2026-08-12 15:27:35,同构价差对比,kink,BZ,bz2610-bz2612 | bz2612-bz2702 | bz2702-bz2704,做多B段(B低于插值),0.003183,True,,False,back(-118.2元/月),,,"(80, 1, 92, 1)","A=222.0; B=86.0; C=-4.0; 理论B=(A+C)/2=109.0; 估值偏差(实际-理论)=-23.0; 比例%=0.3183; 归因=bz2612-bz2701 低估-28.5(整段偏差-23.0的主要来源); 同构=月差2,跨注销1,同构; 最小腿OI=13; 盘口空隙=12跳/0.166%",DCE.SP bz2612&bz2702,,,"组共9段, 仅取紧邻三元组"
2026-08-12 15:27:35,折角修复,kink,SS,ss2702-ss2703 | ss2703-ss2704 | ss2704-ss2705,做空B段(实际高于理论),0.003182,False,低流动性(钓鱼),False,contango(+12.9元/月),66.7,,"(-115, 2, 150, 2)",A=-25.0; B=17.5; C=-32.5; 理论B=(A+C)/2=-28.75; 价差(理论-实际)=-46.25; 主力价=14535; 比例%=0.3182; 同构性=同构; 最小腿OI=67; 盘口空隙=53跳/1.823%,,,,月差1 同构
2026-08-12 15:27:35,同构价差对比,kink,SS,ss2702-ss2703 | ss2703-ss2704 | ss2704-ss2705,做空B段(B高于插值),0.003182,False,低流动性(钓鱼),False,contango(+12.9元/月),66.7,,"(-115, 2, 150, 2)","A=-25.0; B=17.5; C=-32.5; 理论B=(A+C)/2=-28.75; 估值偏差(实际-理论)=46.25; 比例%=0.3182; 归因=B即相邻月段; 同构=月差1,跨注销0,同构; 最小腿OI=67; 盘口空隙=53跳/1.823%",,,,"组共10段, 仅取紧邻三元组"
2026-08-12 15:27:35,折角修复,kink,RR,rr2702-rr2703 | rr2703-rr2704 | rr2704-rr2705,做空B段(实际高于理论),0.003173,True,,False,back(-25.9元/月),0.0,,"(2, 1, 8, 1)",A=-14.0; B=5.0; C=1.0; 理论B=(A+C)/2=-6.5; 价差(理论-实际)=-11.5; 主力价=3624; 比例%=0.3173; 同构性=同构; 最小腿OI=18; 盘口空隙=6跳/0.166%,DCE.SP rr2703&rr2704,,,月差1 同构
2026-08-12 15:27:35,同构价差对比,kink,RR,rr2702-rr2703 | rr2703-rr2704 | rr2704-rr2705,做空B段(B高于插值),0.003173,True,,False,back(-25.9元/月),0.0,,"(2, 1, 8, 1)","A=-14.0; B=5.0; C=1.0; 理论B=(A+C)/2=-6.5; 估值偏差(实际-理论)=11.5; 比例%=0.3173; 归因=B即相邻月段; 同构=月差1,跨注销0,同构; 最小腿OI=18; 盘口空隙=6跳/0.166%",DCE.SP rr2703&rr2704,,,"组共9段, 仅取紧邻三元组"
2026-08-12 15:27:35,折角修复,kink,BR,br2612-br2702 | br2702-br2704 | br2704-br2706,做空B段(实际高于理论),0.003166,False,低流动性(钓鱼),False,back(-29.9元/月),33.3,,"(-215, 1, 305, 1)",A=5.0; B=45.0; C=0.0; 理论B=(A+C)/2=2.5; 价差(理论-实际)=-42.5; 主力价=13425; 比例%=0.3166; 同构性=同构; 最小腿OI=16; 盘口空隙=104跳/3.873%,,,,月差2 同构
2026-08-12 15:27:35,同构价差对比,kink,BR,br2612-br2702 | br2702-br2704 | br2704-br2706,做空B段(B高于插值),0.003166,False,低流动性(钓鱼),False,back(-29.9元/月),33.3,,"(-215, 1, 305, 1)","A=5.0; B=45.0; C=0.0; 理论B=(A+C)/2=2.5; 估值偏差(实际-理论)=42.5; 比例%=0.3166; 归因=br2702-br2703 高估+41.2(整段偏差+42.5的主要来源); 同构=月差2,跨注销1,同构; 最小腿OI=16; 盘口空隙=104跳/3.873%",,,,"组共9段, 仅取紧邻三元组"
2026-08-12 15:27:35,价差递延,butterfly,I,i2611-i2701-i2703,"做多蝶式(买后段卖前段,结构应后段>前段)",0.003165,True,,False,back(-3.0元/月),83.3,,,"前段=6.25; 后段=4.0; 蝶值(后-前)=-2.25; 结构基准E=1; 同构性=非同构(none/far),结构性不等式违背,|蝶值|为保守错价下限; 最小腿OI=44883; 盘口空隙=3跳/0.213%",,,,泛化蝶式 月差2+2
2026-08-12 15:27:35,折角修复,kink,SH,SH611-SH701 | SH701-SH703 | SH703-SH705,做多B段(实际低于理论),0.003153,True,,False,contango(+16.2元/月),0.0,,"(-56, 3, -55, 29)",A=-51.0; B=-55.5; C=-48.0; 理论B=(A+C)/2=-49.5; 价差(理论-实际)=6.0; 主力价=1903; 比例%=0.3153; 同构性=同构; 最小腿OI=1473; 盘口空隙=1跳/0.053%,CZCE.SPD SH701&SH703,,,月差2 同构
2026-08-12 15:27:35,同构价差对比,kink,SH,SH611-SH701 | SH701-SH703 | SH703-SH705,做多B段(B低于插值),0.003153,True,,False,contango(+16.2元/月),0.0,,"(-56, 3, -55, 29)","A=-51.0; B=-55.5; C=-48.0; 理论B=(A+C)/2=-49.5; 估值偏差(实际-理论)=-6.0; 比例%=0.3153; 归因=SH702-SH703 低估-12.8(整段偏差-6.0的主要来源); 同构=月差2,跨注销0,同构; 最小腿OI=1473; 盘口空隙=1跳/0.053%",CZCE.SPD SH701&SH703,,,"组共5段, 仅取紧邻三元组"
2026-08-12 15:27:35,折角修复,kink,AD,ad2611-ad2701 | ad2702-ad2704 | ad2705-ad2707,做多B段(实际低于理论),0.003119,False,低流动性(钓鱼),False,contango(+60.4元/月),,,"(-530, 2, 510, 2)",A=87.5; B=-10.0; C=40.0; 理论B=(A+C)/2=63.75; 价差(理论-实际)=73.75; 主力价=23645; 比例%=0.3119; 同构性=同构; 最小腿OI=3; 盘口空隙=208跳/4.398%,,,,月差2 同构
2026-08-12 15:27:35,价差递延,butterfly,PR,PR611-PR612-PR701,"做多蝶式(买后段卖前段,结构应后段>前段)",0.003119,True,,False,back(-80.4元/月),,,,"前段=73.0; 后段=51.0; 蝶值(后-前)=-22.0; 结构基准E=1; 同构性=非同构(none/far),结构性不等式违背,|蝶值|为保守错价下限; 最小腿OI=549; 盘口空隙=2跳/0.056%",,,,泛化蝶式 月差1+1
2026-08-12 15:27:35,折角修复,kink,SS,ss2703-ss2704 | ss2704-ss2705 | ss2705-ss2706,做多B段(实际低于理论),0.003096,False,低流动性(钓鱼),False,contango(+12.9元/月),66.7,,"(-170, 2, 105, 2)",A=17.5; B=-32.5; C=7.5; 理论B=(A+C)/2=12.5; 价差(理论-实际)=45.0; 主力价=14535; 比例%=0.3096; 同构性=同构; 最小腿OI=23; 盘口空隙=55跳/1.892%,,,,月差1 同构
2026-08-12 15:27:35,折角修复,kink,SM,SM611-SM612 | SM702-SM703 | SM705-SM706,做多B段(实际低于理论),0.003096,True,,True,contango(+13.1元/月),66.7,,"(-20, 5, -18, 10)",A=-12.0; B=-19.0; C=10.0; 理论B=(A+C)/2=-1.0; 价差(理论-实际)=18.0; 主力价=5814; 比例%=0.3096; 同构性=同构; 最小腿OI=77; 盘口空隙=1跳/0.034%,CZCE.SPD SM702&SM703,,,月差1 同构
2026-08-12 15:27:35,同构价差对比,kink,SS,ss2703-ss2704 | ss2704-ss2705 | ss2705-ss2706,做多B段(B低于插值),0.003096,False,低流动性(钓鱼),False,contango(+12.9元/月),66.7,,"(-170, 2, 105, 2)","A=17.5; B=-32.5; C=7.5; 理论B=(A+C)/2=12.5; 估值偏差(实际-理论)=-45.0; 比例%=0.3096; 归因=B即相邻月段; 同构=月差1,跨注销0,同构; 最小腿OI=23; 盘口空隙=55跳/1.892%",,,,"组共10段, 仅取紧邻三元组"
2026-08-12 15:27:35,折角修复,kink,HC,hc2609-hc2610 | hc2611-hc2612 | hc2701-hc2702,做空B段(实际高于理论),0.003087,False,低流动性(钓鱼),False,contango(+5.5元/月),83.3,,"(-20, 2, 5, 2)",A=-26.5; B=-7.5; C=-8.5; 理论B=(A+C)/2=-17.5; 价差(理论-实际)=-10.0; 主力价=3239; 比例%=0.3087; 同构性=同构; 最小腿OI=153; 盘口空隙=25跳/0.772%,,,,月差1 同构
2026-08-12 15:27:35,折角修复,kink,BR,br2612-br2701 | br2702-br2703 | br2704-br2705,做空B段(实际高于理论),0.003073,False,低流动性(钓鱼),False,back(-29.9元/月),33.3,,"(-135, 1, 265, 1)",A=-2.5; B=65.0; C=50.0; 理论B=(A+C)/2=23.75; 价差(理论-实际)=-41.25; 主力价=13425; 比例%=0.3073; 同构性=同构; 最小腿OI=31; 盘口空隙=80跳/2.980%,,,,月差1 同构
2026-08-12 15:27:35,折角修复,kink,BU,bu2701-bu2703 | bu2703-bu2705 | bu2705-bu2707,做多B段(实际低于理论),0.003072,False,低流动性(钓鱼),True,back(-140.5元/月),0.0,,"(-15, 2, 23, 1)",A=15.0; B=4.0; C=18.5; 理论B=(A+C)/2=16.75; 价差(理论-实际)=12.75; 主力价=4151; 比例%=0.3072; 同构性=同构; 最小腿OI=8; 盘口空隙=38跳/0.915%,,,,月差2 同构
2026-08-12 15:27:35,同构价差对比,kink,BU,bu2701-bu2703 | bu2703-bu2705 | bu2705-bu2707,做多B段(B低于插值),0.003072,False,低流动性(钓鱼),True,back(-140.5元/月),0.0,,"(-15, 2, 23, 1)","A=15.0; B=4.0; C=18.5; 理论B=(A+C)/2=16.75; 估值偏差(实际-理论)=-12.75; 比例%=0.3072; 归因=bu2703-bu2704 低估-12.0(整段偏差-12.8的主要来源); 同构=月差2,跨注销0,同构; 最小腿OI=8; 盘口空隙=38跳/0.915%",,,,"组共9段, 仅取紧邻三元组"
2026-08-12 15:27:35,折角修复,kink,NI,ni2702-ni2703 | ni2704-ni2705 | ni2706-ni2707,做空B段(实际高于理论),0.003069,False,低流动性(钓鱼),False,contango(+266.5元/月),83.3,,"(-510, 1, 550, 1)",A=-445.0; B=20.0; C=-305.0; 理论B=(A+C)/2=-375.0; 价差(理论-实际)=-395.0; 主力价=128710; 比例%=0.3069; 同构性=同构; 最小腿OI=193; 盘口空隙=106跳/0.824%,,,,月差1 同构
2026-08-12 15:27:35,折角修复,kink,ZN,zn2609-zn2612 | zn2612-zn2703 | zn2703-zn2706,做空B段(实际高于理论),0.003044,False,低流动性(钓鱼),False,contango(+5.2元/月),100.0,,"(35, 1, 200, 2)",A=-10.0; B=117.5; C=87.5; 理论B=(A+C)/2=38.75; 价差(理论-实际)=-78.75; 主力价=25870; 比例%=0.3044; 同构性=同构; 最小腿OI=93; 盘口空隙=33跳/0.638%,,,,月差3 同构
2026-08-12 15:27:35,同构价差对比,kink,ZN,zn2609-zn2612 | zn2612-zn2703 | zn2703-zn2706,做空B段(B高于插值),0.003044,False,低流动性(钓鱼),False,contango(+5.2元/月),100.0,,"(35, 1, 200, 2)","A=-10.0; B=117.5; C=87.5; 理论B=(A+C)/2=38.75; 估值偏差(实际-理论)=78.75; 比例%=0.3044; 归因=zn2612-zn2701 高估+67.5(整段偏差+78.8的主要来源); 同构=月差3,跨注销0,同构; 最小腿OI=93; 盘口空隙=33跳/0.638%",,,,"组共8段, 仅取紧邻三元组"
2026-08-12 15:27:35,折角修复,kink,AL,al2612-al2701 | al2703-al2704 | al2706-al2707,做多B段(实际低于理论),0.003037,False,低流动性(钓鱼),True,back(-15.5元/月),83.3,,"(-205, 1, 125, 1)",A=45.0; B=-40.0; C=22.5; 理论B=(A+C)/2=33.75; 价差(理论-实际)=73.75; 主力价=24285; 比例%=0.3037; 同构性=同构; 最小腿OI=429; 盘口空隙=66跳/1.359%,,,,月差1 同构
2026-08-12 15:27:35,折角修复,kink,BC,bc2612-bc2702 | bc2702-bc2704 | bc2704-bc2706,做多B段(实际低于理论),0.003029,False,低流动性(钓鱼),True,back(-159.1元/月),0.0,,"(-2530, 1, 2040, 1)",A=105.0; B=-245.0; C=-10.0; 理论B=(A+C)/2=47.5; 价差(理论-实际)=292.5; 主力价=96570; 比例%=0.3029; 同构性=同构; 最小腿OI=1; 盘口空隙=457跳/4.732%,,,,月差2 同构
2026-08-12 15:27:35,同构价差对比,kink,BC,bc2612-bc2702 | bc2702-bc2704 | bc2704-bc2706,做多B段(B低于插值),0.003029,False,低流动性(钓鱼),True,back(-159.1元/月),0.0,,"(-2530, 1, 2040, 1)","A=105.0; B=-245.0; C=-10.0; 理论B=(A+C)/2=47.5; 估值偏差(实际-理论)=-292.5; 比例%=0.3029; 归因=bc2702-bc2703 低估-472.5(整段偏差-292.5的主要来源); 同构=月差2,跨注销0,同构; 最小腿OI=1; 盘口空隙=457跳/4.732%",,,,"组共9段, 仅取紧邻三元组"
2026-08-12 15:27:35,折角修复,kink,NR,nr2609-nr2610 | nr2701-nr2702 | nr2705-nr2706,做空B段(实际高于理论),0.003019,False,低流动性(钓鱼),False,contango(+68.5元/月),50.0,,"(-20, 2, 60, 1)",A=-65.0; B=20.0; C=15.0; 理论B=(A+C)/2=-25.0; 价差(理论-实际)=-45.0; 主力价=14905; 比例%=0.3019; 同构性=同构; 最小腿OI=13; 盘口空隙=16跳/0.537%,,,,月差1 同构
2026-08-12 15:27:35,折角修复,kink,J,j2609-j2610 | j2701-j2702 | j2705-j2706,做多B段(实际低于理论),0.003017,True,,True,contango(+12.1元/月),66.7,,"(-5.0, 1, -3.0, 2)",A=1.25; B=-4.0; C=2.25; 理论B=(A+C)/2=1.75; 价差(理论-实际)=5.75; 主力价=1906.0; 比例%=0.3017; 同构性=同构; 最小腿OI=6; 盘口空隙=4跳/0.105%,DCE.SP j2701&j2702,,,月差1 同构
2026-08-12 15:27:35,折角修复,kink,LG,lg2609-lg2611 | lg2701-lg2703 | lg2705-lg2707,做多B段(实际低于理论),0.003016,True,,False,back(-0.8元/月),,,"(-0.5, 1, 0.5, 3)",A=3.25; B=0.0; C=1.75; 理论B=(A+C)/2=2.5; 价差(理论-实际)=2.5; 主力价=829.0; 比例%=0.3016; 同构性=同构; 最小腿OI=282; 盘口空隙=2跳/0.121%,DCE.SP lg2701&lg2703,,,月差2 同构
2026-08-12 15:27:35,折角修复,kink,AD,ad2702-ad2703 | ad2704-ad2705 | ad2706-ad2707,做多B段(实际低于理论),0.003013,False,低流动性(钓鱼),False,contango(+60.4元/月),,,"(-695, 2, 605, 2)",A=2.5; B=-45.0; C=50.0; 理论B=(A+C)/2=26.25; 价差(理论-实际)=71.25; 主力价=23645; 比例%=0.3013; 同构性=同构; 最小腿OI=1; 盘口空隙=260跳/5.498%,,,,月差1 同构
2026-08-12 15:27:35,同构价差对比,kink,EG,eg2611-eg2612 | eg2612-eg2701 | eg2701-eg2702,做多B段(B低于插值),0.003005,True,,True,back(-130.1元/月),0.0,,"(46, 17, 48, 31)","A=89.0; B=47.0; C=34.5; 理论B=(A+C)/2=61.75; 估值偏差(实际-理论)=-14.75; 比例%=0.3005; 归因=B即相邻月段; 同构=月差1,跨注销0,同构; 最小腿OI=3386; 盘口空隙=2跳/0.041%",DCE.SP eg2612&eg2701,,,"组共10段, 仅取紧邻三元组"
2026-08-12 15:27:35,折角修复,kink,MA,MA612-MA701 | MA703-MA704 | MA706-MA707,做空B段(实际高于理论),0.002973,True,,False,back(-19.7元/月),0.0,,"(24, 15, 27, 37)",A=21.5; B=25.5; C=14.0; 理论B=(A+C)/2=17.75; 价差(理论-实际)=-7.75; 主力价=2607; 比例%=0.2973; 同构性=同构; 最小腿OI=209; 盘口空隙=3跳/0.115%,CZCE.SPD MA703&MA704,,,月差1 同构
2026-08-12 15:27:35,折角修复,kink,WR,wr2609-wr2611 | wr2612-wr2702 | wr2703-wr2705,做多B段(实际低于理论),0.002967,False,低流动性(钓鱼),False,contango(+8.8元/月),66.7,,"(-141, 2, 86, 1)",A=-25.5; B=-27.5; C=-10.0; 理论B=(A+C)/2=-17.75; 价差(理论-实际)=9.75; 主力价=3286; 比例%=0.2967; 同构性=同构; 最小腿OI=0; 盘口空隙=227跳/6.908%,,,,月差2 同构
2026-08-12 15:27:35,折角修复,kink,AO,ao2608-ao2609 | ao2611-ao2612 | ao2702-ao2703,做空B段(实际高于理论),0.002951,False,低流动性(钓鱼),False,contango(+14.3元/月),100.0,,"(-22, 1, -8, 1)",A=-29.5; B=-15.0; C=-16.5; 理论B=(A+C)/2=-23.0; 价差(理论-实际)=-8.0; 主力价=2711; 比例%=0.2951; 同构性=同构; 最小腿OI=353; 盘口空隙=14跳/0.516%,,,,月差1 同构
2026-08-12 15:27:35,同构价差对比,kink,TA,TA611-TA701 | TA701-TA703 | TA703-TA705,做多B段(B低于插值),0.002949,True,,True,back(-42.3元/月),16.7,,"(50, 1, 52, 12)","A=100.0; B=51.0; C=36.0; 理论B=(A+C)/2=68.0; 估值偏差(实际-理论)=-17.0; 比例%=0.2949; 归因=TA702-TA703 低估-13.0(整段偏差-17.0的主要来源); 同构=月差2,跨注销0,同构; 最小腿OI=35181; 盘口空隙=1跳/0.035%",CZCE.SPD TA701&TA703,,,"组共9段, 仅取紧邻三元组"
2026-08-12 15:27:35,折角修复,kink,AL,al2704-al2705 | al2705-al2706 | al2706-al2707,做多B段(实际低于理论),0.002934,False,低流动性(钓鱼),True,back(-15.5元/月),83.3,,"(-135, 1, 80, 1)",A=65.0; B=-27.5; C=22.5; 理论B=(A+C)/2=43.75; 价差(理论-实际)=71.25; 主力价=24285; 比例%=0.2934; 同构性=同构; 最小腿OI=429; 盘口空隙=43跳/0.885%,,,,月差1 同构
2026-08-12 15:27:35,同构价差对比,kink,AL,al2704-al2705 | al2705-al2706 | al2706-al2707,做多B段(B低于插值),0.002934,False,低流动性(钓鱼),True,back(-15.5元/月),83.3,,"(-135, 1, 80, 1)","A=65.0; B=-27.5; C=22.5; 理论B=(A+C)/2=43.75; 估值偏差(实际-理论)=-71.25; 比例%=0.2934; 归因=B即相邻月段; 同构=月差1,跨注销0,同构; 最小腿OI=429; 盘口空隙=43跳/0.885%",,,,"组共10段, 仅取紧邻三元组"
2026-08-12 15:27:35,折角修复,kink,SP,sp2703-sp2704 | sp2704-sp2705 | sp2705-sp2706,做多B段(实际低于理论),0.002906,False,低流动性(钓鱼),False,contango(+55.1元/月),83.3,,"(-36, 3, 12, 1)",A=7.0; B=-12.0; C=-4.0; 理论B=(A+C)/2=1.5; 价差(理论-实际)=13.5; 主力价=4646; 比例%=0.2906; 同构性=同构; 最小腿OI=91; 盘口空隙=24跳/1.033%,,,,月差1 同构
2026-08-12 15:27:35,同构价差对比,kink,SP,sp2703-sp2704 | sp2704-sp2705 | sp2705-sp2706,做多B段(B低于插值),0.002906,False,低流动性(钓鱼),False,contango(+55.1元/月),83.3,,"(-36, 3, 12, 1)","A=7.0; B=-12.0; C=-4.0; 理论B=(A+C)/2=1.5; 估值偏差(实际-理论)=-13.5; 比例%=0.2906; 归因=B即相邻月段; 同构=月差1,跨注销0,同构; 最小腿OI=91; 盘口空隙=24跳/1.033%",,,,"组共10段, 仅取紧邻三元组"
2026-08-12 15:27:35,折角修复,kink,BC,bc2610-bc2611 | bc2701-bc2702 | bc2704-bc2705,做多B段(实际低于理论),0.002899,False,低流动性(钓鱼),True,back(-159.1元/月),0.0,,"(-2110, 1, 2230, 1)",A=270.0; B=60.0; C=410.0; 理论B=(A+C)/2=340.0; 价差(理论-实际)=280.0; 主力价=96570; 比例%=0.2899; 同构性=同构; 最小腿OI=1; 盘口空隙=434跳/4.494%,,,,月差1 同构
2026-08-12 15:27:35,折角修复,kink,BR,br2610-br2611 | br2611-br2612 | br2612-br2701,做空B段(实际高于理论),0.002886,False,低流动性(钓鱼),False,back(-29.9元/月),33.3,,"(-5, 1, 135, 2)",A=55.0; B=65.0; C=-2.5; 理论B=(A+C)/2=26.25; 价差(理论-实际)=-38.75; 主力价=13425; 比例%=0.2886; 同构性=同构; 最小腿OI=734; 盘口空隙=28跳/1.043%,,,,月差1 同构
2026-08-12 15:27:35,折角修复,kink,BR,br2611-br2612 | br2612-br2701 | br2701-br2702,做多B段(实际低于理论),0.002886,False,低流动性(钓鱼),False,back(-29.9元/月),33.3,,"(-65, 1, 60, 1)",A=65.0; B=-2.5; C=7.5; 理论B=(A+C)/2=36.25; 价差(理论-实际)=38.75; 主力价=13425; 比例%=0.2886; 同构性=同构; 最小腿OI=52; 盘口空隙=25跳/0.931%,,,,月差1 同构
2026-08-12 15:27:35,折角修复,kink,BR,br2609-br2611 | br2612-br2702 | br2703-br2705,做多B段(实际低于理论),0.002886,False,低流动性(钓鱼),False,back(-29.9元/月),33.3,,"(-185, 1, 195, 1)",A=57.5; B=5.0; C=30.0; 理论B=(A+C)/2=43.75; 价差(理论-实际)=38.75; 主力价=13425; 比例%=0.2886; 同构性=同构; 最小腿OI=31; 盘口空隙=76跳/2.831%,,,,月差2 同构
2026-08-12 15:27:35,同构价差对比,kink,BR,br2610-br2611 | br2611-br2612 | br2612-br2701,做空B段(B高于插值),0.002886,False,低流动性(钓鱼),False,back(-29.9元/月),33.3,,"(-5, 1, 135, 2)","A=55.0; B=65.0; C=-2.5; 理论B=(A+C)/2=26.25; 估值偏差(实际-理论)=38.75; 比例%=0.2886; 归因=B即相邻月段; 同构=月差1,跨注销0,同构; 最小腿OI=734; 盘口空隙=28跳/1.043%",,,,"组共10段, 仅取紧邻三元组"
2026-08-12 15:27:35,同构价差对比,kink,BR,br2611-br2612 | br2612-br2701 | br2701-br2702,做多B段(B低于插值),0.002886,False,低流动性(钓鱼),False,back(-29.9元/月),33.3,,"(-65, 1, 60, 1)","A=65.0; B=-2.5; C=7.5; 理论B=(A+C)/2=36.25; 估值偏差(实际-理论)=-38.75; 比例%=0.2886; 归因=B即相邻月段; 同构=月差1,跨注销0,同构; 最小腿OI=52; 盘口空隙=25跳/0.931%",,,,"组共10段, 仅取紧邻三元组"
2026-08-12 15:27:35,同构价差对比,kink,L,l2609-l2612 | l2612-l2703 | l2703-l2706,做多B段(B低于插值),0.002881,False,低流动性(钓鱼),True,back(-96.9元/月),0.0,,"(167, 1, 229, 1)","A=355.0; B=198.0; C=86.0; 理论B=(A+C)/2=220.5; 估值偏差(实际-理论)=-22.5; 比例%=0.2881; 归因=l2612-l2701 低估-58.5(整段偏差-22.5的主要来源); 同构=月差3,跨注销0,非同构(none/far/near,结构有利,插值为保守下限); 最小腿OI=61; 盘口空隙=62跳/0.794%",,,,"组共6段, 仅取紧邻三元组"
2026-08-12 15:27:35,折角修复,kink,JM,jm2610-jm2611 | jm2702-jm2703 | jm2706-jm2707,做空B段(实际高于理论),0.002879,True,规则断层: jm2701起交割标准大幅提高，跨2612/2701的结构偏移为正常,False,contango(+28.4元/月),100.0,,"(6.5, 3, 8.0, 2)",A=4.0; B=7.25; C=2.0; 理论B=(A+C)/2=3.0; 价差(理论-实际)=-4.25; 主力价=1476.0; 比例%=0.2879; 同构性=同构; 最小腿OI=50; 盘口空隙=3跳/0.102%,DCE.SP jm2702&jm2703,,,月差1 同构
2026-08-12 15:27:35,折角修复,kink,JM,jm2611-jm2612 | jm2701-jm2702 | jm2703-jm2704,做空B段(实际高于理论),0.002879,True,规则断层: jm2701起交割标准大幅提高，跨2612/2701的结构偏移为正常,False,contango(+28.4元/月),100.0,,"(10.0, 1, 11.0, 18)",A=5.5; B=10.5; C=7.0; 理论B=(A+C)/2=6.25; 价差(理论-实际)=-4.25; 主力价=1476.0; 比例%=0.2879; 同构性=同构; 最小腿OI=486; 盘口空隙=2跳/0.068%,DCE.SP jm2701&jm2702,,,月差1 同构
2026-08-12 15:27:35,折角修复,kink,BZ,bz2702-bz2703 | bz2703-bz2704 | bz2704-bz2705,做多B段(实际低于理论),0.002872,True,,False,back(-118.2元/月),,,"(-13, 1, -9, 1)",A=22.0; B=-11.0; C=-2.5; 理论B=(A+C)/2=9.75; 价差(理论-实际)=20.75; 主力价=7225; 比例%=0.2872; 同构性=同构; 最小腿OI=8; 盘口空隙=4跳/0.055%,DCE.SP bz2703&bz2704,,,月差1 同构
2026-08-12 15:27:35,同构价差对比,kink,BZ,bz2702-bz2703 | bz2703-bz2704 | bz2704-bz2705,做多B段(B低于插值),0.002872,True,,False,back(-118.2元/月),,,"(-13, 1, -9, 1)","A=22.0; B=-11.0; C=-2.5; 理论B=(A+C)/2=9.75; 估值偏差(实际-理论)=-20.75; 比例%=0.2872; 归因=B即相邻月段; 同构=月差1,跨注销0,同构; 最小腿OI=8; 盘口空隙=4跳/0.055%",DCE.SP bz2703&bz2704,,,"组共10段, 仅取紧邻三元组"
2026-08-12 15:27:35,同构价差对比,kink,P,p2609-p2610 | p2610-p2611 | p2611-p2612,做空B段(B高于插值),0.002863,True,,False,contango(+67.9元/月),100.0,,"(-53, 18, -51, 18)","A=-47.0; B=-52.0; C=-112.5; 理论B=(A+C)/2=-79.75; 估值偏差(实际-理论)=27.75; 比例%=0.2863; 归因=B即相邻月段; 同构=月差1,跨注销0,同构; 最小腿OI=32139; 盘口空隙=2跳/0.021%",DCE.SP p2610&p2611,,,"组共10段, 仅取紧邻三元组"
2026-08-12 15:27:35,折角修复,kink,AO,ao2611-ao2701 | ao2702-ao2704 | ao2705-ao2707,做空B段(实际高于理论),0.002859,False,低流动性(钓鱼),False,contango(+14.3元/月),100.0,,"(-43, 3, -15, 2)",A=-32.5; B=-29.0; C=-41.0; 理论B=(A+C)/2=-36.75; 价差(理论-实际)=-7.75; 主力价=2711; 比例%=0.2859; 同构性=同构; 最小腿OI=131; 盘口空隙=28跳/1.033%,,,,月差2 同构
2026-08-12 15:27:35,折角修复,kink,HC,hc2701-hc2702 | hc2702-hc2703 | hc2703-hc2704,做多B段(实际低于理论),0.002856,False,低流动性(钓鱼),False,contango(+5.5元/月),83.3,,"(-35, 1, 7, 2)",A=-8.5; B=-14.0; C=-1.0; 理论B=(A+C)/2=-4.75; 价差(理论-实际)=9.25; 主力价=3239; 比例%=0.2856; 同构性=同构; 最小腿OI=79; 盘口空隙=42跳/1.297%,,,,月差1 同构
2026-08-12 15:27:35,同构价差对比,kink,HC,hc2701-hc2702 | hc2702-hc2703 | hc2703-hc2704,做多B段(B低于插值),0.002856,False,低流动性(钓鱼),False,contango(+5.5元/月),83.3,,"(-35, 1, 7, 2)","A=-8.5; B=-14.0; C=-1.0; 理论B=(A+C)/2=-4.75; 估值偏差(实际-理论)=-9.25; 比例%=0.2856; 归因=B即相邻月段; 同构=月差1,跨注销0,同构; 最小腿OI=79; 盘口空隙=42跳/1.297%",,,,"组共10段, 仅取紧邻三元组"
2026-08-12 15:27:35,同构价差对比,kink,EG,eg2610-eg2611 | eg2611-eg2612 | eg2612-eg2701,做多B段(B低于插值),0.002852,True,,True,back(-130.1元/月),0.0,,"(88, 5, 90, 4)","A=159.0; B=89.0; C=47.0; 理论B=(A+C)/2=103.0; 估值偏差(实际-理论)=-14.0; 比例%=0.2852; 归因=B即相邻月段; 同构=月差1,跨注销0,同构; 最小腿OI=51969; 盘口空隙=2跳/0.041%",DCE.SP eg2611&eg2612,,,"组共10段, 仅取紧邻三元组"
2026-08-12 15:27:35,折角修复,kink,BC,bc2701-bc2702 | bc2702-bc2703 | bc2703-bc2704,做多B段(实际低于理论),0.002848,False,低流动性(钓鱼),True,back(-159.1元/月),0.0,,"(-2500, 1, 2010, 1)",A=60.0; B=-245.0; C=0.0; 理论B=(A+C)/2=30.0; 价差(理论-实际)=275.0; 主力价=96570; 比例%=0.2848; 同构性=同构; 最小腿OI=1; 盘口空隙=451跳/4.670%,,,,月差1 同构
2026-08-12 15:27:35,同构价差对比,kink,BC,bc2701-bc2702 | bc2702-bc2703 | bc2703-bc2704,做多B段(B低于插值),0.002848,False,低流动性(钓鱼),True,back(-159.1元/月),0.0,,"(-2500, 1, 2010, 1)","A=60.0; B=-245.0; C=0.0; 理论B=(A+C)/2=30.0; 估值偏差(实际-理论)=-275.0; 比例%=0.2848; 归因=B即相邻月段; 同构=月差1,跨注销0,同构; 最小腿OI=1; 盘口空隙=451跳/4.670%",,,,"组共10段, 仅取紧邻三元组"
2026-08-12 15:27:35,折角修复,kink,SS,ss2610-ss2611 | ss2702-ss2703 | ss2706-ss2707,做多B段(实际低于理论),0.002838,False,低流动性(钓鱼),False,contango(+12.9元/月),66.7,,"(-125, 2, 75, 2)",A=2.5; B=-25.0; C=30.0; 理论B=(A+C)/2=16.25; 价差(理论-实际)=41.25; 主力价=14535; 比例%=0.2838; 同构性=同构; 最小腿OI=17; 盘口空隙=40跳/1.376%,,,,月差1 同构
2026-08-12 15:27:35,折角修复,kink,AL,al2609-al2610 | al2612-al2701 | al2703-al2704,做空B段(实际高于理论),0.002831,True,,False,back(-15.5元/月),83.3,,"(30, 2, 60, 1)",A=-7.5; B=45.0; C=-40.0; 理论B=(A+C)/2=-23.75; 价差(理论-实际)=-68.75; 主力价=24285; 比例%=0.2831; 同构性=同构; 最小腿OI=3468; 盘口空隙=6跳/0.124%,,,,月差1 同构
2026-08-12 15:27:35,折角修复,kink,PB,pb2611-pb2612 | pb2612-pb2701 | pb2701-pb2702,做多B段(实际低于理论),0.002826,False,低流动性(钓鱼),True,contango(+20.5元/月),83.3,,"(-90, 1, -15, 1)",A=-10.0; B=-52.5; C=-5.0; 理论B=(A+C)/2=-7.5; 价差(理论-实际)=45.0; 主力价=15925; 比例%=0.2826; 同构性=同构; 最小腿OI=29; 盘口空隙=15跳/0.471%,,,,月差1 同构
2026-08-12 15:27:35,同构价差对比,kink,PB,pb2611-pb2612 | pb2612-pb2701 | pb2701-pb2702,做多B段(B低于插值),0.002826,False,低流动性(钓鱼),True,contango(+20.5元/月),83.3,,"(-90, 1, -15, 1)","A=-10.0; B=-52.5; C=-5.0; 理论B=(A+C)/2=-7.5; 估值偏差(实际-理论)=-45.0; 比例%=0.2826; 归因=B即相邻月段; 同构=月差1,跨注销0,同构; 最小腿OI=29; 盘口空隙=15跳/0.471%",,,,"组共10段, 仅取紧邻三元组"
2026-08-12 15:27:35,折角修复,kink,SN,sn2608-sn2611 | sn2612-sn2703 | sn2704-sn2707,做空B段(实际高于理论),0.002816,False,低流动性(钓鱼),False,contango(+145.0元/月),83.3,,"(410, 1, 1710, 1)",A=-200.0; B=1060.0; C=-110.0; 理论B=(A+C)/2=-155.0; 价差(理论-实际)=-1215.0; 主力价=431480; 比例%=0.2816; 同构性=同构; 最小腿OI=17; 盘口空隙=130跳/0.301%,,,,月差3 同构
2026-08-12 15:27:35,价差递延,butterfly,LC,lc2701-lc2702-lc2703,"做多蝶式(买后段卖前段,结构应后段>前段)",0.002808,False,低流动性(钓鱼),False,back(-242.5元/月),66.7,,,"前段=1710.0; 后段=1290.0; 蝶值(后-前)=-420.0; 结构基准E=1; 同构性=非同构(none/far),结构性不等式违背,|蝶值|为保守错价下限; 最小腿OI=1256; 盘口空隙=496跳/6.633%",,,,泛化蝶式 月差1+1
2026-08-12 15:27:35,同构价差对比,kink,B,b2612-b2701 | b2701-b2702 | b2702-b2703,做多B段(B低于插值),0.002794,True,,False,back(-14.2元/月),50.0,,"(21, 15, 23, 57)","A=14.0; B=22.0; C=51.5; 理论B=(A+C)/2=32.75; 估值偏差(实际-理论)=-10.75; 比例%=0.2794; 归因=B即相邻月段; 同构=月差1,跨注销0,同构; 最小腿OI=950; 盘口空隙=2跳/0.052%",DCE.SP b2701&b2702,,,"组共10段, 仅取紧邻三元组"
2026-08-12 15:27:35,波动传递,butterfly,FG,FG609-FG610-FG611,前段波动显著高于后段(传递观察),0.00279,True,,False,contango(+18.0元/月),83.3,,,前段20日波动=4.66; 后段20日波动=2.21; 归一差=0.00279; 最小腿OI=137928; 盘口空隙=2跳/0.228%,,,,
2026-08-12 15:27:35,折角修复,kink,SA,SA609-SA610 | SA611-SA612 | SA701-SA702,做多B段(实际低于理论),0.002786,True,,False,contango(+13.4元/月),50.0,,"(-27, 192, -26, 21)",A=-22.5; B=-26.5; C=-25.0; 理论B=(A+C)/2=-23.75; 价差(理论-实际)=2.75; 主力价=987; 比例%=0.2786; 同构性=同构; 最小腿OI=5573; 盘口空隙=1跳/0.101%,CZCE.SPD SA611&SA612,,,月差1 同构
2026-08-12 15:27:35,折角修复,kink,L,l2611-l2612 | l2612-l2701 | l2701-l2702,做多B段(实际低于理论),0.002785,True,,True,back(-96.9元/月),0.0,,"(52, 27, 53, 19)",A=63.5; B=52.5; C=85.0; 理论B=(A+C)/2=74.25; 价差(理论-实际)=21.75; 主力价=7809; 比例%=0.2785; 同构性=同构; 最小腿OI=4477; 盘口空隙=1跳/0.013%,DCE.SP l2612&l2701,,,月差1 同构
2026-08-12 15:27:35,同构价差对比,kink,L,l2611-l2612 | l2612-l2701 | l2701-l2702,做多B段(B低于插值),0.002785,True,,True,back(-96.9元/月),0.0,,"(52, 27, 53, 19)","A=63.5; B=52.5; C=85.0; 理论B=(A+C)/2=74.25; 估值偏差(实际-理论)=-21.75; 比例%=0.2785; 归因=B即相邻月段; 同构=月差1,跨注销0,同构; 最小腿OI=4477; 盘口空隙=1跳/0.013%",DCE.SP l2612&l2701,,,"组共10段, 仅取紧邻三元组"
2026-08-12 15:27:35,折角修复,kink,FU,fu2703-fu2704 | fu2705-fu2706 | fu2707-fu2708,做多B段(实际低于理论),0.002782,False,低流动性(钓鱼),True,back(-97.8元/月),0.0,,"(13, 1, 34, 1)",A=39.5; B=23.5; C=27.0; 理论B=(A+C)/2=33.25; 价差(理论-实际)=9.75; 主力价=3505; 比例%=0.2782; 同构性=同构; 最小腿OI=240; 盘口空隙=21跳/0.599%,,,,月差1 同构
2026-08-12 15:27:35,价差递延,butterfly,CF,CF609-CF611-CF701,"做空蝶式(卖后段买前段,结构应后段<前段)",0.002762,True,,False,contango(+89.5元/月),83.3,,,"前段=-282.5; 后段=-237.5; 蝶值(后-前)=45.0; 结构基准E=-2; 同构性=非同构(far/near),结构性不等式违背,|蝶值|为保守错价下限; 最小腿OI=260654; 盘口空隙=2跳/0.059%",,,,泛化蝶式 月差2+2
2026-08-12 15:27:35,折角修复,kink,NI,ni2610-ni2701 | ni2701-ni2704 | ni2704-ni2707,做空B段(实际高于理论),0.002758,False,低流动性(钓鱼),False,contango(+266.5元/月),83.3,,"(-720, 1, -240, 1)",A=-935.0; B=-480.0; C=-735.0; 理论B=(A+C)/2=-835.0; 价差(理论-实际)=-355.0; 主力价=128710; 比例%=0.2758; 同构性=同构; 最小腿OI=255; 盘口空隙=48跳/0.373%,,,,月差3 同构
2026-08-12 15:27:35,同构价差对比,kink,NI,ni2610-ni2701 | ni2701-ni2704 | ni2704-ni2707,做空B段(B高于插值),0.002758,False,低流动性(钓鱼),False,contango(+266.5元/月),83.3,,"(-720, 1, -240, 1)","A=-935.0; B=-480.0; C=-735.0; 理论B=(A+C)/2=-835.0; 估值偏差(实际-理论)=355.0; 比例%=0.2758; 归因=ni2703-ni2704 高估+517.5(整段偏差+355.0的主要来源); 同构=月差3,跨注销0,同构; 最小腿OI=255; 盘口空隙=48跳/0.373%",,,,"组共8段, 仅取紧邻三元组"
2026-08-12 15:27:35,折角修复,kink,ZN,zn2609-zn2610 | zn2701-zn2702 | zn2705-zn2706,做空B段(实际高于理论),0.002754,False,低流动性(钓鱼),False,contango(+5.2元/月),100.0,,"(-45, 1, 155, 1)",A=-50.0; B=55.0; C=17.5; 理论B=(A+C)/2=-16.25; 价差(理论-实际)=-71.25; 主力价=25870; 比例%=0.2754; 同构性=同构; 最小腿OI=93; 盘口空隙=40跳/0.773%,,,,月差1 同构
2026-08-12 15:27:35,折角修复,kink,SS,ss2608-ss2610 | ss2612-ss2702 | ss2704-ss2706,做空B段(实际高于理论),0.002752,False,低流动性(钓鱼),False,contango(+12.9元/月),66.7,,"(-40, 3, 50, 1)",A=-45.0; B=5.0; C=-25.0; 理论B=(A+C)/2=-35.0; 价差(理论-实际)=-40.0; 主力价=14535; 比例%=0.2752; 同构性=同构; 最小腿OI=23; 盘口空隙=18跳/0.619%,,,,月差2 同构
2026-08-12 15:27:35,折角修复,kink,SS,ss2609-ss2611 | ss2701-ss2703 | ss2705-ss2707,做多B段(实际低于理论),0.002752,False,低流动性(钓鱼),False,contango(+12.9元/月),66.7,,"(-105, 1, 45, 1)",A=-17.5; B=-30.0; C=37.5; 理论B=(A+C)/2=10.0; 价差(理论-实际)=40.0; 主力价=14535; 比例%=0.2752; 同构性=同构; 最小腿OI=17; 盘口空隙=30跳/1.032%,,,,月差2 同构
2026-08-12 15:27:35,折角修复,kink,SI,si2610-si2611 | si2702-si2703 | si2706-si2707,做空B段(实际高于理论),0.002749,False,低流动性(钓鱼),False,contango(+72.1元/月),0.0,,"(-55, 1, 60, 1)","A=-15.0; B=2.5; C=-27.5; 理论B=(A+C)/2=-21.25; 价差(理论-实际)=-23.75; 主力价=8640; 比例%=0.2749; 同构性=非同构(far/none/none,结构有利,插值为保守下限); 最小腿OI=46; 盘口空隙=23跳/1.331%",,,,月差1 非同构-结构有利
2026-08-12 15:27:35,折角修复,kink,CU,cu2608-cu2609 | cu2701-cu2702 | cu2706-cu2707,做多B段(实际低于理论),0.002745,False,低流动性(钓鱼),True,back(-154.3元/月),33.3,,"(-330, 1, 210, 1)",A=430.0; B=-60.0; C=45.0; 理论B=(A+C)/2=237.5; 价差(理论-实际)=297.5; 主力价=108390; 比例%=0.2745; 同构性=同构; 最小腿OI=2042; 盘口空隙=54跳/0.498%,,,,月差1 同构
2026-08-12 15:27:35,折角修复,kink,EB,eb2608-eb2609 | eb2609-eb2610 | eb2610-eb2611,做多B段(实际低于理论),0.002741,True,,False,back(-111.7元/月),33.3,,"(125, 34, 127, 41)",A=170.0; B=126.0; C=127.0; 理论B=(A+C)/2=148.5; 价差(理论-实际)=22.5; 主力价=8208; 比例%=0.2741; 同构性=同构; 最小腿OI=2398; 盘口空隙=2跳/0.024%,DCE.SP eb2609&eb2610,,,月差1 同构
2026-08-12 15:27:35,折角修复,kink,WR,wr2610-wr2612 | wr2612-wr2702 | wr2702-wr2704,做多B段(实际低于理论),0.002739,False,低流动性(钓鱼),False,contango(+8.8元/月),66.7,,"(-141, 2, 86, 1)",A=-17.5; B=-27.5; C=-19.5; 理论B=(A+C)/2=-18.5; 价差(理论-实际)=9.0; 主力价=3286; 比例%=0.2739; 同构性=同构; 最小腿OI=0; 盘口空隙=227跳/6.908%,,,,月差2 同构
2026-08-12 15:27:35,同构价差对比,kink,WR,wr2610-wr2612 | wr2612-wr2702 | wr2702-wr2704,做多B段(B低于插值),0.002739,False,低流动性(钓鱼),False,contango(+8.8元/月),66.7,,"(-141, 2, 86, 1)","A=-17.5; B=-27.5; C=-19.5; 理论B=(A+C)/2=-18.5; 估值偏差(实际-理论)=-9.0; 比例%=0.2739; 归因=wr2701-wr2702 低估-7.5(整段偏差-9.0的主要来源); 同构=月差2,跨注销1,同构; 最小腿OI=0; 盘口空隙=227跳/6.908%",,,,"组共9段, 仅取紧邻三元组"
2026-08-12 15:27:35,同构价差对比,kink,SC,sc2706-sc2707 | sc2707-sc2708 | sc2708-sc2709,做空B段(B高于插值),0.002717,False,低流动性(钓鱼),False,back(-4.1元/月),28.6,,"(-10.4, 1, 17.3, 1)","A=4.1; B=3.45; C=-0.20000000000000018; 理论B=(A+C)/2=1.95; 估值偏差(实际-理论)=1.5; 比例%=0.2717; 归因=B即相邻月段; 同构=月差1,跨注销0,同构; 最小腿OI=1; 盘口空隙=277跳/5.017%",,,,"组共12段, 仅取紧邻三元组"
2026-08-12 15:27:35,折角修复,kink,ZN,zn2610-zn2612 | zn2612-zn2702 | zn2702-zn2704,做空B段(实际高于理论),0.002706,False,低流动性(钓鱼),False,contango(+5.2元/月),100.0,,"(5, 1, 200, 2)",A=40.0; B=102.5; C=25.0; 理论B=(A+C)/2=32.5; 价差(理论-实际)=-70.0; 主力价=25870; 比例%=0.2706; 同构性=同构; 最小腿OI=149; 盘口空隙=39跳/0.754%,,,,月差2 同构
2026-08-12 15:27:35,同构价差对比,kink,ZN,zn2610-zn2612 | zn2612-zn2702 | zn2702-zn2704,做空B段(B高于插值),0.002706,False,低流动性(钓鱼),False,contango(+5.2元/月),100.0,,"(5, 1, 200, 2)","A=40.0; B=102.5; C=25.0; 理论B=(A+C)/2=32.5; 估值偏差(实际-理论)=70.0; 比例%=0.2706; 归因=zn2701-zn2702 高估+36.2(整段偏差+70.0的主要来源); 同构=月差2,跨注销0,同构; 最小腿OI=149; 盘口空隙=39跳/0.754%",,,,"组共9段, 仅取紧邻三元组"
2026-08-12 15:27:35,同构价差对比,kink,BR,br2610-br2701 | br2701-br2704 | br2704-br2707,做空B段(B高于插值),0.0027,False,低流动性(钓鱼),False,back(-29.9元/月),33.3,,"(-80, 1, 185, 1)","A=117.5; B=52.5; C=-85.0; 理论B=(A+C)/2=16.25; 估值偏差(实际-理论)=36.25; 比例%=0.27; 归因=br2702-br2703 高估+57.5(整段偏差+36.2的主要来源); 同构=月差3,跨注销2,同构; 最小腿OI=10; 盘口空隙=53跳/1.974%",,,,"组共8段, 仅取紧邻三元组"
2026-08-12 15:27:35,波动传递,butterfly,LH,lh2609-lh2611-lh2701,前段波动显著高于后段(传递观察),0.0027,True,,False,contango(+189.4元/月),100.0,,,前段20日波动=72.9; 后段20日波动=42.31; 归一差=0.0027; 最小腿OI=71736; 盘口空隙=5跳/0.208%,,,,
2026-08-12 15:27:35,折角修复,kink,SP,sp2701-sp2702 | sp2703-sp2704 | sp2705-sp2706,做空B段(实际高于理论),0.00269,False,低流动性(钓鱼),False,contango(+55.1元/月),83.3,,"(-28, 1, 42, 1)",A=-7.0; B=7.0; C=-4.0; 理论B=(A+C)/2=-5.5; 价差(理论-实际)=-12.5; 主力价=4646; 比例%=0.269; 同构性=同构; 最小腿OI=54; 盘口空隙=35跳/1.507%,,,,月差1 同构
2026-08-12 15:27:35,同构价差对比,kink,NR,nr2610-nr2611 | nr2611-nr2612 | nr2612-nr2701,做空B段(B高于插值),0.002684,False,低流动性(钓鱼),False,contango(+68.5元/月),50.0,,"(-75, 1, 5, 2)","A=-202.5; B=-35.0; C=52.5; 理论B=(A+C)/2=-75.0; 估值偏差(实际-理论)=40.0; 比例%=0.2684; 归因=B即相邻月段; 同构=月差1,跨注销0,同构; 最小腿OI=17955; 盘口空隙=16跳/0.537%",,,,"组共10段, 仅取紧邻三元组"
2026-08-12 15:27:35,折角修复,kink,SS,ss2608-ss2609 | ss2612-ss2701 | ss2704-ss2705,做空B段(实际高于理论),0.002666,True,,False,contango(+12.9元/月),66.7,,"(-10, 1, 30, 1)",A=-25.0; B=10.0; C=-32.5; 理论B=(A+C)/2=-28.75; 价差(理论-实际)=-38.75; 主力价=14535; 比例%=0.2666; 同构性=同构; 最小腿OI=67; 盘口空隙=8跳/0.275%,,,,月差1 同构
2026-08-12 15:27:35,折角修复,kink,SM,SM703-SM704 | SM704-SM705 | SM705-SM706,做多B段(实际低于理论),0.002666,True,,True,contango(+13.1元/月),66.7,,"(-18, 9, -14, 4)",A=-11.0; B=-16.0; C=10.0; 理论B=(A+C)/2=-0.5; 价差(理论-实际)=15.5; 主力价=5814; 比例%=0.2666; 同构性=同构; 最小腿OI=77; 盘口空隙=2跳/0.069%,CZCE.SPD SM704&SM705,,,月差1 同构
2026-08-12 15:27:35,同构价差对比,kink,SM,SM703-SM704 | SM704-SM705 | SM705-SM706,做多B段(B低于插值),0.002666,True,,True,contango(+13.1元/月),66.7,,"(-18, 9, -14, 4)","A=-11.0; B=-16.0; C=10.0; 理论B=(A+C)/2=-0.5; 估值偏差(实际-理论)=-15.5; 比例%=0.2666; 归因=B即相邻月段; 同构=月差1,跨注销0,同构; 最小腿OI=77; 盘口空隙=2跳/0.069%",CZCE.SPD SM704&SM705,,,"组共10段, 仅取紧邻三元组"
2026-08-12 15:27:35,同构价差对比,kink,PP,pp2609-pp2610 | pp2610-pp2611 | pp2611-pp2612,做多B段(B低于插值),0.002663,True,,True,back(-180.4元/月),0.0,,"(226, 18, 228, 19)","A=364.0; B=227.0; C=134.5; 理论B=(A+C)/2=249.25; 估值偏差(实际-理论)=-22.25; 比例%=0.2663; 归因=B即相邻月段; 同构=月差1,跨注销0,同构; 最小腿OI=76188; 盘口空隙=2跳/0.024%",DCE.SP pp2610&pp2611,,,"组共10段, 仅取紧邻三元组"
2026-08-12 15:27:35,折角修复,kink,FU,fu2701-fu2702 | fu2702-fu2703 | fu2703-fu2704,做空B段(实际高于理论),0.002639,False,低流动性(钓鱼),False,back(-97.8元/月),0.0,,"(48, 1, 64, 1)",A=54.0; B=56.0; C=39.5; 理论B=(A+C)/2=46.75; 价差(理论-实际)=-9.25; 主力价=3505; 比例%=0.2639; 同构性=同构; 最小腿OI=312; 盘口空隙=16跳/0.456%,,,,月差1 同构
2026-08-12 15:27:35,同构价差对比,kink,FU,fu2701-fu2702 | fu2702-fu2703 | fu2703-fu2704,做空B段(B高于插值),0.002639,False,低流动性(钓鱼),False,back(-97.8元/月),0.0,,"(48, 1, 64, 1)","A=54.0; B=56.0; C=39.5; 理论B=(A+C)/2=46.75; 估值偏差(实际-理论)=9.25; 比例%=0.2639; 归因=B即相邻月段; 同构=月差1,跨注销0,同构; 最小腿OI=312; 盘口空隙=16跳/0.456%",,,,"组共11段, 仅取紧邻三元组"
2026-08-12 15:27:35,折角修复,kink,SC,sc2610-sc2611 | sc2702-sc2703 | sc2706-sc2707,做多B段(实际低于理论),0.002626,False,低流动性(钓鱼),True,back(-4.1元/月),28.6,,"(-5.4, 1, 13.4, 1)",A=6.8; B=4.0; C=4.1; 理论B=(A+C)/2=5.45; 价差(理论-实际)=1.45; 主力价=552.1; 比例%=0.2626; 同构性=同构; 最小腿OI=6; 盘口空隙=188跳/3.405%,,,,月差1 同构
2026-08-12 15:27:35,波动传递,butterfly,SM,SM703-SM704-SM705,前段波动显著高于后段(传递观察),0.00262,True,,False,contango(+13.1元/月),66.7,,,前段20日波动=35.35; 后段20日波动=19.95; 归一差=0.00262; 最小腿OI=84; 盘口空隙=5跳/0.172%,,,,
2026-08-12 15:27:35,折角修复,kink,ZN,zn2609-zn2610 | zn2612-zn2701 | zn2703-zn2704,做空B段(实际高于理论),0.002609,True,,False,contango(+5.2元/月),100.0,,"(30, 1, 65, 1)",A=-50.0; B=47.5; C=10.0; 理论B=(A+C)/2=-20.0; 价差(理论-实际)=-67.5; 主力价=25870; 比例%=0.2609; 同构性=同构; 最小腿OI=149; 盘口空隙=7跳/0.135%,,,,月差1 同构
2026-08-12 15:27:35,波动传递,butterfly,RM,RM611-RM701-RM703,前段波动显著高于后段(传递观察),0.00259,True,,False,分歧(-2.7元/月),66.7,,,前段20日波动=9.49; 后段20日波动=3.85; 归一差=0.00259; 最小腿OI=114258; 盘口空隙=2跳/0.092%,,,,
2026-08-12 15:27:35,折角修复,kink,SC,sc2705-sc2706 | sc2706-sc2707 | sc2707-sc2708,做空B段(实际高于理论),0.002581,False,低流动性(钓鱼),False,back(-4.1元/月),28.6,,"(-5.3, 1, 13.5, 1)",A=1.9; B=4.1; C=3.45; 理论B=(A+C)/2=2.67; 价差(理论-实际)=-1.42; 主力价=552.1; 比例%=0.2581; 同构性=同构; 最小腿OI=1; 盘口空隙=188跳/3.405%,,,,月差1 同构
2026-08-12 15:27:35,同构价差对比,kink,SC,sc2705-sc2706 | sc2706-sc2707 | sc2707-sc2708,做空B段(B高于插值),0.002581,False,低流动性(钓鱼),False,back(-4.1元/月),28.6,,"(-5.3, 1, 13.5, 1)","A=1.9; B=4.1; C=3.45; 理论B=(A+C)/2=2.67; 估值偏差(实际-理论)=1.42; 比例%=0.2581; 归因=B即相邻月段; 同构=月差1,跨注销0,同构; 最小腿OI=1; 盘口空隙=188跳/3.405%",,,,"组共12段, 仅取紧邻三元组"
2026-08-12 15:27:35,折角修复,kink,OP,op2610-op2611 | op2702-op2703 | op2706-op2707,做空B段(实际高于理论),0.002577,False,低流动性(钓鱼),False,contango(+6.4元/月),,,"(-84, 2, 58, 2)",A=-13.0; B=-13.0; C=-33.0; 理论B=(A+C)/2=-23.0; 价差(理论-实际)=-10.0; 主力价=3880; 比例%=0.2577; 同构性=同构; 最小腿OI=0; 盘口空隙=71跳/3.660%,,,,月差1 同构
2026-08-12 15:27:35,折角修复,kink,AL,al2609-al2611 | al2611-al2701 | al2701-al2703,做空B段(实际高于理论),0.002574,True,,False,back(-15.5元/月),83.3,,"(55, 2, 85, 1)",A=22.5; B=70.0; C=-7.5; 理论B=(A+C)/2=7.5; 价差(理论-实际)=-62.5; 主力价=24285; 比例%=0.2574; 同构性=同构; 最小腿OI=7469; 盘口空隙=6跳/0.124%,,,,月差2 同构
2026-08-12 15:27:35,折角修复,kink,LC,lc2608-lc2609 | lc2609-lc2610 | lc2610-lc2611,做空B段(实际高于理论),0.002574,True,,False,back(-242.5元/月),66.7,,"(180, 6, 500, 5)","A=-380.0; B=340.0; C=290.0; 理论B=(A+C)/2=-45.0; 价差(理论-实际)=-385.0; 主力价=149560; 比例%=0.2574; 同构性=非同构(none/none/far,结构有利,插值为保守下限); 最小腿OI=412; 盘口空隙=16跳/0.214%",GFEX.SP lc2609&lc2610,,,月差1 非同构-结构有利
2026-08-12 15:27:35,折角修复,kink,LC,lc2608-lc2609 | lc2612-lc2701 | lc2704-lc2705,做空B段(实际高于理论),0.002574,False,低流动性(钓鱼),False,back(-242.5元/月),66.7,,"(-380, 4, 440, 1)",A=-380.0; B=30.0; C=-330.0; 理论B=(A+C)/2=-355.0; 价差(理论-实际)=-385.0; 主力价=149560; 比例%=0.2574; 同构性=同构; 最小腿OI=412; 盘口空隙=41跳/0.548%,,,,月差1 同构
2026-08-12 15:27:35,同构价差对比,kink,AL,al2609-al2611 | al2611-al2701 | al2701-al2703,做空B段(B高于插值),0.002574,True,,False,back(-15.5元/月),83.3,,"(55, 2, 85, 1)","A=22.5; B=70.0; C=-7.5; 理论B=(A+C)/2=7.5; 估值偏差(实际-理论)=62.5; 比例%=0.2574; 归因=al2611-al2612 高估+55.0(整段偏差+62.5的主要来源); 同构=月差2,跨注销0,同构; 最小腿OI=7469; 盘口空隙=6跳/0.124%",,,,"组共9段, 仅取紧邻三元组"
2026-08-12 15:27:35,折角修复,kink,FB,fb2704-fb2705 | fb2705-fb2706 | fb2706-fb2707,做多B段(实际低于理论),0.002567,False,低流动性(钓鱼),True,分歧(-6.6元/月),40.0,,"(-14.5, 1, 5.5, 1)",A=0.0; B=-4.5; C=-2.5; 理论B=(A+C)/2=-1.25; 价差(理论-实际)=3.25; 主力价=1266.0; 比例%=0.2567; 同构性=同构; 最小腿OI=0; 盘口空隙=40跳/1.580%,DCE.SP fb2705&fb2706,,,月差1 同构
2026-08-12 15:27:35,同构价差对比,kink,FB,fb2704-fb2705 | fb2705-fb2706 | fb2706-fb2707,做多B段(B低于插值),0.002567,False,低流动性(钓鱼),True,分歧(-6.6元/月),40.0,,"(-14.5, 1, 5.5, 1)","A=0.0; B=-4.5; C=-2.5; 理论B=(A+C)/2=-1.25; 估值偏差(实际-理论)=-3.25; 比例%=0.2567; 归因=B即相邻月段; 同构=月差1,跨注销0,同构; 最小腿OI=0; 盘口空隙=40跳/1.580%",DCE.SP fb2705&fb2706,,,"组共9段, 仅取紧邻三元组"
2026-08-12 15:27:35,波动传递,butterfly,SC,sc2609-sc2610-sc2611,前段波动显著高于后段(传递观察),0.00255,True,,False,back(-4.1元/月),28.6,,,前段20日波动=3.0; 后段20日波动=1.58; 归一差=0.00255; 最小腿OI=11677; 盘口空隙=6跳/0.109%,,,,
2026-08-12 15:27:35,折角修复,kink,NI,ni2608-ni2610 | ni2611-ni2701 | ni2702-ni2704,做多B段(实际低于理论),0.002544,True,,True,contango(+266.5元/月),83.3,,"(-750, 1, -500, 1)",A=-360.0; B=-625.0; C=-235.0; 理论B=(A+C)/2=-297.5; 价差(理论-实际)=327.5; 主力价=128710; 比例%=0.2544; 同构性=同构; 最小腿OI=949; 盘口空隙=25跳/0.194%,,,,月差2 同构
2026-08-12 15:27:35,折角修复,kink,JM,jm2611-jm2612 | jm2702-jm2703 | jm2705-jm2706,做空B段(实际高于理论),0.002541,True,规则断层: jm2701起交割标准大幅提高，跨2612/2701的结构偏移为正常,False,contango(+28.4元/月),100.0,,"(6.5, 3, 8.0, 2)",A=5.5; B=7.25; C=1.5; 理论B=(A+C)/2=3.5; 价差(理论-实际)=-3.75; 主力价=1476.0; 比例%=0.2541; 同构性=同构; 最小腿OI=131; 盘口空隙=3跳/0.102%,DCE.SP jm2702&jm2703,,,月差1 同构
2026-08-12 15:27:35,折角修复,kink,SA,SA610-SA611 | SA702-SA703 | SA706-SA707,做多B段(实际低于理论),0.002533,True,,True,contango(+13.4元/月),50.0,,"(-4, 14, -3, 536)",A=-2.5; B=-3.5; C=0.5; 理论B=(A+C)/2=-1.0; 价差(理论-实际)=2.5; 主力价=987; 比例%=0.2533; 同构性=同构; 最小腿OI=3973; 盘口空隙=1跳/0.101%,CZCE.SPD SA702&SA703,,,月差1 同构
2026-08-12 15:27:35,折角修复,kink,SA,SA609-SA611 | SA611-SA701 | SA701-SA703,做多B段(实际低于理论),0.002533,True,,False,contango(+13.4元/月),50.0,,"(-29, 318, -28, 288)",A=-24.5; B=-28.5; C=-27.5; 理论B=(A+C)/2=-26.0; 价差(理论-实际)=2.5; 主力价=987; 比例%=0.2533; 同构性=同构; 最小腿OI=97676; 盘口空隙=1跳/0.101%,CZCE.SPD SA611&SA701,,,月差2 同构
2026-08-12 15:27:35,同构价差对比,kink,SA,SA609-SA611 | SA611-SA701 | SA701-SA703,做多B段(B低于插值),0.002533,True,,False,contango(+13.4元/月),50.0,,"(-29, 318, -28, 288)","A=-24.5; B=-28.5; C=-27.5; 理论B=(A+C)/2=-26.0; 估值偏差(实际-理论)=-2.5; 比例%=0.2533; 归因=SA611-SA612 低估-2.8(整段偏差-2.5的主要来源); 同构=月差2,跨注销0,同构; 最小腿OI=97676; 盘口空隙=1跳/0.101%",CZCE.SPD SA611&SA701,,,"组共5段, 仅取紧邻三元组"
2026-08-12 15:27:35,折角修复,kink,ZN,zn2612-zn2702 | zn2702-zn2704 | zn2704-zn2706,做多B段(实际低于理论),0.002513,False,低流动性(钓鱼),True,contango(+5.2元/月),100.0,,"(-160, 2, 210, 2)",A=102.5; B=25.0; C=77.5; 理论B=(A+C)/2=90.0; 价差(理论-实际)=65.0; 主力价=25870; 比例%=0.2513; 同构性=同构; 最小腿OI=93; 盘口空隙=74跳/1.430%,,,,月差2 同构
2026-08-12 15:27:35,同构价差对比,kink,ZN,zn2612-zn2702 | zn2702-zn2704 | zn2704-zn2706,做多B段(B低于插值),0.002513,False,低流动性(钓鱼),True,contango(+5.2元/月),100.0,,"(-160, 2, 210, 2)","A=102.5; B=25.0; C=77.5; 理论B=(A+C)/2=90.0; 估值偏差(实际-理论)=-65.0; 比例%=0.2513; 归因=zn2702-zn2703 低估-38.8(整段偏差-65.0的主要来源); 同构=月差2,跨注销0,同构; 最小腿OI=93; 盘口空隙=74跳/1.430%",,,,"组共9段, 仅取紧邻三元组"
2026-08-12 15:27:35,折角修复,kink,PB,pb2610-pb2611 | pb2612-pb2701 | pb2702-pb2703,做多B段(实际低于理论),0.002512,False,低流动性(钓鱼),True,contango(+20.5元/月),83.3,,"(-90, 1, -15, 1)",A=-22.5; B=-52.5; C=-2.5; 理论B=(A+C)/2=-12.5; 价差(理论-实际)=40.0; 主力价=15925; 比例%=0.2512; 同构性=同构; 最小腿OI=29; 盘口空隙=15跳/0.471%,,,,月差1 同构
2026-08-12 15:27:35,价差递延,butterfly,LC,lc2703-lc2704-lc2705,"做多蝶式(买后段卖前段,结构应后段>前段)",0.00251,False,低流动性(钓鱼),False,back(-242.5元/月),66.7,,,"前段=40.0; 后段=-330.0; 蝶值(后-前)=-370.0; 结构基准E=1; 同构性=非同构(near/none),结构性不等式违背,|蝶值|为保守错价下限; 最小腿OI=1693; 盘口空隙=349跳/4.667%",,,,泛化蝶式 月差1+1
2026-08-12 15:27:35,价差递延,butterfly,L,l2701-l2702-l2703,"做多蝶式(买后段卖前段,结构应后段>前段)",0.002497,True,,False,back(-96.9元/月),0.0,,,"前段=85.0; 后段=66.5; 蝶值(后-前)=-18.5; 结构基准E=1; 同构性=非同构(none/far),结构性不等式违背,|蝶值|为保守错价下限; 最小腿OI=249; 盘口空隙=7跳/0.090%",,,,泛化蝶式 月差1+1
2026-08-12 15:27:35,折角修复,kink,FU,fu2705-fu2706 | fu2706-fu2707 | fu2707-fu2708,做多B段(实际低于理论),0.002496,False,低流动性(钓鱼),True,back(-97.8元/月),0.0,,"(4, 1, 29, 1)",A=23.5; B=16.5; C=27.0; 理论B=(A+C)/2=25.25; 价差(理论-实际)=8.75; 主力价=3505; 比例%=0.2496; 同构性=同构; 最小腿OI=240; 盘口空隙=25跳/0.713%,,,,月差1 同构
2026-08-12 15:27:35,同构价差对比,kink,FU,fu2705-fu2706 | fu2706-fu2707 | fu2707-fu2708,做多B段(B低于插值),0.002496,False,低流动性(钓鱼),True,back(-97.8元/月),0.0,,"(4, 1, 29, 1)","A=23.5; B=16.5; C=27.0; 理论B=(A+C)/2=25.25; 估值偏差(实际-理论)=-8.75; 比例%=0.2496; 归因=B即相邻月段; 同构=月差1,跨注销0,同构; 最小腿OI=240; 盘口空隙=25跳/0.713%",,,,"组共11段, 仅取紧邻三元组"
2026-08-12 15:27:35,同构价差对比,kink,MA,MA609-MA611 | MA611-MA701 | MA701-MA703,做空B段(B高于插值),0.002493,True,,False,back(-19.7元/月),0.0,,"(40, 1889, 41, 190)","A=19.5; B=40.5; C=48.5; 理论B=(A+C)/2=34.0; 估值偏差(实际-理论)=6.5; 比例%=0.2493; 归因=MA611-MA612 高估+7.5(整段偏差+6.5的主要来源); 同构=月差2,跨注销0,非同构(far/near/none,结构有利,插值为保守下限); 最小腿OI=113996; 盘口空隙=1跳/0.038%",CZCE.SPD MA611&MA701,,,"组共7段, 仅取紧邻三元组"
2026-08-12 15:27:35,折角修复,kink,I,i2609-i2610 | i2701-i2702 | i2705-i2706,做多B段(实际低于理论),0.002481,True,,True,back(-3.0元/月),83.3,,"(1.5, 14, 2.0, 899)","A=5.25; B=1.75; C=1.75; 理论B=(A+C)/2=3.5; 价差(理论-实际)=1.75; 主力价=705.5; 比例%=0.2481; 同构性=非同构(near/none/none,结构有利,插值为保守下限); 最小腿OI=25291; 盘口空隙=1跳/0.071%",DCE.SP i2701&i2702,,,月差1 非同构-结构有利
2026-08-12 15:27:35,注销后首月溢价,spread,SA,SA610-SA611,做多价差(买注销后首月卖次月),0.002475,True,,True,contango(+13.4元/月),50.0,40.0,"(-3, 3342, -2, 302)","注销月=SA609; 价差=-2.5; 期限斜率t=20.2; 注销段=远腿11月=注销月,本段结构性偏高(效应段在下一段); 仓单佐证=中性(同期分位40%,当前6037); 最小腿OI=143731; 盘口空隙=1跳/0.101%",CZCE.SPD SA610&SA611,,,
2026-08-12 15:27:35,折角修复,kink,BZ,bz2702-bz2703 | bz2704-bz2705 | bz2706-bz2707,做多B段(实际低于理论),0.002457,True,,False,back(-118.2元/月),,,"(-9, 2, 4, 1)",A=22.0; B=-2.5; C=8.5; 理论B=(A+C)/2=15.25; 价差(理论-实际)=17.75; 主力价=7225; 比例%=0.2457; 同构性=同构; 最小腿OI=2; 盘口空隙=13跳/0.180%,DCE.SP bz2704&bz2705,,,月差1 同构
2026-08-12 15:27:35,折角修复,kink,OP,op2701-op2702 | op2703-op2704 | op2705-op2706,做多B段(实际低于理论),0.002448,False,低流动性(钓鱼),False,contango(+6.4元/月),,,"(-88, 2, 80, 2)",A=7.0; B=-4.0; C=4.0; 理论B=(A+C)/2=5.5; 价差(理论-实际)=9.5; 主力价=3880; 比例%=0.2448; 同构性=同构; 最小腿OI=0; 盘口空隙=84跳/4.330%,,,,月差1 同构
2026-08-12 15:27:35,折角修复,kink,PX,PX701-PX703 | PX703-PX705 | PX705-PX707,做多B段(实际低于理论),0.002447,True,,False,back(-44.1元/月),0.0,,"(30, 1, 46, 1)",A=77.0; B=38.0; C=38.0; 理论B=(A+C)/2=57.5; 价差(理论-实际)=19.5; 主力价=7970; 比例%=0.2447; 同构性=同构; 最小腿OI=9; 盘口空隙=8跳/0.201%,CZCE.SPD PX703&PX705,,,月差2 同构
2026-08-12 15:27:35,同构价差对比,kink,PX,PX701-PX703 | PX703-PX705 | PX705-PX707,做多B段(B低于插值),0.002447,True,,False,back(-44.1元/月),0.0,,"(30, 1, 46, 1)","A=77.0; B=38.0; C=38.0; 理论B=(A+C)/2=57.5; 估值偏差(实际-理论)=-19.5; 比例%=0.2447; 归因=PX704-PX705 低估-13.5(整段偏差-19.5的主要来源); 同构=月差2,跨注销0,同构; 最小腿OI=9; 盘口空隙=8跳/0.201%",CZCE.SPD PX703&PX705,,,"组共5段, 仅取紧邻三元组"
2026-08-12 15:27:35,波动传递,butterfly,JD,jd2609-jd2610-jd2611,前段波动显著高于后段(传递观察),0.00244,True,,False,back(-111.5元/月),0.0,,,前段20日波动=29.25; 后段20日波动=19.2; 归一差=0.00244; 最小腿OI=96236; 盘口空隙=8跳/0.206%,,,,
2026-08-12 15:27:35,同构价差对比,kink,NR,nr2611-nr2701 | nr2701-nr2703 | nr2703-nr2705,做空B段(B高于插值),0.002432,False,低流动性(钓鱼),False,contango(+68.5元/月),50.0,,"(-75, 1, 100, 1)","A=17.5; B=12.5; C=-65.0; 理论B=(A+C)/2=-23.75; 估值偏差(实际-理论)=36.25; 比例%=0.2432; 归因=nr2701-nr2702 高估+57.5(整段偏差+36.2的主要来源); 同构=月差2,跨注销1,同构; 最小腿OI=13; 盘口空隙=35跳/1.174%",,,,"组共9段, 仅取紧邻三元组"
2026-08-12 15:27:35,同构价差对比,kink,BR,br2704-br2705 | br2705-br2706 | br2706-br2707,做多B段(B低于插值),0.002421,False,低流动性(钓鱼),False,back(-29.9元/月),33.3,,"(-240, 2, 140, 2)","A=50.0; B=-50.0; C=-85.0; 理论B=(A+C)/2=-17.5; 估值偏差(实际-理论)=-32.5; 比例%=0.2421; 归因=B即相邻月段; 同构=月差1,跨注销0,同构; 最小腿OI=10; 盘口空隙=76跳/2.831%",,,,"组共10段, 仅取紧邻三元组"
2026-08-12 15:27:35,波动传递,butterfly,JD,jd2701-jd2702-jd2703,前段波动显著高于后段(传递观察),0.00242,True,,False,back(-111.5元/月),0.0,,,前段20日波动=14.15; 后段20日波动=5.48; 归一差=0.00242; 最小腿OI=13587; 盘口空隙=6跳/0.155%,,,,
2026-08-12 15:27:35,折角修复,kink,AL,al2611-al2612 | al2612-al2701 | al2701-al2702,做空B段(实际高于理论),0.002419,True,,False,back(-15.5元/月),83.3,,"(30, 2, 60, 1)",A=25.0; B=45.0; C=-52.5; 理论B=(A+C)/2=-13.75; 价差(理论-实际)=-58.75; 主力价=24285; 比例%=0.2419; 同构性=同构; 最小腿OI=8767; 盘口空隙=6跳/0.124%,,,,月差1 同构
2026-08-12 15:27:35,同构价差对比,kink,AL,al2611-al2612 | al2612-al2701 | al2701-al2702,做空B段(B高于插值),0.002419,True,,False,back(-15.5元/月),83.3,,"(30, 2, 60, 1)","A=25.0; B=45.0; C=-52.5; 理论B=(A+C)/2=-13.75; 估值偏差(实际-理论)=58.75; 比例%=0.2419; 归因=B即相邻月段; 同构=月差1,跨注销0,同构; 最小腿OI=8767; 盘口空隙=6跳/0.124%",,,,"组共10段, 仅取紧邻三元组"
2026-08-12 15:27:35,折角修复,kink,ZN,zn2608-zn2609 | zn2701-zn2702 | zn2706-zn2707,做空B段(实际高于理论),0.002416,False,低流动性(钓鱼),False,contango(+5.2元/月),100.0,,"(-45, 1, 155, 1)",A=-60.0; B=55.0; C=45.0; 理论B=(A+C)/2=-7.5; 价差(理论-实际)=-62.5; 主力价=25870; 比例%=0.2416; 同构性=同构; 最小腿OI=87; 盘口空隙=40跳/0.773%,,,,月差1 同构
2026-08-12 15:27:35,注销后首月溢价,spread,SA,SA612-SA701,做多价差(买注销后首月卖次月),0.002411,True,,True,contango(+13.4元/月),50.0,40.0,"(-3, 914, -2, 895)","注销月=SA611; 价差=-2.5; 期限斜率t=20.2; 注销段=远腿1月=注销月,本段结构性偏高(效应段在下一段); 仓单佐证=中性(同期分位40%,当前6037); 最小腿OI=116971; 盘口空隙=1跳/0.101%",CZCE.SPD SA612&SA701,,,
2026-08-12 15:27:35,折角修复,kink,SS,ss2702-ss2703 | ss2704-ss2705 | ss2706-ss2707,做多B段(实际低于理论),0.002408,False,低流动性(钓鱼),False,contango(+12.9元/月),66.7,,"(-170, 2, 105, 2)",A=-25.0; B=-32.5; C=30.0; 理论B=(A+C)/2=2.5; 价差(理论-实际)=35.0; 主力价=14535; 比例%=0.2408; 同构性=同构; 最小腿OI=17; 盘口空隙=55跳/1.892%,,,,月差1 同构
2026-08-12 15:27:35,折角修复,kink,SM,SM704-SM705 | SM705-SM706 | SM706-SM707,做空B段(实际高于理论),0.002408,True,,False,contango(+13.1元/月),66.7,,"(6, 2, 14, 4)",A=-16.0; B=10.0; C=8.0; 理论B=(A+C)/2=-4.0; 价差(理论-实际)=-14.0; 主力价=5814; 比例%=0.2408; 同构性=同构; 最小腿OI=77; 盘口空隙=4跳/0.138%,CZCE.SPD SM705&SM706,,,月差1 同构
2026-08-12 15:27:35,同构价差对比,kink,SM,SM704-SM705 | SM705-SM706 | SM706-SM707,做空B段(B高于插值),0.002408,True,,False,contango(+13.1元/月),66.7,,"(6, 2, 14, 4)","A=-16.0; B=10.0; C=8.0; 理论B=(A+C)/2=-4.0; 估值偏差(实际-理论)=14.0; 比例%=0.2408; 归因=B即相邻月段; 同构=月差1,跨注销0,同构; 最小腿OI=77; 盘口空隙=4跳/0.138%",CZCE.SPD SM705&SM706,,,"组共10段, 仅取紧邻三元组"
2026-08-12 15:27:35,折角修复,kink,AO,ao2610-ao2701 | ao2701-ao2704 | ao2704-ao2707,做空B段(实际高于理论),0.002398,False,低流动性(钓鱼),False,contango(+14.3元/月),100.0,,"(-51, 3, -42, 2)",A=-54.0; B=-46.5; C=-52.0; 理论B=(A+C)/2=-53.0; 价差(理论-实际)=-6.5; 主力价=2711; 比例%=0.2398; 同构性=同构; 最小腿OI=131; 盘口空隙=9跳/0.332%,,,,月差3 同构
2026-08-12 15:27:35,同构价差对比,kink,AO,ao2610-ao2701 | ao2701-ao2704 | ao2704-ao2707,做空B段(B高于插值),0.002398,False,低流动性(钓鱼),False,contango(+14.3元/月),100.0,,"(-51, 3, -42, 2)","A=-54.0; B=-46.5; C=-52.0; 理论B=(A+C)/2=-53.0; 估值偏差(实际-理论)=6.5; 比例%=0.2398; 归因=ao2703-ao2704 高估+11.5(整段偏差+6.5的主要来源); 同构=月差3,跨注销2,同构; 最小腿OI=131; 盘口空隙=9跳/0.332%",,,,"组共8段, 仅取紧邻三元组"
2026-08-12 15:27:35,折角修复,kink,MA,MA610-MA611 | MA702-MA703 | MA706-MA707,做空B段(实际高于理论),0.002397,True,,False,back(-19.7元/月),0.0,,"(23, 5, 25, 61)","A=21.5; B=24.0; C=14.0; 理论B=(A+C)/2=17.75; 价差(理论-实际)=-6.25; 主力价=2607; 比例%=0.2397; 同构性=非同构(far/none/none,结构有利,插值为保守下限); 最小腿OI=209; 盘口空隙=2跳/0.077%",CZCE.SPD MA702&MA703,,,月差1 非同构-结构有利
2026-08-12 15:27:35,波动传递,butterfly,EG,eg2704-eg2705-eg2706,前段波动显著高于后段(传递观察),0.00239,True,,False,back(-130.1元/月),0.0,,,前段20日波动=32.8; 后段20日波动=22.5; 归一差=0.00239; 最小腿OI=39; 盘口空隙=3跳/0.061%,,,,
2026-08-12 15:27:35,折角修复,kink,NI,ni2704-ni2705 | ni2705-ni2706 | ni2706-ni2707,做多B段(实际低于理论),0.002389,False,低流动性(钓鱼),True,contango(+266.5元/月),83.3,,"(-950, 1, 50, 1)",A=20.0; B=-450.0; C=-305.0; 理论B=(A+C)/2=-142.5; 价差(理论-实际)=307.5; 主力价=128710; 比例%=0.2389; 同构性=同构; 最小腿OI=193; 盘口空隙=100跳/0.777%,,,,月差1 同构
2026-08-12 15:27:35,同构价差对比,kink,NI,ni2704-ni2705 | ni2705-ni2706 | ni2706-ni2707,做多B段(B低于插值),0.002389,False,低流动性(钓鱼),True,contango(+266.5元/月),83.3,,"(-950, 1, 50, 1)","A=20.0; B=-450.0; C=-305.0; 理论B=(A+C)/2=-142.5; 估值偏差(实际-理论)=-307.5; 比例%=0.2389; 归因=B即相邻月段; 同构=月差1,跨注销0,同构; 最小腿OI=193; 盘口空隙=100跳/0.777%",,,,"组共10段, 仅取紧邻三元组"
2026-08-12 15:27:35,折角修复,kink,SN,sn2701-sn2702 | sn2702-sn2703 | sn2703-sn2704,做空B段(实际高于理论),0.002381,False,低流动性(钓鱼),False,contango(+145.0元/月),83.3,,"(-450, 1, 2170, 2)",A=-220.0; B=860.0; C=-115.0; 理论B=(A+C)/2=-167.5; 价差(理论-实际)=-1027.5; 主力价=431480; 比例%=0.2381; 同构性=同构; 最小腿OI=44; 盘口空隙=262跳/0.607%,,,,月差1 同构
2026-08-12 15:27:35,同构价差对比,kink,SN,sn2701-sn2702 | sn2702-sn2703 | sn2703-sn2704,做空B段(B高于插值),0.002381,False,低流动性(钓鱼),False,contango(+145.0元/月),83.3,,"(-450, 1, 2170, 2)","A=-220.0; B=860.0; C=-115.0; 理论B=(A+C)/2=-167.5; 估值偏差(实际-理论)=1027.5; 比例%=0.2381; 归因=B即相邻月段; 同构=月差1,跨注销0,同构; 最小腿OI=44; 盘口空隙=262跳/0.607%",,,,"组共10段, 仅取紧邻三元组"
2026-08-12 15:27:35,折角修复,kink,SN,sn2701-sn2703 | sn2703-sn2705 | sn2705-sn2707,做多B段(实际低于理论),0.002376,False,低流动性(钓鱼),True,contango(+145.0元/月),83.3,,"(-1580, 1, 490, 1)",A=640.0; B=-545.0; C=320.0; 理论B=(A+C)/2=480.0; 价差(理论-实际)=1025.0; 主力价=431480; 比例%=0.2376; 同构性=同构; 最小腿OI=17; 盘口空隙=207跳/0.480%,,,,月差2 同构
2026-08-12 15:27:35,同构价差对比,kink,SN,sn2701-sn2703 | sn2703-sn2705 | sn2705-sn2707,做多B段(B低于插值),0.002376,False,低流动性(钓鱼),True,contango(+145.0元/月),83.3,,"(-1580, 1, 490, 1)","A=640.0; B=-545.0; C=320.0; 理论B=(A+C)/2=480.0; 估值偏差(实际-理论)=-1025.0; 比例%=0.2376; 归因=sn2704-sn2705 低估-722.5(整段偏差-1025.0的主要来源); 同构=月差2,跨注销0,同构; 最小腿OI=17; 盘口空隙=207跳/0.480%",,,,"组共9段, 仅取紧邻三元组"
2026-08-12 15:27:35,折角修复,kink,J,j2704-j2705 | j2705-j2706 | j2706-j2707,做多B段(实际低于理论),0.002361,False,低流动性(钓鱼),True,contango(+12.1元/月),66.7,,"(-1.5, 2, 6.0, 2)",A=5.75; B=2.25; C=7.75; 理论B=(A+C)/2=6.75; 价差(理论-实际)=4.5; 主力价=1906.0; 比例%=0.2361; 同构性=同构; 最小腿OI=4; 盘口空隙=15跳/0.393%,DCE.SP j2705&j2706,,,月差1 同构
2026-08-12 15:27:35,同构价差对比,kink,J,j2704-j2705 | j2705-j2706 | j2706-j2707,做多B段(B低于插值),0.002361,False,低流动性(钓鱼),True,contango(+12.1元/月),66.7,,"(-1.5, 2, 6.0, 2)","A=5.75; B=2.25; C=7.75; 理论B=(A+C)/2=6.75; 估值偏差(实际-理论)=-4.5; 比例%=0.2361; 归因=B即相邻月段; 同构=月差1,跨注销0,同构; 最小腿OI=4; 盘口空隙=15跳/0.393%",DCE.SP j2705&j2706,,,"组共10段, 仅取紧邻三元组"
2026-08-12 15:27:35,折角修复,kink,PB,pb2608-pb2610 | pb2610-pb2612 | pb2612-pb2702,做空B段(实际高于理论),0.002355,False,低流动性(钓鱼),False,contango(+20.5元/月),83.3,,"(-65, 1, 0, 3)",A=-82.5; B=-32.5; C=-57.5; 理论B=(A+C)/2=-70.0; 价差(理论-实际)=-37.5; 主力价=15925; 比例%=0.2355; 同构性=同构; 最小腿OI=29; 盘口空隙=13跳/0.408%,,,,月差2 同构
2026-08-12 15:27:35,折角修复,kink,PB,pb2609-pb2611 | pb2611-pb2701 | pb2701-pb2703,做多B段(实际低于理论),0.002355,True,,True,contango(+20.5元/月),83.3,,"(-80, 1, -45, 1)",A=-42.5; B=-62.5; C=-7.5; 理论B=(A+C)/2=-25.0; 价差(理论-实际)=37.5; 主力价=15925; 比例%=0.2355; 同构性=同构; 最小腿OI=31; 盘口空隙=7跳/0.220%,,,,月差2 同构
2026-08-12 15:27:35,同构价差对比,kink,PB,pb2609-pb2611 | pb2611-pb2701 | pb2701-pb2703,做多B段(B低于插值),0.002355,True,,True,contango(+20.5元/月),83.3,,"(-80, 1, -45, 1)","A=-42.5; B=-62.5; C=-7.5; 理论B=(A+C)/2=-25.0; 估值偏差(实际-理论)=-37.5; 比例%=0.2355; 归因=pb2612-pb2701 低估-40.0(整段偏差-37.5的主要来源); 同构=月差2,跨注销0,同构; 最小腿OI=31; 盘口空隙=7跳/0.220%",,,,"组共9段, 仅取紧邻三元组"
2026-08-12 15:27:35,同构价差对比,kink,BZ,bz2609-bz2612 | bz2612-bz2703 | bz2703-bz2706,做空B段(B高于插值),0.002353,False,低流动性(钓鱼),False,back(-118.2元/月),,,"(52, 2, 400, 1)","A=399.5; B=226.0; C=18.5; 理论B=(A+C)/2=209.0; 估值偏差(实际-理论)=17.0; 比例%=0.2353; 归因=bz2701-bz2702 低估-31.2(整段偏差+17.0的主要来源); 同构=月差3,跨注销2,同构; 最小腿OI=7; 盘口空隙=348跳/4.817%",DCE.SP bz2612&bz2703,,,"组共8段, 仅取紧邻三元组"
2026-08-12 15:27:35,同构价差对比,kink,TA,TA612-TA702 | TA702-TA704 | TA704-TA706,做多B段(B低于插值),0.002342,False,低流动性(钓鱼),True,back(-42.3元/月),16.7,,"(30, 1, 54, 1)","A=80.0; B=42.0; C=31.0; 理论B=(A+C)/2=55.5; 估值偏差(实际-理论)=-13.5; 比例%=0.2342; 归因=TA702-TA703 低估-13.0(整段偏差-13.5的主要来源); 同构=月差2,跨注销0,同构; 最小腿OI=101; 盘口空隙=12跳/0.416%",CZCE.SPD TA702&TA704,,,"组共9段, 仅取紧邻三元组"
2026-08-12 15:27:35,折角修复,kink,NI,ni2612-ni2701 | ni2702-ni2703 | ni2704-ni2705,做多B段(实际低于理论),0.002331,False,低流动性(钓鱼),True,contango(+266.5元/月),83.3,,"(-1640, 1, 750, 1)",A=-310.0; B=-445.0; C=20.0; 理论B=(A+C)/2=-145.0; 价差(理论-实际)=300.0; 主力价=128710; 比例%=0.2331; 同构性=同构; 最小腿OI=949; 盘口空隙=239跳/1.857%,,,,月差1 同构
2026-08-12 15:27:35,折角修复,kink,BR,br2609-br2610 | br2701-br2702 | br2705-br2706,做空B段(实际高于理论),0.002328,False,低流动性(钓鱼),False,back(-29.9元/月),33.3,,"(-125, 1, 140, 1)",A=2.5; B=7.5; C=-50.0; 理论B=(A+C)/2=-23.75; 价差(理论-实际)=-31.25; 主力价=13425; 比例%=0.2328; 同构性=同构; 最小腿OI=16; 盘口空隙=53跳/1.974%,,,,月差1 同构
2026-08-12 15:27:35,折角修复,kink,OP,op2703-op2704 | op2704-op2705 | op2705-op2706,做空B段(实际高于理论),0.00232,False,低流动性(钓鱼),False,contango(+6.4元/月),,,"(-70, 2, 88, 2)",A=-4.0; B=9.0; C=4.0; 理论B=(A+C)/2=0.0; 价差(理论-实际)=-9.0; 主力价=3880; 比例%=0.232; 同构性=同构; 最小腿OI=0; 盘口空隙=79跳/4.072%,,,,月差1 同构
2026-08-12 15:27:35,同构价差对比,kink,OP,op2703-op2704 | op2704-op2705 | op2705-op2706,做空B段(B高于插值),0.00232,False,低流动性(钓鱼),False,contango(+6.4元/月),,,"(-70, 2, 88, 2)","A=-4.0; B=9.0; C=4.0; 理论B=(A+C)/2=0.0; 估值偏差(实际-理论)=9.0; 比例%=0.232; 归因=B即相邻月段; 同构=月差1,跨注销0,同构; 最小腿OI=0; 盘口空隙=79跳/4.072%",,,,"组共10段, 仅取紧邻三元组"
2026-08-12 15:27:35,同构价差对比,kink,SI,si2703-si2704 | si2704-si2705 | si2705-si2706,做空B段(B高于插值),0.002315,False,低流动性(钓鱼),False,contango(+72.1元/月),0.0,,"(-55, 1, 40, 1)","A=-67.5; B=-7.5; C=12.5; 理论B=(A+C)/2=-27.5; 估值偏差(实际-理论)=20.0; 比例%=0.2315; 归因=B即相邻月段; 同构=月差1,跨注销0,同构; 最小腿OI=59; 盘口空隙=19跳/1.100%",,,,"组共10段, 仅取紧邻三元组"
2026-08-12 15:27:35,折角修复,kink,NI,ni2608-ni2611 | ni2612-ni2703 | ni2704-ni2707,做多B段(实际低于理论),0.002311,False,低流动性(钓鱼),True,contango(+266.5元/月),83.3,,"(-1690, 1, -310, 1)",A=-670.0; B=-1000.0; C=-735.0; 理论B=(A+C)/2=-702.5; 价差(理论-实际)=297.5; 主力价=128710; 比例%=0.2311; 同构性=同构; 最小腿OI=255; 盘口空隙=138跳/1.072%,,,,月差3 同构
2026-08-12 15:27:35,注销后首月溢价,spread,SH,SH612-SH701,做多价差(买注销后首月卖次月),0.002309,True,,True,contango(+16.2元/月),0.0,,"(-5, 3, -4, 69)","注销月=SH611; 价差=-4.5; 期限斜率t=15.45; 注销段=远腿1月=注销月,本段结构性偏高(效应段在下一段); 最小腿OI=23966; 盘口空隙=1跳/0.053%",CZCE.SPD SH612&SH701,,,
2026-08-12 15:27:35,价差递延,butterfly,PX,PX703-PX704-PX705,"做多蝶式(买后段卖前段,结构应后段>前段)",0.002308,False,低流动性(钓鱼),False,back(-44.1元/月),0.0,,,"前段=32.0; 后段=14.0; 蝶值(后-前)=-18.0; 结构基准E=2; 同构性=非同构(near/far),结构性不等式违背,|蝶值|为保守错价下限; 最小腿OI=22; 盘口空隙=18跳/0.452%",,,,泛化蝶式 月差1+1
2026-08-12 15:27:35,折角修复,kink,I,i2612-i2701 | i2702-i2703 | i2704-i2705,做多B段(实际低于理论),0.002303,True,,True,back(-3.0元/月),83.3,,"(2.0, 24, 2.5, 51)","A=3.0; B=2.25; C=4.75; 理论B=(A+C)/2=3.88; 价差(理论-实际)=1.62; 主力价=705.5; 比例%=0.2303; 同构性=非同构(none/far/none,结构有利,插值为保守下限); 最小腿OI=36840; 盘口空隙=1跳/0.071%",DCE.SP i2702&i2703,,,月差1 非同构-结构有利
2026-08-12 15:27:35,折角修复,kink,PB,pb2609-pb2610 | pb2612-pb2701 | pb2703-pb2704,做多B段(实际低于理论),0.002276,False,低流动性(钓鱼),True,contango(+20.5元/月),83.3,,"(-90, 1, -15, 1)",A=-20.0; B=-52.5; C=-12.5; 理论B=(A+C)/2=-16.25; 价差(理论-实际)=36.25; 主力价=15925; 比例%=0.2276; 同构性=同构; 最小腿OI=31; 盘口空隙=15跳/0.471%,,,,月差1 同构
2026-08-12 15:27:35,折角修复,kink,PP,pp2612-pp2701 | pp2701-pp2702 | pp2702-pp2703,做空B段(实际高于理论),0.002274,True,,False,back(-180.4元/月),0.0,,"(96, 22, 98, 14)","A=67.0; B=97.0; C=89.0; 理论B=(A+C)/2=78.0; 价差(理论-实际)=-19.0; 主力价=8356; 比例%=0.2274; 同构性=非同构(none/none/far,结构有利,插值为保守下限); 最小腿OI=203; 盘口空隙=2跳/0.024%",DCE.SP pp2701&pp2702,,,月差1 非同构-结构有利
2026-08-12 15:27:35,同构价差对比,kink,PP,pp2612-pp2701 | pp2701-pp2702 | pp2702-pp2703,做空B段(B高于插值),0.002274,True,,False,back(-180.4元/月),0.0,,"(96, 22, 98, 14)","A=67.0; B=97.0; C=89.0; 理论B=(A+C)/2=78.0; 估值偏差(实际-理论)=19.0; 比例%=0.2274; 归因=B即相邻月段; 同构=月差1,跨注销0,非同构(none/none/far,结构有利,插值为保守下限); 最小腿OI=203; 盘口空隙=2跳/0.024%",DCE.SP pp2701&pp2702,,,"组共10段, 仅取紧邻三元组"
2026-08-12 15:27:35,折角修复,kink,ZN,zn2609-zn2611 | zn2611-zn2701 | zn2701-zn2703,做空B段(实际高于理论),0.002271,True,,False,contango(+5.2元/月),100.0,,"(60, 1, 90, 1)",A=-37.5; B=75.0; C=70.0; 理论B=(A+C)/2=16.25; 价差(理论-实际)=-58.75; 主力价=25870; 比例%=0.2271; 同构性=同构; 最小腿OI=819; 盘口空隙=6跳/0.116%,,,,月差2 同构
2026-08-12 15:27:35,同构价差对比,kink,ZN,zn2609-zn2611 | zn2611-zn2701 | zn2701-zn2703,做空B段(B高于插值),0.002271,True,,False,contango(+5.2元/月),100.0,,"(60, 1, 90, 1)","A=-37.5; B=75.0; C=70.0; 理论B=(A+C)/2=16.25; 估值偏差(实际-理论)=58.75; 比例%=0.2271; 归因=zn2612-zn2701 高估+33.8(整段偏差+58.8的主要来源); 同构=月差2,跨注销0,同构; 最小腿OI=819; 盘口空隙=6跳/0.116%",,,,"组共9段, 仅取紧邻三元组"
2026-08-12 15:27:35,同构价差对比,kink,P,p2704-p2705 | p2705-p2706 | p2706-p2707,做空B段(B高于插值),0.00227,True,,False,contango(+67.9元/月),100.0,,"(16, 2, 19, 2)","A=-30.0; B=17.5; C=21.0; 理论B=(A+C)/2=-4.5; 估值偏差(实际-理论)=22.0; 比例%=0.227; 归因=B即相邻月段; 同构=月差1,跨注销0,同构; 最小腿OI=107; 盘口空隙=3跳/0.031%",DCE.SP p2705&p2706,,,"组共10段, 仅取紧邻三元组"
2026-08-12 15:27:35,折角修复,kink,AL,al2609-al2610 | al2611-al2612 | al2701-al2702,做空B段(实际高于理论),0.002265,True,,False,back(-15.5元/月),83.3,,"(20, 4, 30, 16)",A=-7.5; B=25.0; C=-52.5; 理论B=(A+C)/2=-30.0; 价差(理论-实际)=-55.0; 主力价=24285; 比例%=0.2265; 同构性=同构; 最小腿OI=8767; 盘口空隙=2跳/0.041%,,,,月差1 同构
2026-08-12 15:27:35,折角修复,kink,AL,al2611-al2701 | al2701-al2703 | al2703-al2705,做多B段(实际低于理论),0.002265,False,低流动性(钓鱼),True,back(-15.5元/月),83.3,,"(-130, 1, 115, 2)",A=70.0; B=-7.5; C=25.0; 理论B=(A+C)/2=47.5; 价差(理论-实际)=55.0; 主力价=24285; 比例%=0.2265; 同构性=同构; 最小腿OI=2851; 盘口空隙=49跳/1.009%,,,,月差2 同构
2026-08-12 15:27:35,同构价差对比,kink,AL,al2611-al2701 | al2701-al2703 | al2703-al2705,做多B段(B低于插值),0.002265,False,低流动性(钓鱼),True,back(-15.5元/月),83.3,,"(-130, 1, 115, 2)","A=70.0; B=-7.5; C=25.0; 理论B=(A+C)/2=47.5; 估值偏差(实际-理论)=-55.0; 比例%=0.2265; 归因=al2701-al2702 低估-45.0(整段偏差-55.0的主要来源); 同构=月差2,跨注销0,同构; 最小腿OI=2851; 盘口空隙=49跳/1.009%",,,,"组共9段, 仅取紧邻三元组"
2026-08-12 15:27:35,同构价差对比,kink,SC,sc2609-sc2611 | sc2611-sc2701 | sc2701-sc2703,做多B段(B低于插值),0.002264,True,,True,back(-4.1元/月),28.6,,"(6.8, 1, 8.1, 2)","A=10.899999999999999; B=7.449999999999999; C=6.5; 理论B=(A+C)/2=8.7; 估值偏差(实际-理论)=-1.25; 比例%=0.2264; 归因=sc2612-sc2701 低估-2.0(整段偏差-1.2的主要来源); 同构=月差2,跨注销0,同构; 最小腿OI=1022; 盘口空隙=13跳/0.235%",,,,"组共11段, 仅取紧邻三元组"
2026-08-12 15:27:35,同构价差对比,kink,SC,sc2611-sc2701 | sc2701-sc2703 | sc2703-sc2705,做空B段(B高于插值),0.002264,False,低流动性(钓鱼),False,back(-4.1元/月),28.6,,"(0.8, 1, 12.2, 1)","A=7.449999999999999; B=6.5; C=3.05; 理论B=(A+C)/2=5.25; 估值偏差(实际-理论)=1.25; 比例%=0.2264; 归因=sc2701-sc2702 高估+1.4(整段偏差+1.2的主要来源); 同构=月差2,跨注销0,同构; 最小腿OI=130; 盘口空隙=114跳/2.065%",,,,"组共11段, 仅取紧邻三元组"
2026-08-12 15:27:35,折角修复,kink,NI,ni2609-ni2610 | ni2612-ni2701 | ni2703-ni2704,做多B段(实际低于理论),0.002253,True,,True,contango(+266.5元/月),83.3,,"(-430, 1, -190, 1)",A=-250.0; B=-310.0; C=210.0; 理论B=(A+C)/2=-20.0; 价差(理论-实际)=290.0; 主力价=128710; 比例%=0.2253; 同构性=同构; 最小腿OI=949; 盘口空隙=24跳/0.186%,,,,月差1 同构
2026-08-12 15:27:35,折角修复,kink,RB,rb2609-rb2611 | rb2701-rb2703 | rb2705-rb2707,做空B段(实际高于理论),0.002243,True,,False,contango(+10.4元/月),66.7,,"(-19, 30, -15, 13)",A=-27.5; B=-17.0; C=-20.0; 理论B=(A+C)/2=-23.75; 价差(理论-实际)=-6.75; 主力价=3010; 比例%=0.2243; 同构性=同构; 最小腿OI=299; 盘口空隙=4跳/0.133%,,,,月差2 同构
2026-08-12 15:27:35,同构价差对比,kink,HC,hc2609-hc2612 | hc2612-hc2703 | hc2703-hc2706,做多B段(B低于插值),0.002238,False,低流动性(钓鱼),False,contango(+5.5元/月),83.3,,"(-46, 1, -13, 2)","A=-35.0; B=-29.5; C=-9.5; 理论B=(A+C)/2=-22.25; 估值偏差(实际-理论)=-7.25; 比例%=0.2238; 归因=hc2701-hc2702 低估-11.0(整段偏差-7.2的主要来源); 同构=月差3,跨注销2,同构; 最小腿OI=8; 盘口空隙=33跳/1.019%",,,,"组共8段, 仅取紧邻三元组"
2026-08-12 15:27:35,折角修复,kink,ZN,zn2609-zn2611 | zn2701-zn2703 | zn2705-zn2707,做空B段(实际高于理论),0.002223,False,低流动性(钓鱼),False,contango(+5.2元/月),100.0,,"(-15, 1, 155, 1)",A=-37.5; B=70.0; C=62.5; 理论B=(A+C)/2=12.5; 价差(理论-实际)=-57.5; 主力价=25870; 比例%=0.2223; 同构性=同构; 最小腿OI=87; 盘口空隙=34跳/0.657%,,,,月差2 同构
2026-08-12 15:27:35,波动传递,butterfly,JD,jd2612-jd2701-jd2702,前段波动显著高于后段(传递观察),0.00222,True,,False,back(-111.5元/月),0.0,,,前段20日波动=22.65; 后段20日波动=14.15; 归一差=0.00222; 最小腿OI=44471; 盘口空隙=6跳/0.155%,,,,
2026-08-12 15:27:35,折角修复,kink,SC,sc2612-sc2701 | sc2701-sc2702 | sc2702-sc2703,做多B段(实际低于理论),0.002219,False,低流动性(钓鱼),True,back(-4.1元/月),28.6,,"(-2.2, 1, 7.2, 1)",A=3.4499999999999997; B=2.5; C=4.0; 理论B=(A+C)/2=3.72; 价差(理论-实际)=1.22; 主力价=552.1; 比例%=0.2219; 同构性=同构; 最小腿OI=671; 盘口空隙=94跳/1.703%,,,,月差1 同构
2026-08-12 15:27:35,同构价差对比,kink,SC,sc2612-sc2701 | sc2701-sc2702 | sc2702-sc2703,做多B段(B低于插值),0.002219,False,低流动性(钓鱼),True,back(-4.1元/月),28.6,,"(-2.2, 1, 7.2, 1)","A=3.4499999999999997; B=2.5; C=4.0; 理论B=(A+C)/2=3.72; 估值偏差(实际-理论)=-1.22; 比例%=0.2219; 归因=B即相邻月段; 同构=月差1,跨注销0,同构; 最小腿OI=671; 盘口空隙=94跳/1.703%",,,,"组共12段, 仅取紧邻三元组"
2026-08-12 15:27:35,折角修复,kink,CU,cu2612-cu2701 | cu2701-cu2702 | cu2702-cu2703,做多B段(实际低于理论),0.002214,False,低流动性(钓鱼),True,back(-154.3元/月),33.3,,"(-330, 1, 210, 1)",A=190.0; B=-60.0; C=170.0; 理论B=(A+C)/2=180.0; 价差(理论-实际)=240.0; 主力价=108390; 比例%=0.2214; 同构性=同构; 最小腿OI=12347; 盘口空隙=54跳/0.498%,,,,月差1 同构
2026-08-12 15:27:35,同构价差对比,kink,CU,cu2612-cu2701 | cu2701-cu2702 | cu2702-cu2703,做多B段(B低于插值),0.002214,False,低流动性(钓鱼),True,back(-154.3元/月),33.3,,"(-330, 1, 210, 1)","A=190.0; B=-60.0; C=170.0; 理论B=(A+C)/2=180.0; 估值偏差(实际-理论)=-240.0; 比例%=0.2214; 归因=B即相邻月段; 同构=月差1,跨注销0,同构; 最小腿OI=12347; 盘口空隙=54跳/0.498%",,,,"组共10段, 仅取紧邻三元组"
2026-08-12 15:27:35,折角修复,kink,AL,al2610-al2612 | al2701-al2703 | al2704-al2706,做多B段(实际低于理论),0.002213,False,低流动性(钓鱼),True,back(-15.5元/月),83.3,,"(-130, 1, 115, 2)",A=55.0; B=-7.5; C=37.5; 理论B=(A+C)/2=46.25; 价差(理论-实际)=53.75; 主力价=24285; 比例%=0.2213; 同构性=同构; 最小腿OI=1371; 盘口空隙=49跳/1.009%,,,,月差2 同构
2026-08-12 15:27:35,折角修复,kink,AO,ao2611-ao2701 | ao2701-ao2703 | ao2703-ao2705,做多B段(实际低于理论),0.002213,False,低流动性(钓鱼),False,contango(+14.3元/月),100.0,,"(-45, 4, -23, 5)",A=-32.5; B=-34.0; C=-23.5; 理论B=(A+C)/2=-28.0; 价差(理论-实际)=6.0; 主力价=2711; 比例%=0.2213; 同构性=同构; 最小腿OI=384; 盘口空隙=22跳/0.812%,,,,月差2 同构
2026-08-12 15:27:35,同构价差对比,kink,AO,ao2611-ao2701 | ao2701-ao2703 | ao2703-ao2705,做多B段(B低于插值),0.002213,False,低流动性(钓鱼),False,contango(+14.3元/月),100.0,,"(-45, 4, -23, 5)","A=-32.5; B=-34.0; C=-23.5; 理论B=(A+C)/2=-28.0; 估值偏差(实际-理论)=-6.0; 比例%=0.2213; 归因=ao2701-ao2702 低估-3.8(整段偏差-6.0的主要来源); 同构=月差2,跨注销1,同构; 最小腿OI=384; 盘口空隙=22跳/0.812%",,,,"组共9段, 仅取紧邻三元组"
2026-08-12 15:27:35,折角修复,kink,WR,wr2611-wr2701 | wr2701-wr2703 | wr2703-wr2705,做多B段(实际低于理论),0.002206,False,低流动性(钓鱼),False,contango(+8.8元/月),66.7,,"(-78, 2, 43, 1)",A=-10.5; B=-17.5; C=-10.0; 理论B=(A+C)/2=-10.25; 价差(理论-实际)=7.25; 主力价=3286; 比例%=0.2206; 同构性=同构; 最小腿OI=0; 盘口空隙=121跳/3.682%,,,,月差2 同构
2026-08-12 15:27:35,同构价差对比,kink,WR,wr2611-wr2701 | wr2701-wr2703 | wr2703-wr2705,做多B段(B低于插值),0.002206,False,低流动性(钓鱼),False,contango(+8.8元/月),66.7,,"(-78, 2, 43, 1)","A=-10.5; B=-17.5; C=-10.0; 理论B=(A+C)/2=-10.25; 估值偏差(实际-理论)=-7.25; 比例%=0.2206; 归因=wr2701-wr2702 低估-7.5(整段偏差-7.2的主要来源); 同构=月差2,跨注销1,同构; 最小腿OI=0; 盘口空隙=121跳/3.682%",,,,"组共9段, 仅取紧邻三元组"
2026-08-12 15:27:35,同构价差对比,kink,JM,jm2701-jm2703 | jm2703-jm2705 | jm2705-jm2707,做空B段(B高于插值),0.002202,True,,False,contango(+28.4元/月),100.0,,"(14.0, 2, 15.5, 4)","A=17.75; B=14.75; C=5.25; 理论B=(A+C)/2=11.5; 估值偏差(实际-理论)=3.25; 比例%=0.2202; 归因=jm2704-jm2705 高估+2.6(整段偏差+3.2的主要来源); 同构=月差2,跨注销1,同构; 最小腿OI=50; 盘口空隙=3跳/0.102%",DCE.SP jm2703&jm2705,,,"组共9段, 仅取紧邻三元组"
2026-08-12 15:27:35,折角修复,kink,PB,pb2608-pb2609 | pb2610-pb2611 | pb2612-pb2701,做空B段(实际高于理论),0.002198,True,,False,contango(+20.5元/月),83.3,,"(-35, 17, -10, 2)",A=-62.5; B=-22.5; C=-52.5; 理论B=(A+C)/2=-57.5; 价差(理论-实际)=-35.0; 主力价=15925; 比例%=0.2198; 同构性=同构; 最小腿OI=291; 盘口空隙=5跳/0.157%,,,,月差1 同构
2026-08-12 15:27:35,折角修复,kink,SN,sn2704-sn2705 | sn2705-sn2706 | sn2706-sn2707,做空B段(实际高于理论),0.002196,False,低流动性(钓鱼),False,contango(+145.0元/月),83.3,,"(-1610, 1, 2800, 1)",A=-430.0; B=595.0; C=-275.0; 理论B=(A+C)/2=-352.5; 价差(理论-实际)=-947.5; 主力价=431480; 比例%=0.2196; 同构性=同构; 最小腿OI=17; 盘口空隙=441跳/1.022%,,,,月差1 同构
2026-08-12 15:27:35,同构价差对比,kink,SN,sn2704-sn2705 | sn2705-sn2706 | sn2706-sn2707,做空B段(B高于插值),0.002196,False,低流动性(钓鱼),False,contango(+145.0元/月),83.3,,"(-1610, 1, 2800, 1)","A=-430.0; B=595.0; C=-275.0; 理论B=(A+C)/2=-352.5; 估值偏差(实际-理论)=947.5; 比例%=0.2196; 归因=B即相邻月段; 同构=月差1,跨注销0,同构; 最小腿OI=17; 盘口空隙=441跳/1.022%",,,,"组共10段, 仅取紧邻三元组"
2026-08-12 15:27:35,折角修复,kink,OP,op2609-op2610 | op2701-op2702 | op2705-op2706,做空B段(实际高于理论),0.002191,False,低流动性(钓鱼),False,contango(+6.4元/月),,,"(-52, 2, 66, 1)",A=-7.0; B=7.0; C=4.0; 理论B=(A+C)/2=-1.5; 价差(理论-实际)=-8.5; 主力价=3880; 比例%=0.2191; 同构性=同构; 最小腿OI=0; 盘口空隙=59跳/3.041%,,,,月差1 同构
2026-08-12 15:27:35,同构价差对比,kink,OP,op2610-op2612 | op2612-op2702 | op2702-op2704,做空B段(B高于插值),0.002191,False,低流动性(钓鱼),False,contango(+6.4元/月),,,"(-78, 2, 40, 2)","A=-38.0; B=-19.0; C=-17.0; 理论B=(A+C)/2=-27.5; 估值偏差(实际-理论)=8.5; 比例%=0.2191; 归因=op2701-op2702 高估+21.5(整段偏差+8.5的主要来源); 同构=月差2,跨注销1,同构; 最小腿OI=0; 盘口空隙=59跳/3.041%",,,,"组共9段, 仅取紧邻三元组"
2026-08-12 15:27:35,折角修复,kink,AD,ad2701-ad2702 | ad2702-ad2703 | ad2703-ad2704,做空B段(实际高于理论),0.002167,False,低流动性(钓鱼),False,contango(+60.4元/月),,,"(-520, 2, 525, 2)",A=-85.0; B=2.5; C=-12.5; 理论B=(A+C)/2=-48.75; 价差(理论-实际)=-51.25; 主力价=23645; 比例%=0.2167; 同构性=同构; 最小腿OI=1; 盘口空隙=209跳/4.420%,,,,月差1 同构
2026-08-12 15:27:35,价差递延,butterfly,PP,pp2703-pp2705-pp2707,"做多蝶式(买后段卖前段,结构应后段>前段)",0.002167,False,低流动性(钓鱼),False,back(-180.4元/月),0.0,,,"前段=87.5; 后段=71.5; 蝶值(后-前)=-16.0; 结构基准E=1; 同构性=非同构(near/none),结构性不等式违背,|蝶值|为保守错价下限; 最小腿OI=37; 盘口空隙=86跳/1.029%",,,,泛化蝶式 月差2+2
2026-08-12 15:27:35,同构价差对比,kink,AD,ad2701-ad2702 | ad2702-ad2703 | ad2703-ad2704,做空B段(B高于插值),0.002167,False,低流动性(钓鱼),False,contango(+60.4元/月),,,"(-520, 2, 525, 2)","A=-85.0; B=2.5; C=-12.5; 理论B=(A+C)/2=-48.75; 估值偏差(实际-理论)=51.25; 比例%=0.2167; 归因=B即相邻月段; 同构=月差1,跨注销0,同构; 最小腿OI=1; 盘口空隙=209跳/4.420%",,,,"组共10段, 仅取紧邻三元组"
2026-08-12 15:27:35,折角修复,kink,SS,ss2701-ss2702 | ss2702-ss2703 | ss2703-ss2704,做多B段(实际低于理论),0.00215,False,低流动性(钓鱼),False,contango(+12.9元/月),66.7,,"(-125, 2, 75, 2)",A=-5.0; B=-25.0; C=17.5; 理论B=(A+C)/2=6.25; 价差(理论-实际)=31.25; 主力价=14535; 比例%=0.215; 同构性=同构; 最小腿OI=67; 盘口空隙=40跳/1.376%,,,,月差1 同构
2026-08-12 15:27:35,同构价差对比,kink,SS,ss2701-ss2702 | ss2702-ss2703 | ss2703-ss2704,做多B段(B低于插值),0.00215,False,低流动性(钓鱼),False,contango(+12.9元/月),66.7,,"(-125, 2, 75, 2)","A=-5.0; B=-25.0; C=17.5; 理论B=(A+C)/2=6.25; 估值偏差(实际-理论)=-31.25; 比例%=0.215; 归因=B即相邻月段; 同构=月差1,跨注销0,同构; 最小腿OI=67; 盘口空隙=40跳/1.376%",,,,"组共10段, 仅取紧邻三元组"
2026-08-12 15:27:35,同构价差对比,kink,FU,fu2703-fu2704 | fu2704-fu2705 | fu2705-fu2706,做多B段(B低于插值),0.00214,False,低流动性(钓鱼),True,back(-97.8元/月),0.0,,"(6, 1, 42, 1)","A=39.5; B=24.0; C=23.5; 理论B=(A+C)/2=31.5; 估值偏差(实际-理论)=-7.5; 比例%=0.214; 归因=B即相邻月段; 同构=月差1,跨注销0,同构; 最小腿OI=312; 盘口空隙=36跳/1.027%",,,,"组共11段, 仅取紧邻三元组"
2026-08-12 15:27:35,折角修复,kink,I,i2704-i2705 | i2705-i2706 | i2706-i2707,做多B段(实际低于理论),0.002126,True,,True,back(-3.0元/月),83.3,,"(1.5, 53, 2.0, 209)",A=4.75; B=1.75; C=1.75; 理论B=(A+C)/2=3.25; 价差(理论-实际)=1.5; 主力价=705.5; 比例%=0.2126; 同构性=同构; 最小腿OI=15602; 盘口空隙=1跳/0.071%,DCE.SP i2705&i2706,,,月差1 同构
2026-08-12 15:27:35,同构价差对比,kink,I,i2704-i2705 | i2705-i2706 | i2706-i2707,做多B段(B低于插值),0.002126,True,,True,back(-3.0元/月),83.3,,"(1.5, 53, 2.0, 209)","A=4.75; B=1.75; C=1.75; 理论B=(A+C)/2=3.25; 估值偏差(实际-理论)=-1.5; 比例%=0.2126; 归因=B即相邻月段; 同构=月差1,跨注销0,同构; 最小腿OI=15602; 盘口空隙=1跳/0.071%",DCE.SP i2705&i2706,,,"组共10段, 仅取紧邻三元组"
2026-08-12 15:27:35,同构价差对比,kink,AO,ao2609-ao2611 | ao2611-ao2701 | ao2701-ao2703,做多B段(B低于插值),0.002121,True,,False,contango(+14.3元/月),100.0,,"(-34, 2, -31, 1)","A=-19.5; B=-32.5; C=-34.0; 理论B=(A+C)/2=-26.75; 估值偏差(实际-理论)=-5.75; 比例%=0.2121; 归因=ao2611-ao2612 低估-7.2(整段偏差-5.8的主要来源); 同构=月差2,跨注销1,同构; 最小腿OI=384; 盘口空隙=3跳/0.111%",,,,"组共9段, 仅取紧邻三元组"
2026-08-12 15:27:35,折角修复,kink,PB,pb2610-pb2612 | pb2612-pb2702 | pb2702-pb2704,做多B段(实际低于理论),0.002119,False,低流动性(钓鱼),True,contango(+20.5元/月),83.3,,"(-95, 1, -20, 1)",A=-32.5; B=-57.5; C=-15.0; 理论B=(A+C)/2=-23.75; 价差(理论-实际)=33.75; 主力价=15925; 比例%=0.2119; 同构性=同构; 最小腿OI=29; 盘口空隙=15跳/0.471%,,,,月差2 同构
2026-08-12 15:27:35,同构价差对比,kink,PB,pb2610-pb2612 | pb2612-pb2702 | pb2702-pb2704,做多B段(B低于插值),0.002119,False,低流动性(钓鱼),True,contango(+20.5元/月),83.3,,"(-95, 1, -20, 1)","A=-32.5; B=-57.5; C=-15.0; 理论B=(A+C)/2=-23.75; 估值偏差(实际-理论)=-33.75; 比例%=0.2119; 归因=pb2612-pb2701 低估-40.0(整段偏差-33.8的主要来源); 同构=月差2,跨注销0,同构; 最小腿OI=29; 盘口空隙=15跳/0.471%",,,,"组共9段, 仅取紧邻三元组"
2026-08-12 15:27:35,折角修复,kink,JM,jm2704-jm2705 | jm2705-jm2706 | jm2706-jm2707,做多B段(实际低于理论),0.002117,False,低流动性(钓鱼),False,contango(+28.4元/月),100.0,,"(-5.5, 1, 8.5, 2)",A=7.25; B=1.5; C=2.0; 理论B=(A+C)/2=4.62; 价差(理论-实际)=3.12; 主力价=1476.0; 比例%=0.2117; 同构性=同构; 最小腿OI=50; 盘口空隙=28跳/0.949%,,,,月差1 同构
2026-08-12 15:27:35,同构价差对比,kink,JM,jm2704-jm2705 | jm2705-jm2706 | jm2706-jm2707,做多B段(B低于插值),0.002117,False,低流动性(钓鱼),False,contango(+28.4元/月),100.0,,"(-5.5, 1, 8.5, 2)","A=7.25; B=1.5; C=2.0; 理论B=(A+C)/2=4.62; 估值偏差(实际-理论)=-3.12; 比例%=0.2117; 归因=B即相邻月段; 同构=月差1,跨注销0,同构; 最小腿OI=50; 盘口空隙=28跳/0.949%",,,,"组共10段, 仅取紧邻三元组"
2026-08-12 15:27:35,折角修复,kink,CU,cu2611-cu2612 | cu2701-cu2702 | cu2703-cu2704,做多B段(实际低于理论),0.002099,False,低流动性(钓鱼),True,back(-154.3元/月),33.3,,"(-330, 1, 210, 1)",A=230.0; B=-60.0; C=105.0; 理论B=(A+C)/2=167.5; 价差(理论-实际)=227.5; 主力价=108390; 比例%=0.2099; 同构性=同构; 最小腿OI=8907; 盘口空隙=54跳/0.498%,,,,月差1 同构
2026-08-12 15:27:35,价差递延,butterfly,I,i2609-i2610-i2611,"做多蝶式(买后段卖前段,结构应后段>前段)",0.002082,True,,False,back(-3.0元/月),83.3,,,"前段=5.25; 后段=3.75; 蝶值(后-前)=-1.5; 结构基准E=1; 同构性=非同构(near/none),结构性不等式违背,|蝶值|为保守错价下限; 最小腿OI=87133; 盘口空隙=2跳/0.142%",,,,泛化蝶式 月差1+1
2026-08-12 15:27:35,折角修复,kink,PG,pg2608-pg2609 | pg2612-pg2701 | pg2704-pg2705,做空B段(实际高于理论),0.002077,True,,False,back(-100.9元/月),16.7,,"(135, 1, 138, 1)","A=125.0; B=136.5; C=125.5; 理论B=(A+C)/2=125.25; 价差(理论-实际)=-11.25; 主力价=5417; 比例%=0.2077; 同构性=非同构(far/none/none,结构有利,插值为保守下限); 最小腿OI=176; 盘口空隙=3跳/0.055%",DCE.SP pg2612&pg2701,,,月差1 非同构-结构有利
2026-08-12 15:27:35,折角修复,kink,RB,rb2611-rb2701 | rb2702-rb2704 | rb2705-rb2707,做空B段(实际高于理论),0.002076,False,低流动性(钓鱼),False,contango(+10.4元/月),66.7,,"(-32, 2, -2, 1)",A=-26.5; B=-17.0; C=-20.0; 理论B=(A+C)/2=-23.25; 价差(理论-实际)=-6.25; 主力价=3010; 比例%=0.2076; 同构性=同构; 最小腿OI=299; 盘口空隙=30跳/0.997%,,,,月差2 同构
2026-08-12 15:27:35,同构价差对比,kink,PD,pd2610-pd2612 | pd2612-pd2702 | pd2702-pd2704,做多B段(B低于插值),0.002069,True,,True,contango(+1.4元/月),,,"(-2.4, 1, -2.3, 1)","A=-2.4000000000000004; B=-2.3499999999999996; C=-0.9500000000000002; 理论B=(A+C)/2=-1.68; 估值偏差(实际-理论)=-0.67; 比例%=0.2069; 归因=B即相邻月段; 同构=月差2,跨注销0,同构; 最小腿OI=19; 盘口空隙=2跳/0.031%",GFEX.SP pd2612&pd2702,,,"组共4段, 仅取紧邻三元组"
2026-08-12 15:27:35,注销后首月溢价,spread,SM,SM611-SM612,做多价差(买注销后首月卖次月),0.002064,True,,True,contango(+13.1元/月),66.7,60.0,"(-14, 267, -10, 865)","注销月=SM610; 价差=-12.0; 期限斜率t=8.06; 仓单佐证=中性(同期分位60%,当前65858); 最小腿OI=38959; 盘口空隙=2跳/0.069%",CZCE.SPD SM611&SM612,,,
2026-08-12 15:27:35,折角修复,kink,NI,ni2608-ni2609 | ni2612-ni2701 | ni2704-ni2705,做多B段(实际低于理论),0.002059,True,,True,contango(+266.5元/月),83.3,,"(-430, 1, -190, 1)",A=-110.0; B=-310.0; C=20.0; 理论B=(A+C)/2=-45.0; 价差(理论-实际)=265.0; 主力价=128710; 比例%=0.2059; 同构性=同构; 最小腿OI=949; 盘口空隙=24跳/0.186%,,,,月差1 同构
2026-08-12 15:27:35,折角修复,kink,PB,pb2611-pb2701 | pb2701-pb2703 | pb2703-pb2705,做空B段(实际高于理论),0.002041,True,,False,contango(+20.5元/月),83.3,,"(-20, 1, 5, 1)",A=-62.5; B=-7.5; C=-17.5; 理论B=(A+C)/2=-40.0; 价差(理论-实际)=-32.5; 主力价=15925; 比例%=0.2041; 同构性=同构; 最小腿OI=31; 盘口空隙=5跳/0.157%,,,,月差2 同构
2026-08-12 15:27:35,同构价差对比,kink,PB,pb2611-pb2701 | pb2701-pb2703 | pb2703-pb2705,做空B段(B高于插值),0.002041,True,,False,contango(+20.5元/月),83.3,,"(-20, 1, 5, 1)","A=-62.5; B=-7.5; C=-17.5; 理论B=(A+C)/2=-40.0; 估值偏差(实际-理论)=32.5; 比例%=0.2041; 归因=pb2702-pb2703 高估+26.2(整段偏差+32.5的主要来源); 同构=月差2,跨注销0,同构; 最小腿OI=31; 盘口空隙=5跳/0.157%",,,,"组共9段, 仅取紧邻三元组"
2026-08-12 15:27:35,同构价差对比,kink,SC,sc2610-sc2611 | sc2611-sc2612 | sc2612-sc2701,做多B段(B低于插值),0.002038,True,,True,back(-4.1元/月),28.6,,"(3.7, 1, 4.3, 1)","A=6.8; B=4.0; C=3.4499999999999997; 理论B=(A+C)/2=5.12; 估值偏差(实际-理论)=-1.12; 比例%=0.2038; 归因=B即相邻月段; 同构=月差1,跨注销0,同构; 最小腿OI=3192; 盘口空隙=6跳/0.109%",,,,"组共12段, 仅取紧邻三元组"
2026-08-12 15:27:35,折角修复,kink,JM,jm2703-jm2704 | jm2704-jm2705 | jm2705-jm2706,做空B段(实际高于理论),0.002033,True,,False,contango(+28.4元/月),100.0,,"(6.5, 9, 8.0, 6)",A=7.0; B=7.25; C=1.5; 理论B=(A+C)/2=4.25; 价差(理论-实际)=-3.0; 主力价=1476.0; 比例%=0.2033; 同构性=同构; 最小腿OI=131; 盘口空隙=3跳/0.102%,DCE.SP jm2704&jm2705,,,月差1 同构
2026-08-12 15:27:35,同构价差对比,kink,JM,jm2703-jm2704 | jm2704-jm2705 | jm2705-jm2706,做空B段(B高于插值),0.002033,True,,False,contango(+28.4元/月),100.0,,"(6.5, 9, 8.0, 6)","A=7.0; B=7.25; C=1.5; 理论B=(A+C)/2=4.25; 估值偏差(实际-理论)=3.0; 比例%=0.2033; 归因=B即相邻月段; 同构=月差1,跨注销0,同构; 最小腿OI=131; 盘口空隙=3跳/0.102%",DCE.SP jm2704&jm2705,,,"组共10段, 仅取紧邻三元组"
2026-08-12 15:27:35,折角修复,kink,AO,ao2608-ao2611 | ao2611-ao2702 | ao2702-ao2705,做多B段(实际低于理论),0.002029,False,低流动性(钓鱼),False,contango(+14.3元/月),100.0,,"(-61, 2, -39, 1)",A=-49.0; B=-50.0; C=-40.0; 理论B=(A+C)/2=-44.5; 价差(理论-实际)=5.5; 主力价=2711; 比例%=0.2029; 同构性=同构; 最小腿OI=353; 盘口空隙=22跳/0.812%,,,,月差3 同构
2026-08-12 15:27:35,价差递延,butterfly,SI,si2609-si2610-si2611,"做多蝶式(买后段卖前段,结构应后段>前段)",0.002029,True,,False,contango(+72.1元/月),0.0,,,"前段=2.5; 后段=-15.0; 蝶值(后-前)=-17.5; 结构基准E=1; 同构性=非同构(none/far),结构性不等式违背,|蝶值|为保守错价下限; 最小腿OI=57131; 盘口空隙=3跳/0.174%",,,,泛化蝶式 月差1+1
2026-08-12 15:27:35,折角修复,kink,AG,ag2609-ag2612 | ag2612-ag2703 | ag2703-ag2706,做空B段(实际高于理论),0.002027,False,低流动性(钓鱼),False,contango(+13.9元/月),100.0,,"(-85, 1, 37, 1)",A=-63.5; B=-24.0; C=-50.0; 理论B=(A+C)/2=-56.75; 价差(理论-实际)=-32.75; 主力价=16154; 比例%=0.2027; 同构性=同构; 最小腿OI=2698; 盘口空隙=122跳/0.755%,,,,月差3 同构
2026-08-12 15:27:35,同构价差对比,kink,AG,ag2609-ag2612 | ag2612-ag2703 | ag2703-ag2706,做空B段(B高于插值),0.002027,False,低流动性(钓鱼),False,contango(+13.9元/月),100.0,,"(-85, 1, 37, 1)","A=-63.5; B=-24.0; C=-50.0; 理论B=(A+C)/2=-56.75; 估值偏差(实际-理论)=32.75; 比例%=0.2027; 归因=ag2701-ag2702 高估+13.2(整段偏差+32.8的主要来源); 同构=月差3,跨注销0,同构; 最小腿OI=2698; 盘口空隙=122跳/0.755%",,,,"组共8段, 仅取紧邻三元组"
2026-08-12 15:27:35,折角修复,kink,SN,sn2609-sn2612 | sn2612-sn2703 | sn2703-sn2706,做空B段(实际高于理论),0.002022,False,低流动性(钓鱼),False,contango(+145.0元/月),83.3,,"(410, 1, 1710, 1)",A=325.0; B=1060.0; C=50.0; 理论B=(A+C)/2=187.5; 价差(理论-实际)=-872.5; 主力价=431480; 比例%=0.2022; 同构性=同构; 最小腿OI=75; 盘口空隙=130跳/0.301%,,,,月差3 同构
2026-08-12 15:27:35,同构价差对比,kink,SN,sn2609-sn2612 | sn2612-sn2703 | sn2703-sn2706,做空B段(B高于插值),0.002022,False,低流动性(钓鱼),False,contango(+145.0元/月),83.3,,"(410, 1, 1710, 1)","A=325.0; B=1060.0; C=50.0; 理论B=(A+C)/2=187.5; 估值偏差(实际-理论)=872.5; 比例%=0.2022; 归因=sn2612-sn2701 高估+632.5(整段偏差+872.5的主要来源); 同构=月差3,跨注销0,同构; 最小腿OI=75; 盘口空隙=130跳/0.301%",,,,"组共8段, 仅取紧邻三元组"
2026-08-12 15:27:35,折角修复,kink,SN,sn2612-sn2701 | sn2702-sn2703 | sn2704-sn2705,做空B段(实际高于理论),0.002005,False,低流动性(钓鱼),False,contango(+145.0元/月),83.3,,"(-450, 1, 2170, 2)",A=420.0; B=860.0; C=-430.0; 理论B=(A+C)/2=-5.0; 价差(理论-实际)=-865.0; 主力价=431480; 比例%=0.2005; 同构性=同构; 最小腿OI=44; 盘口空隙=262跳/0.607%,,,,月差1 同构
2026-08-12 15:27:35,折角修复,kink,NI,ni2612-ni2702 | ni2702-ni2704 | ni2704-ni2706,做空B段(实际高于理论),0.002001,False,低流动性(钓鱼),False,contango(+266.5元/月),83.3,,"(-930, 1, 460, 1)",A=-555.0; B=-235.0; C=-430.0; 理论B=(A+C)/2=-492.5; 价差(理论-实际)=-257.5; 主力价=128710; 比例%=0.2001; 同构性=同构; 最小腿OI=193; 盘口空隙=139跳/1.080%,,,,月差2 同构
2026-08-12 15:27:35,同构价差对比,kink,NI,ni2612-ni2702 | ni2702-ni2704 | ni2704-ni2706,做空B段(B高于插值),0.002001,False,低流动性(钓鱼),False,contango(+266.5元/月),83.3,,"(-930, 1, 460, 1)","A=-555.0; B=-235.0; C=-430.0; 理论B=(A+C)/2=-492.5; 估值偏差(实际-理论)=257.5; 比例%=0.2001; 归因=ni2703-ni2704 高估+557.5(整段偏差+257.5的主要来源); 同构=月差2,跨注销0,同构; 最小腿OI=193; 盘口空隙=139跳/1.080%",,,,"组共9段, 仅取紧邻三元组"
2026-08-12 15:27:35,折角修复,kink,RB,rb2611-rb2612 | rb2702-rb2703 | rb2705-rb2706,做空B段(实际高于理论),0.001993,False,低流动性(钓鱼),False,contango(+10.4元/月),66.7,,"(-11, 2, -1, 2)",A=-14.5; B=-6.0; C=-9.5; 理论B=(A+C)/2=-12.0; 价差(理论-实际)=-6.0; 主力价=3010; 比例%=0.1993; 同构性=同构; 最小腿OI=276; 盘口空隙=10跳/0.332%,,,,月差1 同构
2026-08-12 15:27:35,折角修复,kink,SN,sn2612-sn2701 | sn2701-sn2702 | sn2702-sn2703,做多B段(实际低于理论),0.001993,False,低流动性(钓鱼),True,contango(+145.0元/月),83.3,,"(-1730, 1, 1290, 1)",A=420.0; B=-220.0; C=860.0; 理论B=(A+C)/2=640.0; 价差(理论-实际)=860.0; 主力价=431480; 比例%=0.1993; 同构性=同构; 最小腿OI=120; 盘口空隙=302跳/0.700%,,,,月差1 同构
2026-08-12 15:27:35,折角修复,kink,FG,FG612-FG701 | FG702-FG703 | FG704-FG705,做多B段(实际低于理论),0.001993,True,,True,contango(+18.0元/月),83.3,,"(2, 73, 3, 139)",A=5.5; B=2.5; C=3.0; 理论B=(A+C)/2=4.25; 价差(理论-实际)=1.75; 主力价=878; 比例%=0.1993; 同构性=同构; 最小腿OI=2003; 盘口空隙=1跳/0.114%,CZCE.SPD FG702&FG703,,,月差1 同构
2026-08-12 15:27:35,同构价差对比,kink,SN,sn2612-sn2701 | sn2701-sn2702 | sn2702-sn2703,做多B段(B低于插值),0.001993,False,低流动性(钓鱼),True,contango(+145.0元/月),83.3,,"(-1730, 1, 1290, 1)","A=420.0; B=-220.0; C=860.0; 理论B=(A+C)/2=640.0; 估值偏差(实际-理论)=-860.0; 比例%=0.1993; 归因=B即相邻月段; 同构=月差1,跨注销0,同构; 最小腿OI=120; 盘口空隙=302跳/0.700%",,,,"组共10段, 仅取紧邻三元组"
2026-08-12 15:27:35,折角修复,kink,CU,cu2610-cu2612 | cu2612-cu2702 | cu2702-cu2704,做多B段(实际低于理论),0.001984,False,低流动性(钓鱼),True,back(-154.3元/月),33.3,,"(-90, 1, 350, 1)",A=415.0; B=130.0; C=275.0; 理论B=(A+C)/2=345.0; 价差(理论-实际)=215.0; 主力价=108390; 比例%=0.1984; 同构性=同构; 最小腿OI=8907; 盘口空隙=44跳/0.406%,,,,月差2 同构
2026-08-12 15:27:35,同构价差对比,kink,CU,cu2610-cu2612 | cu2612-cu2702 | cu2702-cu2704,做多B段(B低于插值),0.001984,False,低流动性(钓鱼),True,back(-154.3元/月),33.3,,"(-90, 1, 350, 1)","A=415.0; B=130.0; C=275.0; 理论B=(A+C)/2=345.0; 估值偏差(实际-理论)=-215.0; 比例%=0.1984; 归因=cu2701-cu2702 低估-227.5(整段偏差-215.0的主要来源); 同构=月差2,跨注销0,同构; 最小腿OI=8907; 盘口空隙=44跳/0.406%",,,,"组共9段, 仅取紧邻三元组"
2026-08-12 15:27:35,折角修复,kink,SS,ss2608-ss2611 | ss2611-ss2702 | ss2702-ss2705,做空B段(实际高于理论),0.001978,False,低流动性(钓鱼),False,contango(+12.9元/月),66.7,,"(-55, 3, 30, 2)",A=-42.5; B=-12.5; C=-40.0; 理论B=(A+C)/2=-41.25; 价差(理论-实际)=-28.75; 主力价=14535; 比例%=0.1978; 同构性=同构; 最小腿OI=105; 盘口空隙=17跳/0.585%,,,,月差3 同构
2026-08-12 15:27:35,折角修复,kink,SM,SM612-SM702 | SM702-SM704 | SM704-SM706,做多B段(实际低于理论),0.001978,True,,True,contango(+13.1元/月),66.7,,"(-34, 8, -22, 22)",A=-21.0; B=-28.0; C=-12.0; 理论B=(A+C)/2=-16.5; 价差(理论-实际)=11.5; 主力价=5814; 比例%=0.1978; 同构性=同构; 最小腿OI=77; 盘口空隙=6跳/0.206%,CZCE.SPD SM702&SM704,,,月差2 同构
2026-08-12 15:27:35,同构价差对比,kink,SM,SM612-SM702 | SM702-SM704 | SM704-SM706,做多B段(B低于插值),0.001978,True,,True,contango(+13.1元/月),66.7,,"(-34, 8, -22, 22)","A=-21.0; B=-28.0; C=-12.0; 理论B=(A+C)/2=-16.5; 估值偏差(实际-理论)=-11.5; 比例%=0.1978; 归因=SM703-SM704 低估-10.5(整段偏差-11.5的主要来源); 同构=月差2,跨注销0,同构; 最小腿OI=77; 盘口空隙=6跳/0.206%",CZCE.SPD SM702&SM704,,,"组共8段, 仅取紧邻三元组"
2026-08-12 15:27:35,同构价差对比,kink,SH,SH610-SH612 | SH612-SH702 | SH702-SH704,做空B段(B高于插值),0.001971,False,低流动性(钓鱼),False,contango(+16.2元/月),0.0,,"(-48, 1, -39, 1)","A=-32.0; B=-43.5; C=-62.5; 理论B=(A+C)/2=-47.25; 估值偏差(实际-理论)=3.75; 比例%=0.1971; 归因=SH701-SH702 高估+7.2(整段偏差+3.8的主要来源); 同构=月差2,跨注销1,同构; 最小腿OI=860; 盘口空隙=9跳/0.473%",CZCE.SPD SH612&SH702,,,"组共4段, 仅取紧邻三元组"
2026-08-12 15:27:35,折角修复,kink,AG,ag2609-ag2611 | ag2701-ag2703 | ag2705-ag2707,做空B段(实际高于理论),0.001965,False,低流动性(钓鱼),False,contango(+13.9元/月),100.0,,"(-74, 1, 56, 1)",A=-55.5; B=-9.0; C=-26.0; 理论B=(A+C)/2=-40.75; 价差(理论-实际)=-31.75; 主力价=16154; 比例%=0.1965; 同构性=同构; 最小腿OI=1803; 盘口空隙=130跳/0.805%,,,,月差2 同构
2026-08-12 15:27:35,折角修复,kink,BR,br2611-br2701 | br2701-br2703 | br2703-br2705,做空B段(实际高于理论),0.001955,False,低流动性(钓鱼),False,back(-29.9元/月),33.3,,"(0, 1, 145, 1)",A=62.5; B=72.5; C=30.0; 理论B=(A+C)/2=46.25; 价差(理论-实际)=-26.25; 主力价=13425; 比例%=0.1955; 同构性=同构; 最小腿OI=31; 盘口空隙=29跳/1.080%,,,,月差2 同构
2026-08-12 15:27:35,同构价差对比,kink,BR,br2611-br2701 | br2701-br2703 | br2703-br2705,做空B段(B高于插值),0.001955,False,低流动性(钓鱼),False,back(-29.9元/月),33.3,,"(0, 1, 145, 1)","A=62.5; B=72.5; C=30.0; 理论B=(A+C)/2=46.25; 估值偏差(实际-理论)=26.25; 比例%=0.1955; 归因=br2702-br2703 高估+41.2(整段偏差+26.2的主要来源); 同构=月差2,跨注销1,同构; 最小腿OI=31; 盘口空隙=29跳/1.080%",,,,"组共9段, 仅取紧邻三元组"
2026-08-12 15:27:35,折角修复,kink,AO,ao2608-ao2610 | ao2610-ao2612 | ao2612-ao2702,做多B段(实际低于理论),0.001937,False,低流动性(钓鱼),False,contango(+14.3元/月),100.0,,"(-43, 1, -30, 1)",A=-27.5; B=-36.5; C=-35.0; 理论B=(A+C)/2=-31.25; 价差(理论-实际)=5.25; 主力价=2711; 比例%=0.1937; 同构性=同构; 最小腿OI=353; 盘口空隙=13跳/0.480%,,,,月差2 同构
2026-08-12 15:27:35,折角修复,kink,ZN,zn2608-zn2609 | zn2611-zn2612 | zn2702-zn2703,做空B段(实际高于理论),0.001933,True,,False,contango(+5.2元/月),100.0,,"(15, 3, 40, 1)",A=-60.0; B=27.5; C=15.0; 理论B=(A+C)/2=-22.5; 价差(理论-实际)=-50.0; 主力价=25870; 比例%=0.1933; 同构性=同构; 最小腿OI=819; 盘口空隙=5跳/0.097%,,,,月差1 同构
2026-08-12 15:27:35,折角修复,kink,SN,sn2608-sn2610 | sn2610-sn2612 | sn2612-sn2702,做空B段(实际高于理论),0.001929,True,,False,contango(+145.0元/月),83.3,,"(300, 1, 970, 1)",A=-595.0; B=635.0; C=200.0; 理论B=(A+C)/2=-197.5; 价差(理论-实际)=-832.5; 主力价=431480; 比例%=0.1929; 同构性=同构; 最小腿OI=305; 盘口空隙=67跳/0.155%,,,,月差2 同构
2026-08-12 15:27:35,折角修复,kink,RB,rb2610-rb2611 | rb2612-rb2701 | rb2702-rb2703,做多B段(实际低于理论),0.00191,False,低流动性(钓鱼),False,contango(+10.4元/月),66.7,,"(-20, 1, -4, 1)",A=-6.5; B=-12.0; C=-6.0; 理论B=(A+C)/2=-6.25; 价差(理论-实际)=5.75; 主力价=3010; 比例%=0.191; 同构性=同构; 最小腿OI=520; 盘口空隙=16跳/0.532%,,,,月差1 同构
2026-08-12 15:27:35,同构价差对比,kink,RB,rb2609-rb2612 | rb2612-rb2703 | rb2703-rb2706,做空B段(B高于插值),0.00191,False,低流动性(钓鱼),False,contango(+10.4元/月),66.7,,"(-38, 1, -20, 1)","A=-42.0; B=-29.0; C=-27.5; 理论B=(A+C)/2=-34.75; 估值偏差(实际-理论)=5.75; 比例%=0.191; 归因=rb2702-rb2703 高估+6.0(整段偏差+5.8的主要来源); 同构=月差3,跨注销2,同构; 最小腿OI=276; 盘口空隙=18跳/0.598%",,,,"组共8段, 仅取紧邻三元组"
2026-08-12 15:27:35,折角修复,kink,AL,al2611-al2612 | al2702-al2703 | al2705-al2706,做空B段(实际高于理论),0.001904,False,低流动性(钓鱼),False,back(-15.5元/月),83.3,,"(-125, 1, 215, 1)",A=25.0; B=45.0; C=-27.5; 理论B=(A+C)/2=-1.25; 价差(理论-实际)=-46.25; 主力价=24285; 比例%=0.1904; 同构性=同构; 最小腿OI=1371; 盘口空隙=68跳/1.400%,,,,月差1 同构
2026-08-12 15:27:35,折角修复,kink,SC,sc2611-sc2612 | sc2702-sc2703 | sc2705-sc2706,做空B段(实际高于理论),0.001902,False,低流动性(钓鱼),False,back(-4.1元/月),28.6,,"(-5.4, 1, 13.4, 1)",A=4.0; B=4.0; C=1.9; 理论B=(A+C)/2=2.95; 价差(理论-实际)=-1.05; 主力价=552.1; 比例%=0.1902; 同构性=同构; 最小腿OI=130; 盘口空隙=188跳/3.405%,,,,月差1 同构
2026-08-12 15:27:35,同构价差对比,kink,SM,SM610-SM701 | SM701-SM704 | SM704-SM707,做多B段(B低于插值),0.001892,True,,True,contango(+13.1元/月),66.7,,"(-44, 1, -28, 16)","A=-59.0; B=-36.0; C=9.0; 理论B=(A+C)/2=-25.0; 估值偏差(实际-理论)=-11.0; 比例%=0.1892; 归因=SM702-SM703 低估-18.0(整段偏差-11.0的主要来源); 同构=月差3,跨注销0,非同构(near/none/none,结构有利,插值为保守下限); 最小腿OI=84; 盘口空隙=8跳/0.275%",CZCE.SPD SM701&SM704,,,"组共7段, 仅取紧邻三元组"
2026-08-12 15:27:35,折角修复,kink,AG,ag2608-ag2611 | ag2612-ag2703 | ag2704-ag2707,做空B段(实际高于理论),0.001888,False,低流动性(钓鱼),False,contango(+13.9元/月),100.0,,"(-85, 1, 37, 1)",A=-65.0; B=-24.0; C=-44.0; 理论B=(A+C)/2=-54.5; 价差(理论-实际)=-30.5; 主力价=16154; 比例%=0.1888; 同构性=同构; 最小腿OI=1803; 盘口空隙=122跳/0.755%,,,,月差3 同构
2026-08-12 15:27:35,折角修复,kink,PX,PX703-PX704 | PX704-PX705 | PX705-PX706,做多B段(实际低于理论),0.001882,True,,True,back(-44.1元/月),0.0,,"(8, 2, 20, 2)","A=32.0; B=14.0; C=26.0; 理论B=(A+C)/2=29.0; 价差(理论-实际)=15.0; 主力价=7970; 比例%=0.1882; 同构性=非同构(near/far/near,结构有利,插值为保守下限); 最小腿OI=19; 盘口空隙=6跳/0.151%",CZCE.SPD PX704&PX705,,,月差1 非同构-结构有利
2026-08-12 15:27:35,同构价差对比,kink,PX,PX703-PX704 | PX704-PX705 | PX705-PX706,做多B段(B低于插值),0.001882,True,,True,back(-44.1元/月),0.0,,"(8, 2, 20, 2)","A=32.0; B=14.0; C=26.0; 理论B=(A+C)/2=29.0; 估值偏差(实际-理论)=-15.0; 比例%=0.1882; 归因=B即相邻月段; 同构=月差1,跨注销0,非同构(near/far/near,结构有利,插值为保守下限); 最小腿OI=19; 盘口空隙=6跳/0.151%",CZCE.SPD PX704&PX705,,,"组共10段, 仅取紧邻三元组"
2026-08-12 15:27:35,折角修复,kink,RR,rr2612-rr2702 | rr2702-rr2704 | rr2704-rr2706,做多B段(实际低于理论),0.001863,True,,False,back(-25.9元/月),0.0,,"(-14, 1, -8, 1)",A=-7.5; B=-11.0; C=-1.0; 理论B=(A+C)/2=-4.25; 价差(理论-实际)=6.75; 主力价=3624; 比例%=0.1863; 同构性=同构; 最小腿OI=10; 盘口空隙=6跳/0.166%,DCE.SP rr2702&rr2704,,,月差2 同构
2026-08-12 15:27:35,同构价差对比,kink,RR,rr2612-rr2702 | rr2702-rr2704 | rr2704-rr2706,做多B段(B低于插值),0.001863,True,,False,back(-25.9元/月),0.0,,"(-14, 1, -8, 1)","A=-7.5; B=-11.0; C=-1.0; 理论B=(A+C)/2=-4.25; 估值偏差(实际-理论)=-6.75; 比例%=0.1863; 归因=rr2702-rr2703 低估-4.5(整段偏差-6.8的主要来源); 同构=月差2,跨注销1,同构; 最小腿OI=10; 盘口空隙=6跳/0.166%",DCE.SP rr2702&rr2704,,,"组共8段, 仅取紧邻三元组"
2026-08-12 15:27:35,折角修复,kink,SN,sn2610-sn2611 | sn2702-sn2703 | sn2706-sn2707,做空B段(实际高于理论),0.001854,False,低流动性(钓鱼),False,contango(+145.0元/月),83.3,,"(-450, 1, 2170, 2)",A=395.0; B=860.0; C=-275.0; 理论B=(A+C)/2=60.0; 价差(理论-实际)=-800.0; 主力价=431480; 比例%=0.1854; 同构性=同构; 最小腿OI=17; 盘口空隙=262跳/0.607%,,,,月差1 同构
2026-08-12 15:27:35,折角修复,kink,AL,al2611-al2612 | al2701-al2702 | al2703-al2704,做多B段(实际低于理论),0.001853,False,低流动性(钓鱼),True,back(-15.5元/月),83.3,,"(-125, 1, 20, 1)",A=25.0; B=-52.5; C=-40.0; 理论B=(A+C)/2=-7.5; 价差(理论-实际)=45.0; 主力价=24285; 比例%=0.1853; 同构性=同构; 最小腿OI=3468; 盘口空隙=29跳/0.597%,,,,月差1 同构
2026-08-12 15:27:35,同构价差对比,kink,PG,pg2704-pg2705 | pg2705-pg2706 | pg2706-pg2707,做多B段(B低于插值),0.001846,True,,True,back(-100.9元/月),16.7,,"(86, 6, 89, 3)","A=125.5; B=87.5; C=69.5; 理论B=(A+C)/2=97.5; 估值偏差(实际-理论)=-10.0; 比例%=0.1846; 归因=B即相邻月段; 同构=月差1,跨注销0,同构; 最小腿OI=11; 盘口空隙=3跳/0.055%",DCE.SP pg2705&pg2706,,,"组共10段, 仅取紧邻三元组"
2026-08-12 15:27:35,折角修复,kink,NR,nr2702-nr2703 | nr2704-nr2705 | nr2706-nr2707,做多B段(实际低于理论),0.001845,False,低流动性(钓鱼),False,contango(+68.5元/月),50.0,,"(-165, 1, 115, 1)",A=-7.5; B=-25.0; C=12.5; 理论B=(A+C)/2=2.5; 价差(理论-实际)=27.5; 主力价=14905; 比例%=0.1845; 同构性=同构; 最小腿OI=2; 盘口空隙=56跳/1.879%,,,,月差1 同构
2026-08-12 15:27:35,同构价差对比,kink,BZ,bz2611-bz2612 | bz2612-bz2701 | bz2701-bz2702,做多B段(B低于插值),0.001834,True,,False,back(-118.2元/月),,,"(47, 1, 50, 1)","A=90.0; B=48.5; C=33.5; 理论B=(A+C)/2=61.75; 估值偏差(实际-理论)=-13.25; 比例%=0.1834; 归因=B即相邻月段; 同构=月差1,跨注销0,同构; 最小腿OI=601; 盘口空隙=3跳/0.042%",DCE.SP bz2612&bz2701,,,"组共10段, 仅取紧邻三元组"
2026-08-12 15:27:35,折角修复,kink,PL,PL702-PL703 | PL704-PL705 | PL706-PL707,做多B段(实际低于理论),0.001833,True,,True,back(-222.0元/月),,,"(15, 4, 34, 1)",A=45.5; B=24.5; C=30.5; 理论B=(A+C)/2=38.0; 价差(理论-实际)=13.5; 主力价=7366; 比例%=0.1833; 同构性=同构; 最小腿OI=6; 盘口空隙=19跳/0.258%,CZCE.SPD PL704&PL705,,,月差1 同构
2026-08-12 15:27:35,同构价差对比,kink,PX,PX611-PX701 | PX701-PX703 | PX703-PX705,做空B段(B高于插值),0.001819,False,低流动性(钓鱼),False,back(-44.1元/月),0.0,,"(64, 1, 90, 1)","A=87.0; B=77.0; C=38.0; 理论B=(A+C)/2=62.5; 估值偏差(实际-理论)=14.5; 比例%=0.1819; 归因=PX702-PX703 高估+8.5(整段偏差+14.5的主要来源); 同构=月差2,跨注销0,同构; 最小腿OI=29; 盘口空隙=13跳/0.326%",CZCE.SPD PX701&PX703,,,"组共5段, 仅取紧邻三元组"
2026-08-12 15:27:35,折角修复,kink,SM,SM701-SM702 | SM703-SM704 | SM705-SM706,做多B段(实际低于理论),0.001806,True,,True,contango(+13.1元/月),66.7,,"(-14, 1, -8, 2)",A=-11.0; B=-11.0; C=10.0; 理论B=(A+C)/2=-0.5; 价差(理论-实际)=10.5; 主力价=5814; 比例%=0.1806; 同构性=同构; 最小腿OI=77; 盘口空隙=3跳/0.103%,CZCE.SPD SM703&SM704,,,月差1 同构
2026-08-12 15:27:35,同构价差对比,kink,P,p2612-p2701 | p2701-p2702 | p2702-p2703,做空B段(B高于插值),0.001806,True,,False,contango(+67.9元/月),100.0,,"(-59, 1, -57, 8)","A=-102.0; B=-58.0; C=-49.0; 理论B=(A+C)/2=-75.5; 估值偏差(实际-理论)=17.5; 比例%=0.1806; 归因=B即相邻月段; 同构=月差1,跨注销0,同构; 最小腿OI=2749; 盘口空隙=2跳/0.021%",DCE.SP p2701&p2702,,,"组共10段, 仅取紧邻三元组"
2026-08-12 15:27:35,同构价差对比,kink,LU,lu2610-lu2611 | lu2611-lu2612 | lu2612-lu2701,做多B段(B低于插值),0.001806,False,低流动性(钓鱼),True,back(-161.9元/月),16.7,,"(154, 1, 171, 1)","A=193.5; B=162.5; C=148.5; 理论B=(A+C)/2=171.0; 估值偏差(实际-理论)=-8.5; 比例%=0.1806; 归因=B即相邻月段; 同构=月差1,跨注销0,非同构(none/far/near,结构有利,插值为保守下限); 最小腿OI=1645; 盘口空隙=17跳/0.361%",,,,"组共11段, 仅取紧邻三元组"
2026-08-12 15:27:35,折角修复,kink,SN,sn2608-sn2609 | sn2612-sn2701 | sn2704-sn2705,做空B段(实际高于理论),0.001802,False,低流动性(钓鱼),False,contango(+145.0元/月),83.3,,"(-430, 1, 1270, 1)",A=-285.0; B=420.0; C=-430.0; 理论B=(A+C)/2=-357.5; 价差(理论-实际)=-777.5; 主力价=431480; 比例%=0.1802; 同构性=同构; 最小腿OI=44; 盘口空隙=170跳/0.394%,,,,月差1 同构
2026-08-12 15:27:35,折角修复,kink,AD,ad2609-ad2610 | ad2701-ad2702 | ad2705-ad2706,做多B段(实际低于理论),0.001797,False,低流动性(钓鱼),False,contango(+60.4元/月),,,"(-465, 1, 295, 1)",A=-75.0; B=-85.0; C=-10.0; 理论B=(A+C)/2=-42.5; 价差(理论-实际)=42.5; 主力价=23645; 比例%=0.1797; 同构性=同构; 最小腿OI=5; 盘口空隙=152跳/3.214%,,,,月差1 同构
2026-08-12 15:27:35,折角修复,kink,ZN,zn2703-zn2704 | zn2704-zn2705 | zn2705-zn2706,做空B段(实际高于理论),0.001788,False,低流动性(钓鱼),False,contango(+5.2元/月),100.0,,"(-85, 2, 205, 2)",A=10.0; B=60.0; C=17.5; 理论B=(A+C)/2=13.75; 价差(理论-实际)=-46.25; 主力价=25870; 比例%=0.1788; 同构性=同构; 最小腿OI=93; 盘口空隙=58跳/1.121%,,,,月差1 同构
2026-08-12 15:27:35,同构价差对比,kink,ZN,zn2703-zn2704 | zn2704-zn2705 | zn2705-zn2706,做空B段(B高于插值),0.001788,False,低流动性(钓鱼),False,contango(+5.2元/月),100.0,,"(-85, 2, 205, 2)","A=10.0; B=60.0; C=17.5; 理论B=(A+C)/2=13.75; 估值偏差(实际-理论)=46.25; 比例%=0.1788; 归因=B即相邻月段; 同构=月差1,跨注销0,同构; 最小腿OI=93; 盘口空隙=58跳/1.121%",,,,"组共10段, 仅取紧邻三元组"
2026-08-12 15:27:35,注销后首月溢价,spread,FB,fb2610-fb2611,做多价差(买注销后首月卖次月),0.00178,False,低流动性(钓鱼),True,分歧(-6.6元/月),40.0,80.0,"(-10.5, 1, 6.0, 1)","注销月=fb2609; 价差=-2.25; 期限斜率t=0.79; 仓单佐证=逆风(同期分位80%,当前110); 最小腿OI=7987; 盘口空隙=33跳/1.303%",DCE.SP fb2610&fb2611,,,
2026-08-12 15:27:35,折角修复,kink,JM,jm2702-jm2703 | jm2704-jm2705 | jm2706-jm2707,做空B段(实际高于理论),0.001778,True,,False,contango(+28.4元/月),100.0,,"(6.5, 9, 8.0, 6)",A=7.25; B=7.25; C=2.0; 理论B=(A+C)/2=4.62; 价差(理论-实际)=-2.62; 主力价=1476.0; 比例%=0.1778; 同构性=同构; 最小腿OI=50; 盘口空隙=3跳/0.102%,DCE.SP jm2704&jm2705,,,月差1 同构
2026-08-12 15:27:35,注销后首月溢价,spread,CS,cs2701-cs2703,做多价差(买注销后首月卖次月),0.001771,True,,True,分歧(-1.0元/月),66.7,100.0,"(-5, 212, -4, 3)","注销月=cs2611; 价差=-4.5; 期限斜率t=1.27; 注销段=远腿3月=注销月,本段结构性偏高(效应段在下一段); 仓单佐证=逆风(同期分位100%,当前7500); 最小腿OI=23418; 盘口空隙=1跳/0.040%",DCE.SP cs2701&cs2703,,,
2026-08-12 15:27:35,同构价差对比,kink,BR,br2612-br2701 | br2701-br2702 | br2702-br2703,做多B段(B低于插值),0.001769,False,低流动性(钓鱼),False,back(-29.9元/月),33.3,,"(-125, 1, 140, 1)","A=-2.5; B=7.5; C=65.0; 理论B=(A+C)/2=31.25; 估值偏差(实际-理论)=-23.75; 比例%=0.1769; 归因=B即相邻月段; 同构=月差1,跨注销0,同构; 最小腿OI=31; 盘口空隙=53跳/1.974%",,,,"组共10段, 仅取紧邻三元组"
2026-08-12 15:27:35,折角修复,kink,P,p2610-p2611 | p2701-p2702 | p2704-p2705,做多B段(实际低于理论),0.001754,True,,False,contango(+67.9元/月),100.0,,"(-59, 1, -57, 8)",A=-52.0; B=-58.0; C=-30.0; 理论B=(A+C)/2=-41.0; 价差(理论-实际)=17.0; 主力价=9691; 比例%=0.1754; 同构性=同构; 最小腿OI=268; 盘口空隙=2跳/0.021%,DCE.SP p2701&p2702,,,月差1 同构
2026-08-12 15:27:35,折角修复,kink,RB,rb2610-rb2611 | rb2611-rb2612 | rb2612-rb2701,做多B段(实际低于理论),0.001744,False,低流动性(钓鱼),False,contango(+10.4元/月),66.7,,"(-23, 1, -6, 1)",A=-6.5; B=-14.5; C=-12.0; 理论B=(A+C)/2=-9.25; 价差(理论-实际)=5.25; 主力价=3010; 比例%=0.1744; 同构性=同构; 最小腿OI=3110; 盘口空隙=17跳/0.565%,,,,月差1 同构
2026-08-12 15:27:35,折角修复,kink,RB,rb2611-rb2701 | rb2701-rb2703 | rb2703-rb2705,做空B段(实际高于理论),0.001744,True,,False,contango(+10.4元/月),66.7,,"(-19, 30, -15, 13)",A=-26.5; B=-17.0; C=-18.0; 理论B=(A+C)/2=-22.25; 价差(理论-实际)=-5.25; 主力价=3010; 比例%=0.1744; 同构性=同构; 最小腿OI=23465; 盘口空隙=4跳/0.133%,,,,月差2 同构
2026-08-12 15:27:35,同构价差对比,kink,RB,rb2610-rb2611 | rb2611-rb2612 | rb2612-rb2701,做多B段(B低于插值),0.001744,False,低流动性(钓鱼),False,contango(+10.4元/月),66.7,,"(-23, 1, -6, 1)","A=-6.5; B=-14.5; C=-12.0; 理论B=(A+C)/2=-9.25; 估值偏差(实际-理论)=-5.25; 比例%=0.1744; 归因=B即相邻月段; 同构=月差1,跨注销0,同构; 最小腿OI=3110; 盘口空隙=17跳/0.565%",,,,"组共10段, 仅取紧邻三元组"
2026-08-12 15:27:35,同构价差对比,kink,RB,rb2611-rb2701 | rb2701-rb2703 | rb2703-rb2705,做空B段(B高于插值),0.001744,True,,False,contango(+10.4元/月),66.7,,"(-19, 30, -15, 13)","A=-26.5; B=-17.0; C=-18.0; 理论B=(A+C)/2=-22.25; 估值偏差(实际-理论)=5.25; 比例%=0.1744; 归因=rb2702-rb2703 高估+3.5(整段偏差+5.2的主要来源); 同构=月差2,跨注销1,同构; 最小腿OI=23465; 盘口空隙=4跳/0.133%",,,,"组共9段, 仅取紧邻三元组"
2026-08-12 15:27:35,同构价差对比,kink,P,p2611-p2612 | p2612-p2701 | p2701-p2702,做多B段(B低于插值),0.001728,True,,False,contango(+67.9元/月),100.0,,"(-103, 5, -101, 1)","A=-112.5; B=-102.0; C=-58.0; 理论B=(A+C)/2=-85.25; 估值偏差(实际-理论)=-16.75; 比例%=0.1728; 归因=B即相邻月段; 同构=月差1,跨注销0,同构; 最小腿OI=25304; 盘口空隙=2跳/0.021%",DCE.SP p2612&p2701,,,"组共10段, 仅取紧邻三元组"
2026-08-12 15:27:35,折角修复,kink,PB,pb2610-pb2611 | pb2611-pb2612 | pb2612-pb2701,做空B段(实际高于理论),0.001727,False,低流动性(钓鱼),False,contango(+20.5元/月),83.3,,"(-50, 1, 30, 3)",A=-22.5; B=-10.0; C=-52.5; 理论B=(A+C)/2=-37.5; 价差(理论-实际)=-27.5; 主力价=15925; 比例%=0.1727; 同构性=同构; 最小腿OI=291; 盘口空隙=16跳/0.502%,,,,月差1 同构
2026-08-12 15:27:35,折角修复,kink,PB,pb2609-pb2611 | pb2612-pb2702 | pb2703-pb2705,做多B段(实际低于理论),0.001727,False,低流动性(钓鱼),True,contango(+20.5元/月),83.3,,"(-95, 1, -20, 1)",A=-42.5; B=-57.5; C=-17.5; 理论B=(A+C)/2=-30.0; 价差(理论-实际)=27.5; 主力价=15925; 比例%=0.1727; 同构性=同构; 最小腿OI=29; 盘口空隙=15跳/0.471%,,,,月差2 同构
2026-08-12 15:27:35,同构价差对比,kink,PB,pb2610-pb2611 | pb2611-pb2612 | pb2612-pb2701,做空B段(B高于插值),0.001727,False,低流动性(钓鱼),False,contango(+20.5元/月),83.3,,"(-50, 1, 30, 3)","A=-22.5; B=-10.0; C=-52.5; 理论B=(A+C)/2=-37.5; 估值偏差(实际-理论)=27.5; 比例%=0.1727; 归因=B即相邻月段; 同构=月差1,跨注销0,同构; 最小腿OI=291; 盘口空隙=16跳/0.502%",,,,"组共10段, 仅取紧邻三元组"
2026-08-12 15:27:35,折角修复,kink,FG,FG610-FG611 | FG702-FG703 | FG706-FG707,做多B段(实际低于理论),0.001708,True,,True,contango(+18.0元/月),83.3,,"(2, 73, 3, 139)",A=2.5; B=2.5; C=5.5; 理论B=(A+C)/2=4.0; 价差(理论-实际)=1.5; 主力价=878; 比例%=0.1708; 同构性=同构; 最小腿OI=1738; 盘口空隙=1跳/0.114%,CZCE.SPD FG702&FG703,,,月差1 同构
2026-08-12 15:27:35,同构价差对比,kink,EB,eb2609-eb2611 | eb2611-eb2701 | eb2701-eb2703,做空B段(B高于插值),0.001706,True,,False,back(-111.7元/月),33.3,,"(197, 2, 199, 180)","A=275.5; B=198.0; C=92.5; 理论B=(A+C)/2=184.0; 估值偏差(实际-理论)=14.0; 比例%=0.1706; 归因=eb2611-eb2612 高估+14.8(整段偏差+14.0的主要来源); 同构=月差2,跨注销1,同构; 最小腿OI=515; 盘口空隙=2跳/0.024%",DCE.SP eb2611&eb2701,,,"组共9段, 仅取紧邻三元组"
2026-08-12 15:27:35,同构价差对比,kink,P,p2610-p2701 | p2701-p2704 | p2704-p2707,做多B段(B低于插值),0.001703,False,低流动性(钓鱼),False,contango(+67.9元/月),100.0,,"(-164, 2, -129, 2)","A=-268.0; B=-146.5; C=8.0; 理论B=(A+C)/2=-130.0; 估值偏差(实际-理论)=-16.5; 比例%=0.1703; 归因=p2701-p2702 低估-17.0(整段偏差-16.5的主要来源); 同构=月差3,跨注销2,同构; 最小腿OI=131; 盘口空隙=35跳/0.361%",,,,"组共8段, 仅取紧邻三元组"
2026-08-12 15:27:35,波动传递,butterfly,V,v2704-v2705-v2706,前段波动显著高于后段(传递观察),0.0017,True,,False,contango(+44.0元/月),66.7,,,前段20日波动=16.26; 后段20日波动=7.85; 归一差=0.0017; 最小腿OI=617; 盘口空隙=3跳/0.066%,,,,
2026-08-12 15:27:35,折角修复,kink,PX,PX702-PX703 | PX704-PX705 | PX706-PX707,做多B段(实际低于理论),0.001694,True,,True,back(-44.1元/月),0.0,,"(8, 2, 20, 2)",A=40.0; B=14.0; C=15.0; 理论B=(A+C)/2=27.5; 价差(理论-实际)=13.5; 主力价=7970; 比例%=0.1694; 同构性=同构; 最小腿OI=9; 盘口空隙=6跳/0.151%,CZCE.SPD PX704&PX705,,,月差1 同构
2026-08-12 15:27:35,折角修复,kink,ZN,zn2611-zn2701 | zn2702-zn2704 | zn2705-zn2707,做多B段(实际低于理论),0.001691,False,低流动性(钓鱼),True,contango(+5.2元/月),100.0,,"(-160, 2, 210, 2)",A=75.0; B=25.0; C=62.5; 理论B=(A+C)/2=68.75; 价差(理论-实际)=43.75; 主力价=25870; 比例%=0.1691; 同构性=同构; 最小腿OI=87; 盘口空隙=74跳/1.430%,,,,月差2 同构
2026-08-12 15:27:35,折角修复,kink,CU,cu2609-cu2611 | cu2611-cu2701 | cu2701-cu2703,做空B段(实际高于理论),0.001684,False,低流动性(钓鱼),False,back(-154.3元/月),33.3,,"(250, 1, 590, 1)",A=365.0; B=420.0; C=110.0; 理论B=(A+C)/2=237.5; 价差(理论-实际)=-182.5; 主力价=108390; 比例%=0.1684; 同构性=同构; 最小腿OI=17370; 盘口空隙=34跳/0.314%,,,,月差2 同构
2026-08-12 15:27:35,同构价差对比,kink,CU,cu2609-cu2611 | cu2611-cu2701 | cu2701-cu2703,做空B段(B高于插值),0.001684,False,低流动性(钓鱼),False,back(-154.3元/月),33.3,,"(250, 1, 590, 1)","A=365.0; B=420.0; C=110.0; 理论B=(A+C)/2=237.5; 估值偏差(实际-理论)=182.5; 比例%=0.1684; 归因=cu2611-cu2612 高估+170.0(整段偏差+182.5的主要来源); 同构=月差2,跨注销0,同构; 最小腿OI=17370; 盘口空隙=34跳/0.314%",,,,"组共9段, 仅取紧邻三元组"
2026-08-12 15:27:35,折角修复,kink,SN,sn2702-sn2703 | sn2704-sn2705 | sn2706-sn2707,做多B段(实际低于理论),0.001674,False,低流动性(钓鱼),True,contango(+145.0元/月),83.3,,"(-1730, 1, 870, 1)",A=860.0; B=-430.0; C=-275.0; 理论B=(A+C)/2=292.5; 价差(理论-实际)=722.5; 主力价=431480; 比例%=0.1674; 同构性=同构; 最小腿OI=17; 盘口空隙=260跳/0.603%,,,,月差1 同构
2026-08-12 15:27:35,折角修复,kink,PT,pt2612-pt2702 | pt2702-pt2704 | pt2704-pt2706,做空B段(实际高于理论),0.001666,False,低流动性(钓鱼),False,contango(+1.2元/月),,,"(-9.85, 1, 5.85, 1)",A=-2.325; B=-2.0; C=-3.125; 理论B=(A+C)/2=-2.73; 价差(理论-实际)=-0.73; 主力价=435.05; 比例%=0.1666; 同构性=同构; 最小腿OI=27; 盘口空隙=314跳/3.609%,,,,月差2 同构
2026-08-12 15:27:35,同构价差对比,kink,PT,pt2612-pt2702 | pt2702-pt2704 | pt2704-pt2706,做空B段(B高于插值),0.001666,False,低流动性(钓鱼),False,contango(+1.2元/月),,,"(-9.85, 1, 5.85, 1)","A=-2.325; B=-2.0; C=-3.125; 理论B=(A+C)/2=-2.73; 估值偏差(实际-理论)=0.73; 比例%=0.1666; 归因=B即相邻月段; 同构=月差2,跨注销0,同构; 最小腿OI=27; 盘口空隙=314跳/3.609%",,,,"组共4段, 仅取紧邻三元组"
2026-08-12 15:27:35,折角修复,kink,CU,cu2609-cu2610 | cu2701-cu2702 | cu2705-cu2706,做多B段(实际低于理论),0.001661,False,低流动性(钓鱼),True,back(-154.3元/月),33.3,,"(-330, 1, 210, 1)",A=180.0; B=-60.0; C=60.0; 理论B=(A+C)/2=120.0; 价差(理论-实际)=180.0; 主力价=108390; 比例%=0.1661; 同构性=同构; 最小腿OI=4435; 盘口空隙=54跳/0.498%,,,,月差1 同构
2026-08-12 15:27:35,折角修复,kink,RB,rb2701-rb2702 | rb2702-rb2703 | rb2703-rb2704,做空B段(实际高于理论),0.001661,False,低流动性(钓鱼),False,contango(+10.4元/月),66.7,,"(-11, 2, -1, 2)",A=-11.0; B=-6.0; C=-11.0; 理论B=(A+C)/2=-11.0; 价差(理论-实际)=-5.0; 主力价=3010; 比例%=0.1661; 同构性=同构; 最小腿OI=520; 盘口空隙=10跳/0.332%,,,,月差1 同构
2026-08-12 15:27:35,同构价差对比,kink,RB,rb2701-rb2702 | rb2702-rb2703 | rb2703-rb2704,做空B段(B高于插值),0.001661,False,低流动性(钓鱼),False,contango(+10.4元/月),66.7,,"(-11, 2, -1, 2)","A=-11.0; B=-6.0; C=-11.0; 理论B=(A+C)/2=-11.0; 估值偏差(实际-理论)=5.0; 比例%=0.1661; 归因=B即相邻月段; 同构=月差1,跨注销0,同构; 最小腿OI=520; 盘口空隙=10跳/0.332%",,,,"组共10段, 仅取紧邻三元组"
2026-08-12 15:27:35,折角修复,kink,AO,ao2610-ao2611 | ao2611-ao2612 | ao2612-ao2701,做空B段(实际高于理论),0.00166,False,低流动性(钓鱼),False,contango(+14.3元/月),100.0,,"(-22, 1, -8, 1)",A=-21.5; B=-15.0; C=-17.5; 理论B=(A+C)/2=-19.5; 价差(理论-实际)=-4.5; 主力价=2711; 比例%=0.166; 同构性=同构; 最小腿OI=23048; 盘口空隙=14跳/0.516%,,,,月差1 同构
2026-08-12 15:27:35,同构价差对比,kink,AO,ao2610-ao2611 | ao2611-ao2612 | ao2612-ao2701,做空B段(B高于插值),0.00166,False,低流动性(钓鱼),False,contango(+14.3元/月),100.0,,"(-22, 1, -8, 1)","A=-21.5; B=-15.0; C=-17.5; 理论B=(A+C)/2=-19.5; 估值偏差(实际-理论)=4.5; 比例%=0.166; 归因=B即相邻月段; 同构=月差1,跨注销0,同构; 最小腿OI=23048; 盘口空隙=14跳/0.516%",,,,"组共10段, 仅取紧邻三元组"
2026-08-12 15:27:35,同构价差对比,kink,LG,lg2609-lg2611 | lg2611-lg2701 | lg2701-lg2703,做空B段(B高于插值),0.001659,True,,False,back(-0.8元/月),,,"(2.5, 3, 3.5, 1)","A=3.25; B=3.0; C=0.0; 理论B=(A+C)/2=1.62; 估值偏差(实际-理论)=1.38; 比例%=0.1659; 归因=B即相邻月段; 同构=月差2,跨注销1,同构; 最小腿OI=2615; 盘口空隙=2跳/0.121%",DCE.SP lg2611&lg2701,,,"组共5段, 仅取紧邻三元组"
2026-08-12 15:27:35,折角修复,kink,BC,bc2612-bc2701 | bc2701-bc2702 | bc2702-bc2703,做空B段(实际高于理论),0.001657,False,低流动性(钓鱼),False,back(-159.1元/月),0.0,,"(-2110, 1, 2230, 1)",A=45.0; B=60.0; C=-245.0; 理论B=(A+C)/2=-100.0; 价差(理论-实际)=-160.0; 主力价=96570; 比例%=0.1657; 同构性=同构; 最小腿OI=1; 盘口空隙=434跳/4.494%,,,,月差1 同构
2026-08-12 15:27:35,同构价差对比,kink,BC,bc2612-bc2701 | bc2701-bc2702 | bc2702-bc2703,做空B段(B高于插值),0.001657,False,低流动性(钓鱼),False,back(-159.1元/月),0.0,,"(-2110, 1, 2230, 1)","A=45.0; B=60.0; C=-245.0; 理论B=(A+C)/2=-100.0; 估值偏差(实际-理论)=160.0; 比例%=0.1657; 归因=B即相邻月段; 同构=月差1,跨注销0,同构; 最小腿OI=1; 盘口空隙=434跳/4.494%",,,,"组共10段, 仅取紧邻三元组"
2026-08-12 15:27:35,同构价差对比,kink,V,v2704-v2705 | v2705-v2706 | v2706-v2707,做空B段(B高于插值),0.001656,True,,False,contango(+44.0元/月),66.7,,"(-16, 18, -15, 11)","A=-33.0; B=-15.5; C=-13.0; 理论B=(A+C)/2=-23.0; 估值偏差(实际-理论)=7.5; 比例%=0.1656; 归因=B即相邻月段; 同构=月差1,跨注销0,同构; 最小腿OI=333; 盘口空隙=1跳/0.022%",DCE.SP v2705&v2706,,,"组共10段, 仅取紧邻三元组"
2026-08-12 15:27:35,同构价差对比,kink,P,p2703-p2704 | p2704-p2705 | p2705-p2706,做多B段(B低于插值),0.001651,True,,False,contango(+67.9元/月),100.0,,"(-35, 2, -25, 4)","A=-45.5; B=-30.0; C=17.5; 理论B=(A+C)/2=-14.0; 估值偏差(实际-理论)=-16.0; 比例%=0.1651; 归因=B即相邻月段; 同构=月差1,跨注销0,同构; 最小腿OI=107; 盘口空隙=10跳/0.103%",DCE.SP p2704&p2705,,,"组共10段, 仅取紧邻三元组"
2026-08-12 15:27:35,折角修复,kink,PB,pb2612-pb2701 | pb2702-pb2703 | pb2704-pb2705,做空B段(实际高于理论),0.001648,True,,False,contango(+20.5元/月),83.3,,"(-15, 1, 10, 1)",A=-52.5; B=-2.5; C=-5.0; 理论B=(A+C)/2=-28.75; 价差(理论-实际)=-26.25; 主力价=15925; 比例%=0.1648; 同构性=同构; 最小腿OI=29; 盘口空隙=5跳/0.157%,,,,月差1 同构
2026-08-12 15:27:35,折角修复,kink,PB,pb2609-pb2612 | pb2612-pb2703 | pb2703-pb2706,做多B段(实际低于理论),0.001648,False,低流动性(钓鱼),True,contango(+20.5元/月),83.3,,"(-95, 1, -25, 1)",A=-52.5; B=-60.0; C=-15.0; 理论B=(A+C)/2=-33.75; 价差(理论-实际)=26.25; 主力价=15925; 比例%=0.1648; 同构性=同构; 最小腿OI=31; 盘口空隙=14跳/0.440%,,,,月差3 同构
2026-08-12 15:27:35,同构价差对比,kink,PB,pb2609-pb2612 | pb2612-pb2703 | pb2703-pb2706,做多B段(B低于插值),0.001648,False,低流动性(钓鱼),True,contango(+20.5元/月),83.3,,"(-95, 1, -25, 1)","A=-52.5; B=-60.0; C=-15.0; 理论B=(A+C)/2=-33.75; 估值偏差(实际-理论)=-26.25; 比例%=0.1648; 归因=pb2612-pb2701 低估-36.2(整段偏差-26.2的主要来源); 同构=月差3,跨注销0,同构; 最小腿OI=31; 盘口空隙=14跳/0.440%",,,,"组共8段, 仅取紧邻三元组"
2026-08-12 15:27:35,折角修复,kink,SS,ss2610-ss2611 | ss2611-ss2612 | ss2612-ss2701,做多B段(实际低于理论),0.001634,True,,False,contango(+12.9元/月),66.7,,"(-30, 1, -5, 3)",A=2.5; B=-17.5; C=10.0; 理论B=(A+C)/2=6.25; 价差(理论-实际)=23.75; 主力价=14535; 比例%=0.1634; 同构性=同构; 最小腿OI=1041; 盘口空隙=5跳/0.172%,,,,月差1 同构
2026-08-12 15:27:35,同构价差对比,kink,SS,ss2610-ss2611 | ss2611-ss2612 | ss2612-ss2701,做多B段(B低于插值),0.001634,True,,False,contango(+12.9元/月),66.7,,"(-30, 1, -5, 3)","A=2.5; B=-17.5; C=10.0; 理论B=(A+C)/2=6.25; 估值偏差(实际-理论)=-23.75; 比例%=0.1634; 归因=B即相邻月段; 同构=月差1,跨注销0,同构; 最小腿OI=1041; 盘口空隙=5跳/0.172%",,,,"组共10段, 仅取紧邻三元组"
2026-08-12 15:27:35,折角修复,kink,PX,PX610-PX611 | PX702-PX703 | PX706-PX707,做空B段(实际高于理论),0.001631,True,,False,back(-44.1元/月),0.0,,"(36, 1, 44, 1)",A=39.0; B=40.0; C=15.0; 理论B=(A+C)/2=27.0; 价差(理论-实际)=-13.0; 主力价=7970; 比例%=0.1631; 同构性=同构; 最小腿OI=9; 盘口空隙=4跳/0.100%,CZCE.SPD PX702&PX703,,,月差1 同构
2026-08-12 15:27:35,折角修复,kink,PX,PX610-PX612 | PX612-PX702 | PX702-PX704,做空B段(实际高于理论),0.001631,False,低流动性(钓鱼),False,back(-44.1元/月),0.0,,"(74, 1, 102, 1)",A=78.0; B=88.0; C=72.0; 理论B=(A+C)/2=75.0; 价差(理论-实际)=-13.0; 主力价=7970; 比例%=0.1631; 同构性=同构; 最小腿OI=22; 盘口空隙=14跳/0.351%,CZCE.SPD PX612&PX702,,,月差2 同构
2026-08-12 15:27:35,同构价差对比,kink,PX,PX610-PX612 | PX612-PX702 | PX702-PX704,做空B段(B高于插值),0.001631,False,低流动性(钓鱼),False,back(-44.1元/月),0.0,,"(74, 1, 102, 1)","A=78.0; B=88.0; C=72.0; 理论B=(A+C)/2=75.0; 估值偏差(实际-理论)=13.0; 比例%=0.1631; 归因=PX612-PX701 高估+9.5(整段偏差+13.0的主要来源); 同构=月差2,跨注销1,同构; 最小腿OI=22; 盘口空隙=14跳/0.351%",CZCE.SPD PX612&PX702,,,"组共4段, 仅取紧邻三元组"
2026-08-12 15:27:35,波动传递,butterfly,MA,MA609-MA610-MA611,前段波动显著高于后段(传递观察),0.00161,True,,False,back(-19.7元/月),0.0,,,前段20日波动=7.38; 后段20日波动=3.19; 归一差=0.00161; 最小腿OI=175545; 盘口空隙=2跳/0.077%,,,,
2026-08-12 15:27:35,折角修复,kink,RU,ru2703-ru2704 | ru2704-ru2705 | ru2705-ru2706,做空B段(实际高于理论),0.001602,False,低流动性(钓鱼),False,contango(+176.5元/月),0.0,,"(-45, 1, 55, 1)",A=-2.5; B=5.0; C=-45.0; 理论B=(A+C)/2=-23.75; 价差(理论-实际)=-28.75; 主力价=17950; 比例%=0.1602; 同构性=同构; 最小腿OI=42; 盘口空隙=20跳/0.557%,,,,月差1 同构
2026-08-12 15:27:35,折角修复,kink,RU,ru2609-ru2611 | ru2701-ru2703 | ru2705-ru2707,做空B段(实际高于理论),0.001602,False,低流动性(钓鱼),False,contango(+176.5元/月),0.0,,"(-65, 2, 100, 2)",A=-30.0; B=17.5; C=7.5; 理论B=(A+C)/2=-11.25; 价差(理论-实际)=-28.75; 主力价=17950; 比例%=0.1602; 同构性=同构; 最小腿OI=33; 盘口空隙=33跳/0.919%,,,,月差2 同构
2026-08-12 15:27:35,同构价差对比,kink,RU,ru2703-ru2704 | ru2704-ru2705 | ru2705-ru2706,做空B段(B高于插值),0.001602,False,低流动性(钓鱼),False,contango(+176.5元/月),0.0,,"(-45, 1, 55, 1)","A=-2.5; B=5.0; C=-45.0; 理论B=(A+C)/2=-23.75; 估值偏差(实际-理论)=28.75; 比例%=0.1602; 归因=B即相邻月段; 同构=月差1,跨注销0,同构; 最小腿OI=42; 盘口空隙=20跳/0.557%",,,,"组共6段, 仅取紧邻三元组"
2026-08-12 15:27:35,注销后首月溢价,spread,A,a2705-a2707,做多价差(买注销后首月卖次月),0.001597,True,,True,contango(+18.1元/月),100.0,100.0,"(-9, 49, -7, 71)","注销月=a2703; 价差=-8.0; 期限斜率t=8.25; 仓单佐证=逆风(同期分位100%,当前43344); 最小腿OI=12354; 盘口空隙=2跳/0.041%",DCE.SP a2705&a2707,,,
2026-08-12 15:27:35,折角修复,kink,NR,nr2702-nr2703 | nr2703-nr2704 | nr2704-nr2705,做多B段(实际低于理论),0.001593,False,低流动性(钓鱼),False,contango(+68.5元/月),50.0,,"(-190, 1, 110, 1)",A=-7.5; B=-40.0; C=-25.0; 理论B=(A+C)/2=-16.25; 价差(理论-实际)=23.75; 主力价=14905; 比例%=0.1593; 同构性=同构; 最小腿OI=13; 盘口空隙=60跳/2.013%,,,,月差1 同构
2026-08-12 15:27:35,同构价差对比,kink,NR,nr2702-nr2703 | nr2703-nr2704 | nr2704-nr2705,做多B段(B低于插值),0.001593,False,低流动性(钓鱼),False,contango(+68.5元/月),50.0,,"(-190, 1, 110, 1)","A=-7.5; B=-40.0; C=-25.0; 理论B=(A+C)/2=-16.25; 估值偏差(实际-理论)=-23.75; 比例%=0.1593; 归因=B即相邻月段; 同构=月差1,跨注销0,同构; 最小腿OI=13; 盘口空隙=60跳/2.013%",,,,"组共10段, 仅取紧邻三元组"
2026-08-12 15:27:35,同构价差对比,kink,BR,br2609-br2610 | br2610-br2611 | br2611-br2612,做空B段(B高于插值),0.001583,True,,False,back(-29.9元/月),33.3,,"(40, 2, 70, 1)","A=2.5; B=55.0; C=65.0; 理论B=(A+C)/2=33.75; 估值偏差(实际-理论)=21.25; 比例%=0.1583; 归因=B即相邻月段; 同构=月差1,跨注销0,同构; 最小腿OI=734; 盘口空隙=6跳/0.223%",,,,"组共10段, 仅取紧邻三元组"
2026-08-12 15:27:35,折角修复,kink,AO,ao2608-ao2610 | ao2611-ao2701 | ao2702-ao2704,做多B段(实际低于理论),0.001568,True,,False,contango(+14.3元/月),100.0,,"(-34, 2, -31, 1)",A=-27.5; B=-32.5; C=-29.0; 理论B=(A+C)/2=-28.25; 价差(理论-实际)=4.25; 主力价=2711; 比例%=0.1568; 同构性=同构; 最小腿OI=197; 盘口空隙=3跳/0.111%,,,,月差2 同构
2026-08-12 15:27:35,折角修复,kink,CU,cu2609-cu2610 | cu2611-cu2612 | cu2701-cu2702,做空B段(实际高于理论),0.001568,True,,False,back(-154.3元/月),33.3,,"(110, 1, 350, 1)",A=180.0; B=230.0; C=-60.0; 理论B=(A+C)/2=60.0; 价差(理论-实际)=-170.0; 主力价=108390; 比例%=0.1568; 同构性=同构; 最小腿OI=12347; 盘口空隙=24跳/0.221%,,,,月差1 同构
2026-08-12 15:27:35,波动传递,butterfly,UR,UR610-UR611-UR612,前段波动显著高于后段(传递观察),0.00156,True,,False,contango(+13.6元/月),100.0,,,前段20日波动=4.45; 后段20日波动=1.8; 归一差=0.00156; 最小腿OI=32596; 盘口空隙=3跳/0.178%,,,,
2026-08-12 15:27:35,折角修复,kink,SN,sn2703-sn2704 | sn2704-sn2705 | sn2705-sn2706,做多B段(实际低于理论),0.001553,False,低流动性(钓鱼),True,contango(+145.0元/月),83.3,,"(-1730, 1, 870, 1)",A=-115.0; B=-430.0; C=595.0; 理论B=(A+C)/2=240.0; 价差(理论-实际)=670.0; 主力价=431480; 比例%=0.1553; 同构性=同构; 最小腿OI=44; 盘口空隙=260跳/0.603%,,,,月差1 同构
2026-08-12 15:27:35,同构价差对比,kink,SN,sn2703-sn2704 | sn2704-sn2705 | sn2705-sn2706,做多B段(B低于插值),0.001553,False,低流动性(钓鱼),True,contango(+145.0元/月),83.3,,"(-1730, 1, 870, 1)","A=-115.0; B=-430.0; C=595.0; 理论B=(A+C)/2=240.0; 估值偏差(实际-理论)=-670.0; 比例%=0.1553; 归因=B即相邻月段; 同构=月差1,跨注销0,同构; 最小腿OI=44; 盘口空隙=260跳/0.603%",,,,"组共10段, 仅取紧邻三元组"
2026-08-12 15:27:35,折角修复,kink,SS,ss2611-ss2701 | ss2702-ss2704 | ss2705-ss2707,做多B段(实际低于理论),0.001548,False,低流动性(钓鱼),False,contango(+12.9元/月),66.7,,"(-115, 2, 100, 3)",A=-7.5; B=-7.5; C=37.5; 理论B=(A+C)/2=15.0; 价差(理论-实际)=22.5; 主力价=14535; 比例%=0.1548; 同构性=同构; 最小腿OI=17; 盘口空隙=43跳/1.479%,,,,月差2 同构
2026-08-12 15:27:35,折角修复,kink,CU,cu2610-cu2611 | cu2701-cu2702 | cu2704-cu2705,做多B段(实际低于理论),0.001545,False,低流动性(钓鱼),True,back(-154.3元/月),33.3,,"(-330, 1, 210, 1)",A=185.0; B=-60.0; C=30.0; 理论B=(A+C)/2=107.5; 价差(理论-实际)=167.5; 主力价=108390; 比例%=0.1545; 同构性=同构; 最小腿OI=4724; 盘口空隙=54跳/0.498%,,,,月差1 同构
2026-08-12 15:27:35,折角修复,kink,CU,cu2611-cu2701 | cu2701-cu2703 | cu2703-cu2705,做多B段(实际低于理论),0.001545,False,低流动性(钓鱼),True,back(-154.3元/月),33.3,,"(-90, 1, 310, 1)",A=420.0; B=110.0; C=135.0; 理论B=(A+C)/2=277.5; 价差(理论-实际)=167.5; 主力价=108390; 比例%=0.1545; 同构性=同构; 最小腿OI=4724; 盘口空隙=40跳/0.369%,,,,月差2 同构
2026-08-12 15:27:35,同构价差对比,kink,CU,cu2611-cu2701 | cu2701-cu2703 | cu2703-cu2705,做多B段(B低于插值),0.001545,False,低流动性(钓鱼),True,back(-154.3元/月),33.3,,"(-90, 1, 310, 1)","A=420.0; B=110.0; C=135.0; 理论B=(A+C)/2=277.5; 估值偏差(实际-理论)=-167.5; 比例%=0.1545; 归因=cu2701-cu2702 低估-227.5(整段偏差-167.5的主要来源); 同构=月差2,跨注销0,同构; 最小腿OI=4724; 盘口空隙=40跳/0.369%",,,,"组共9段, 仅取紧邻三元组"
2026-08-12 15:27:35,折角修复,kink,AL,al2610-al2612 | al2612-al2702 | al2702-al2704,做多B段(实际低于理论),0.001544,False,低流动性(钓鱼),True,back(-15.5元/月),83.3,,"(-70, 1, 55, 1)",A=55.0; B=-7.5; C=5.0; 理论B=(A+C)/2=30.0; 价差(理论-实际)=37.5; 主力价=24285; 比例%=0.1544; 同构性=同构; 最小腿OI=3468; 盘口空隙=25跳/0.515%,,,,月差2 同构
2026-08-12 15:27:35,同构价差对比,kink,AL,al2610-al2612 | al2612-al2702 | al2702-al2704,做多B段(B低于插值),0.001544,False,低流动性(钓鱼),True,back(-15.5元/月),83.3,,"(-70, 1, 55, 1)","A=55.0; B=-7.5; C=5.0; 理论B=(A+C)/2=30.0; 估值偏差(实际-理论)=-37.5; 比例%=0.1544; 归因=al2701-al2702 低估-45.0(整段偏差-37.5的主要来源); 同构=月差2,跨注销0,同构; 最小腿OI=3468; 盘口空隙=25跳/0.515%",,,,"组共9段, 仅取紧邻三元组"
2026-08-12 15:27:35,价差递延,butterfly,PX,PX704-PX705-PX706,"做空蝶式(卖后段买前段,结构应后段<前段)",0.001542,False,低流动性(钓鱼),False,back(-44.1元/月),0.0,,,"前段=14.0; 后段=26.0; 蝶值(后-前)=12.0; 结构基准E=-2; 同构性=非同构(far/near),结构性不等式违背,|蝶值|为保守错价下限; 最小腿OI=19; 盘口空隙=16跳/0.402%",,,,泛化蝶式 月差1+1
2026-08-12 15:27:35,折角修复,kink,AD,ad2610-ad2612 | ad2612-ad2702 | ad2702-ad2704,做空B段(实际高于理论),0.001533,False,低流动性(钓鱼),False,contango(+60.4元/月),,,"(-515, 1, 520, 2)",A=-57.5; B=2.5; C=-10.0; 理论B=(A+C)/2=-33.75; 价差(理论-实际)=-36.25; 主力价=23645; 比例%=0.1533; 同构性=同构; 最小腿OI=3; 盘口空隙=207跳/4.377%,,,,月差2 同构
2026-08-12 15:27:35,同构价差对比,kink,AD,ad2610-ad2612 | ad2612-ad2702 | ad2702-ad2704,做空B段(B高于插值),0.001533,False,低流动性(钓鱼),False,contango(+60.4元/月),,,"(-515, 1, 520, 2)","A=-57.5; B=2.5; C=-10.0; 理论B=(A+C)/2=-33.75; 估值偏差(实际-理论)=36.25; 比例%=0.1533; 归因=ad2612-ad2701 高估+115.0(整段偏差+36.2的主要来源); 同构=月差2,跨注销1,同构; 最小腿OI=3; 盘口空隙=207跳/4.377%",,,,"组共9段, 仅取紧邻三元组"
2026-08-12 15:27:35,同构价差对比,kink,AD,ad2701-ad2703 | ad2703-ad2705 | ad2705-ad2707,做多B段(B低于插值),0.001533,False,低流动性(钓鱼),False,contango(+60.4元/月),,,"(-710, 2, 595, 2)","A=-82.5; B=-57.5; C=40.0; 理论B=(A+C)/2=-21.25; 估值偏差(实际-理论)=-36.25; 比例%=0.1533; 归因=ad2704-ad2705 低估-71.2(整段偏差-36.2的主要来源); 同构=月差2,跨注销1,同构; 最小腿OI=1; 盘口空隙=261跳/5.519%",,,,"组共9段, 仅取紧邻三元组"
2026-08-12 15:27:35,折角修复,kink,AG,ag2609-ag2611 | ag2612-ag2702 | ag2703-ag2705,做空B段(实际高于理论),0.001532,True,,False,contango(+13.9元/月),100.0,,"(-27, 1, -16, 2)",A=-55.5; B=-21.5; C=-37.0; 理论B=(A+C)/2=-46.25; 价差(理论-实际)=-24.75; 主力价=16154; 比例%=0.1532; 同构性=同构; 最小腿OI=2355; 盘口空隙=11跳/0.068%,,,,月差2 同构
2026-08-12 15:27:35,注销后首月溢价,spread,CS,cs2705-cs2707,做多价差(买注销后首月卖次月),0.001531,True,,True,分歧(-1.0元/月),66.7,100.0,"(-5, 24, -3, 10)","注销月=cs2703; 价差=-4.0; 期限斜率t=1.27; 注销段=远腿7月=注销月,本段结构性偏高(效应段在下一段); 仓单佐证=逆风(同期分位100%,当前7500); 最小腿OI=103; 盘口空隙=2跳/0.080%",DCE.SP cs2705&cs2707,,,
2026-08-12 15:27:35,同构价差对比,kink,EG,eg2701-eg2702 | eg2702-eg2703 | eg2703-eg2704,做多B段(B低于插值),0.001528,True,,True,back(-130.1元/月),0.0,,"(13, 1, 19, 3)","A=34.5; B=16.0; C=12.5; 理论B=(A+C)/2=23.5; 估值偏差(实际-理论)=-7.5; 比例%=0.1528; 归因=B即相邻月段; 同构=月差1,跨注销0,非同构(none/far/near,结构有利,插值为保守下限); 最小腿OI=89; 盘口空隙=6跳/0.122%",DCE.SP eg2702&eg2703,,,"组共10段, 仅取紧邻三元组"
2026-08-12 15:27:35,折角修复,kink,CU,cu2612-cu2702 | cu2702-cu2704 | cu2704-cu2706,做空B段(实际高于理论),0.001522,False,低流动性(钓鱼),False,back(-154.3元/月),33.3,,"(70, 1, 480, 1)",A=130.0; B=275.0; C=90.0; 理论B=(A+C)/2=110.0; 价差(理论-实际)=-165.0; 主力价=108390; 比例%=0.1522; 同构性=同构; 最小腿OI=4435; 盘口空隙=41跳/0.378%,,,,月差2 同构
2026-08-12 15:27:35,同构价差对比,kink,CU,cu2612-cu2702 | cu2702-cu2704 | cu2704-cu2706,做空B段(B高于插值),0.001522,False,低流动性(钓鱼),False,back(-154.3元/月),33.3,,"(70, 1, 480, 1)","A=130.0; B=275.0; C=90.0; 理论B=(A+C)/2=110.0; 估值偏差(实际-理论)=165.0; 比例%=0.1522; 归因=cu2703-cu2704 高估+105.0(整段偏差+165.0的主要来源); 同构=月差2,跨注销0,同构; 最小腿OI=4435; 盘口空隙=41跳/0.378%",,,,"组共9段, 仅取紧邻三元组"
2026-08-12 15:27:35,折角修复,kink,SA,SA612-SA701 | SA702-SA703 | SA704-SA705,做多B段(实际低于理论),0.00152,True,,True,contango(+13.4元/月),50.0,,"(-4, 14, -3, 536)",A=-2.5; B=-3.5; C=-1.5; 理论B=(A+C)/2=-2.0; 价差(理论-实际)=1.5; 主力价=987; 比例%=0.152; 同构性=同构; 最小腿OI=3117; 盘口空隙=1跳/0.101%,CZCE.SPD SA702&SA703,,,月差1 同构
2026-08-12 15:27:35,波动传递,butterfly,SA,SA609-SA610-SA611,前段波动显著高于后段(传递观察),0.00152,True,,False,contango(+13.4元/月),50.0,,,前段20日波动=2.98; 后段20日波动=1.48; 归一差=0.00152; 最小腿OI=143731; 盘口空隙=2跳/0.203%,,,,
2026-08-12 15:27:35,折角修复,kink,RR,rr2704-rr2705 | rr2705-rr2706 | rr2706-rr2707,做多B段(实际低于理论),0.001518,True,,False,back(-25.9元/月),0.0,,"(-6, 1, -2, 1)",A=1.0; B=-4.0; C=2.0; 理论B=(A+C)/2=1.5; 价差(理论-实际)=5.5; 主力价=3624; 比例%=0.1518; 同构性=同构; 最小腿OI=7; 盘口空隙=4跳/0.110%,DCE.SP rr2705&rr2706,,,月差1 同构
2026-08-12 15:27:35,同构价差对比,kink,RR,rr2704-rr2705 | rr2705-rr2706 | rr2706-rr2707,做多B段(B低于插值),0.001518,True,,False,back(-25.9元/月),0.0,,"(-6, 1, -2, 1)","A=1.0; B=-4.0; C=2.0; 理论B=(A+C)/2=1.5; 估值偏差(实际-理论)=-5.5; 比例%=0.1518; 归因=B即相邻月段; 同构=月差1,跨注销0,同构; 最小腿OI=7; 盘口空隙=4跳/0.110%",DCE.SP rr2705&rr2706,,,"组共9段, 仅取紧邻三元组"
2026-08-12 15:27:35,折角修复,kink,ZN,zn2612-zn2701 | zn2702-zn2703 | zn2704-zn2705,做多B段(实际低于理论),0.001498,False,低流动性(钓鱼),True,contango(+5.2元/月),100.0,,"(-150, 2, 180, 2)",A=47.5; B=15.0; C=60.0; 理论B=(A+C)/2=53.75; 价差(理论-实际)=38.75; 主力价=25870; 比例%=0.1498; 同构性=同构; 最小腿OI=149; 盘口空隙=66跳/1.276%,,,,月差1 同构
2026-08-12 15:27:35,同构价差对比,kink,FU,fu2612-fu2702 | fu2702-fu2704 | fu2704-fu2706,做空B段(B高于插值),0.001498,False,低流动性(钓鱼),False,back(-97.8元/月),0.0,,"(78, 3, 113, 1)","A=133.0; B=95.5; C=47.5; 理论B=(A+C)/2=90.25; 估值偏差(实际-理论)=5.25; 比例%=0.1498; 归因=fu2702-fu2703 高估+4.5(整段偏差+5.2的主要来源); 同构=月差2,跨注销0,同构; 最小腿OI=312; 盘口空隙=35跳/0.999%",,,,"组共10段, 仅取紧邻三元组"
2026-08-12 15:27:35,折角修复,kink,AU,au2608-au2610 | au2610-au2612 | au2612-au2702,做多B段(实际低于理论),0.001497,True,,True,contango(+1.1元/月),100.0,,"(-2.22, 2, -2.08, 2)",A=0.6800000000000002; B=-2.1500000000000004; C=-2.1100000000000003; 理论B=(A+C)/2=-0.72; 价差(理论-实际)=1.44; 主力价=958.54; 比例%=0.1497; 同构性=同构; 最小腿OI=2835; 盘口空隙=7跳/0.015%,,,,月差2 同构
2026-08-12 15:27:35,同构价差对比,kink,PP,pp2610-pp2611 | pp2611-pp2612 | pp2612-pp2701,做多B段(B低于插值),0.001496,True,,True,back(-180.4元/月),0.0,,"(134, 5, 135, 5)","A=227.0; B=134.5; C=67.0; 理论B=(A+C)/2=147.0; 估值偏差(实际-理论)=-12.5; 比例%=0.1496; 归因=B即相邻月段; 同构=月差1,跨注销0,同构; 最小腿OI=76188; 盘口空隙=1跳/0.012%",DCE.SP pp2611&pp2612,,,"组共10段, 仅取紧邻三元组"
2026-08-12 15:27:35,折角修复,kink,RB,rb2702-rb2703 | rb2703-rb2704 | rb2704-rb2705,做多B段(实际低于理论),0.001495,False,低流动性(钓鱼),False,contango(+10.4元/月),66.7,,"(-24, 2, 2, 1)",A=-6.0; B=-11.0; C=-7.0; 理论B=(A+C)/2=-6.5; 价差(理论-实际)=4.5; 主力价=3010; 比例%=0.1495; 同构性=同构; 最小腿OI=520; 盘口空隙=26跳/0.864%,,,,月差1 同构
2026-08-12 15:27:35,同构价差对比,kink,RB,rb2702-rb2703 | rb2703-rb2704 | rb2704-rb2705,做多B段(B低于插值),0.001495,False,低流动性(钓鱼),False,contango(+10.4元/月),66.7,,"(-24, 2, 2, 1)","A=-6.0; B=-11.0; C=-7.0; 理论B=(A+C)/2=-6.5; 估值偏差(实际-理论)=-4.5; 比例%=0.1495; 归因=B即相邻月段; 同构=月差1,跨注销0,同构; 最小腿OI=520; 盘口空隙=26跳/0.864%",,,,"组共10段, 仅取紧邻三元组"
2026-08-12 15:27:35,同构价差对比,kink,BZ,bz2701-bz2702 | bz2702-bz2703 | bz2703-bz2704,做空B段(B高于插值),0.001488,False,低流动性(钓鱼),False,back(-118.2元/月),,,"(6, 1, 38, 1)","A=33.5; B=22.0; C=-11.0; 理论B=(A+C)/2=11.25; 估值偏差(实际-理论)=10.75; 比例%=0.1488; 归因=B即相邻月段; 同构=月差1,跨注销0,同构; 最小腿OI=13; 盘口空隙=32跳/0.443%",DCE.SP bz2702&bz2703,,,"组共10段, 仅取紧邻三元组"
2026-08-12 15:27:35,折角修复,kink,SN,sn2609-sn2610 | sn2612-sn2701 | sn2703-sn2704,做空B段(实际高于理论),0.001466,False,低流动性(钓鱼),False,contango(+145.0元/月),83.3,,"(-430, 1, 1270, 1)",A=-310.0; B=420.0; C=-115.0; 理论B=(A+C)/2=-212.5; 价差(理论-实际)=-632.5; 主力价=431480; 比例%=0.1466; 同构性=同构; 最小腿OI=44; 盘口空隙=170跳/0.394%,,,,月差1 同构
2026-08-12 15:27:35,折角修复,kink,SS,ss2609-ss2610 | ss2610-ss2611 | ss2611-ss2612,做空B段(实际高于理论),0.001462,True,,False,contango(+12.9元/月),66.7,,"(-5, 8, 10, 6)",A=-20.0; B=2.5; C=-17.5; 理论B=(A+C)/2=-18.75; 价差(理论-实际)=-21.25; 主力价=14535; 比例%=0.1462; 同构性=同构; 最小腿OI=1041; 盘口空隙=3跳/0.103%,,,,月差1 同构
2026-08-12 15:27:35,折角修复,kink,SS,ss2610-ss2611 | ss2612-ss2701 | ss2702-ss2703,做空B段(实际高于理论),0.001462,True,,False,contango(+12.9元/月),66.7,,"(-10, 1, 30, 1)",A=2.5; B=10.0; C=-25.0; 理论B=(A+C)/2=-11.25; 价差(理论-实际)=-21.25; 主力价=14535; 比例%=0.1462; 同构性=同构; 最小腿OI=105; 盘口空隙=8跳/0.275%,,,,月差1 同构
2026-08-12 15:27:35,折角修复,kink,SS,ss2611-ss2612 | ss2612-ss2701 | ss2701-ss2702,做空B段(实际高于理论),0.001462,True,,False,contango(+12.9元/月),66.7,,"(-10, 1, 30, 1)",A=-17.5; B=10.0; C=-5.0; 理论B=(A+C)/2=-11.25; 价差(理论-实际)=-21.25; 主力价=14535; 比例%=0.1462; 同构性=同构; 最小腿OI=105; 盘口空隙=8跳/0.275%,,,,月差1 同构
2026-08-12 15:27:35,折角修复,kink,SS,ss2609-ss2611 | ss2612-ss2702 | ss2703-ss2705,做空B段(实际高于理论),0.001462,False,低流动性(钓鱼),False,contango(+12.9元/月),66.7,,"(-40, 3, 50, 1)",A=-17.5; B=5.0; C=-15.0; 理论B=(A+C)/2=-16.25; 价差(理论-实际)=-21.25; 主力价=14535; 比例%=0.1462; 同构性=同构; 最小腿OI=105; 盘口空隙=18跳/0.619%,,,,月差2 同构
2026-08-12 15:27:35,同构价差对比,kink,SS,ss2609-ss2610 | ss2610-ss2611 | ss2611-ss2612,做空B段(B高于插值),0.001462,True,,False,contango(+12.9元/月),66.7,,"(-5, 8, 10, 6)","A=-20.0; B=2.5; C=-17.5; 理论B=(A+C)/2=-18.75; 估值偏差(实际-理论)=21.25; 比例%=0.1462; 归因=B即相邻月段; 同构=月差1,跨注销0,同构; 最小腿OI=1041; 盘口空隙=3跳/0.103%",,,,"组共10段, 仅取紧邻三元组"
2026-08-12 15:27:35,同构价差对比,kink,SS,ss2611-ss2612 | ss2612-ss2701 | ss2701-ss2702,做空B段(B高于插值),0.001462,True,,False,contango(+12.9元/月),66.7,,"(-10, 1, 30, 1)","A=-17.5; B=10.0; C=-5.0; 理论B=(A+C)/2=-11.25; 估值偏差(实际-理论)=21.25; 比例%=0.1462; 归因=B即相邻月段; 同构=月差1,跨注销0,同构; 最小腿OI=105; 盘口空隙=8跳/0.275%",,,,"组共10段, 仅取紧邻三元组"
2026-08-12 15:27:35,折角修复,kink,BZ,bz2704-bz2705 | bz2705-bz2706 | bz2706-bz2707,做多B段(实际低于理论),0.001453,True,,False,back(-118.2元/月),,,"(-15, 1, 0, 2)",A=-2.5; B=-7.5; C=8.5; 理论B=(A+C)/2=3.0; 价差(理论-实际)=10.5; 主力价=7225; 比例%=0.1453; 同构性=同构; 最小腿OI=2; 盘口空隙=15跳/0.208%,DCE.SP bz2705&bz2706,,,月差1 同构
2026-08-12 15:27:35,同构价差对比,kink,BZ,bz2704-bz2705 | bz2705-bz2706 | bz2706-bz2707,做多B段(B低于插值),0.001453,True,,False,back(-118.2元/月),,,"(-15, 1, 0, 2)","A=-2.5; B=-7.5; C=8.5; 理论B=(A+C)/2=3.0; 估值偏差(实际-理论)=-10.5; 比例%=0.1453; 归因=B即相邻月段; 同构=月差1,跨注销0,同构; 最小腿OI=2; 盘口空隙=15跳/0.208%",DCE.SP bz2705&bz2706,,,"组共10段, 仅取紧邻三元组"
2026-08-12 15:27:35,折角修复,kink,SC,sc2702-sc2703 | sc2704-sc2705 | sc2706-sc2707,做空B段(实际高于理论),0.001449,False,低流动性(钓鱼),False,back(-4.1元/月),28.6,,"(-5.0, 1, 14.7, 1)",A=4.0; B=4.85; C=4.1; 理论B=(A+C)/2=4.05; 价差(理论-实际)=-0.8; 主力价=552.1; 比例%=0.1449; 同构性=同构; 最小腿OI=6; 盘口空隙=197跳/3.568%,,,,月差1 同构
2026-08-12 15:27:35,折角修复,kink,PX,PX704-PX705 | PX705-PX706 | PX706-PX707,做空B段(实际高于理论),0.001443,True,,False,back(-44.1元/月),0.0,,"(16, 1, 36, 2)","A=14.0; B=26.0; C=15.0; 理论B=(A+C)/2=14.5; 价差(理论-实际)=-11.5; 主力价=7970; 比例%=0.1443; 同构性=非同构(far/near/far,结构有利,插值为保守下限); 最小腿OI=9; 盘口空隙=10跳/0.251%",CZCE.SPD PX705&PX706,,,月差1 非同构-结构有利
2026-08-12 15:27:35,同构价差对比,kink,PX,PX704-PX705 | PX705-PX706 | PX706-PX707,做空B段(B高于插值),0.001443,True,,False,back(-44.1元/月),0.0,,"(16, 1, 36, 2)","A=14.0; B=26.0; C=15.0; 理论B=(A+C)/2=14.5; 估值偏差(实际-理论)=11.5; 比例%=0.1443; 归因=B即相邻月段; 同构=月差1,跨注销0,非同构(far/near/far,结构有利,插值为保守下限); 最小腿OI=9; 盘口空隙=10跳/0.251%",CZCE.SPD PX705&PX706,,,"组共10段, 仅取紧邻三元组"
2026-08-12 15:27:35,折角修复,kink,AL,al2609-al2610 | al2701-al2702 | al2705-al2706,做多B段(实际低于理论),0.001441,False,低流动性(钓鱼),True,back(-15.5元/月),83.3,,"(-125, 1, 20, 1)",A=-7.5; B=-52.5; C=-27.5; 理论B=(A+C)/2=-17.5; 价差(理论-实际)=35.0; 主力价=24285; 比例%=0.1441; 同构性=同构; 最小腿OI=1371; 盘口空隙=29跳/0.597%,,,,月差1 同构
2026-08-12 15:27:35,同构价差对比,kink,CU,cu2610-cu2701 | cu2701-cu2704 | cu2704-cu2707,做多B段(B低于插值),0.00143,False,低流动性(钓鱼),True,back(-154.3元/月),33.3,,"(-20, 1, 450, 1)","A=605.0; B=215.0; C=135.0; 理论B=(A+C)/2=370.0; 估值偏差(实际-理论)=-155.0; 比例%=0.143; 归因=cu2701-cu2702 低估-167.5(整段偏差-155.0的主要来源); 同构=月差3,跨注销0,同构; 最小腿OI=2042; 盘口空隙=47跳/0.434%",,,,"组共8段, 仅取紧邻三元组"
2026-08-12 15:27:35,折角修复,kink,AD,ad2610-ad2611 | ad2701-ad2702 | ad2704-ad2705,做多B段(实际低于理论),0.001427,False,低流动性(钓鱼),False,contango(+60.4元/月),,,"(-465, 1, 295, 1)",A=-57.5; B=-85.0; C=-45.0; 理论B=(A+C)/2=-51.25; 价差(理论-实际)=33.75; 主力价=23645; 比例%=0.1427; 同构性=同构; 最小腿OI=3; 盘口空隙=152跳/3.214%,,,,月差1 同构
2026-08-12 15:27:35,折角修复,kink,AD,ad2703-ad2704 | ad2704-ad2705 | ad2705-ad2706,做多B段(实际低于理论),0.001427,False,低流动性(钓鱼),False,contango(+60.4元/月),,,"(-695, 2, 605, 2)",A=-12.5; B=-45.0; C=-10.0; 理论B=(A+C)/2=-11.25; 价差(理论-实际)=33.75; 主力价=23645; 比例%=0.1427; 同构性=同构; 最小腿OI=1; 盘口空隙=260跳/5.498%,,,,月差1 同构
2026-08-12 15:27:35,同构价差对比,kink,AD,ad2703-ad2704 | ad2704-ad2705 | ad2705-ad2706,做多B段(B低于插值),0.001427,False,低流动性(钓鱼),False,contango(+60.4元/月),,,"(-695, 2, 605, 2)","A=-12.5; B=-45.0; C=-10.0; 理论B=(A+C)/2=-11.25; 估值偏差(实际-理论)=-33.75; 比例%=0.1427; 归因=B即相邻月段; 同构=月差1,跨注销0,同构; 最小腿OI=1; 盘口空隙=260跳/5.498%",,,,"组共10段, 仅取紧邻三元组"
2026-08-12 15:27:35,折角修复,kink,NR,nr2704-nr2705 | nr2705-nr2706 | nr2706-nr2707,做空B段(实际高于理论),0.001426,False,低流动性(钓鱼),False,contango(+68.5元/月),50.0,,"(-150, 1, 180, 1)",A=-25.0; B=15.0; C=12.5; 理论B=(A+C)/2=-6.25; 价差(理论-实际)=-21.25; 主力价=14905; 比例%=0.1426; 同构性=同构; 最小腿OI=2; 盘口空隙=66跳/2.214%,,,,月差1 同构
2026-08-12 15:27:35,同构价差对比,kink,NR,nr2704-nr2705 | nr2705-nr2706 | nr2706-nr2707,做空B段(B高于插值),0.001426,False,低流动性(钓鱼),False,contango(+68.5元/月),50.0,,"(-150, 1, 180, 1)","A=-25.0; B=15.0; C=12.5; 理论B=(A+C)/2=-6.25; 估值偏差(实际-理论)=21.25; 比例%=0.1426; 归因=B即相邻月段; 同构=月差1,跨注销0,同构; 最小腿OI=2; 盘口空隙=66跳/2.214%",,,,"组共10段, 仅取紧邻三元组"
2026-08-12 15:27:35,折角修复,kink,FG,FG609-FG611 | FG611-FG701 | FG701-FG703,做多B段(实际低于理论),0.001424,True,,False,contango(+18.0元/月),83.3,,"(-37, 77, -36, 52)",A=-36.0; B=-36.5; C=-34.5; 理论B=(A+C)/2=-35.25; 价差(理论-实际)=1.25; 主力价=878; 比例%=0.1424; 同构性=同构; 最小腿OI=98494; 盘口空隙=1跳/0.114%,CZCE.SPD FG611&FG701,,,月差2 同构
2026-08-12 15:27:35,同构价差对比,kink,FG,FG609-FG611 | FG611-FG701 | FG701-FG703,做多B段(B低于插值),0.001424,True,,False,contango(+18.0元/月),83.3,,"(-37, 77, -36, 52)","A=-36.0; B=-36.5; C=-34.5; 理论B=(A+C)/2=-35.25; 估值偏差(实际-理论)=-1.25; 比例%=0.1424; 归因=FG611-FG612 低估-4.0(整段偏差-1.2的主要来源); 同构=月差2,跨注销0,同构; 最小腿OI=98494; 盘口空隙=1跳/0.114%",CZCE.SPD FG611&FG701,,,"组共5段, 仅取紧邻三元组"
2026-08-12 15:27:35,同构价差对比,kink,OP,op2610-op2611 | op2611-op2612 | op2612-op2701,做多B段(B低于插值),0.001418,False,低流动性(钓鱼),False,contango(+6.4元/月),,,"(-60, 1, 10, 2)","A=-13.0; B=-25.0; C=-26.0; 理论B=(A+C)/2=-19.5; 估值偏差(实际-理论)=-5.5; 比例%=0.1418; 归因=B即相邻月段; 同构=月差1,跨注销0,同构; 最小腿OI=12; 盘口空隙=35跳/1.804%",,,,"组共10段, 仅取紧邻三元组"
2026-08-12 15:27:35,折角修复,kink,I,i2611-i2612 | i2701-i2702 | i2703-i2704,做多B段(实际低于理论),0.001417,True,,True,back(-3.0元/月),83.3,,"(1.5, 14, 2.0, 899)","A=3.25; B=1.75; C=2.25; 理论B=(A+C)/2=2.75; 价差(理论-实际)=1.0; 主力价=705.5; 比例%=0.1417; 同构性=非同构(none/none/near,结构有利,插值为保守下限); 最小腿OI=36840; 盘口空隙=1跳/0.071%",DCE.SP i2701&i2702,,,月差1 非同构-结构有利
2026-08-12 15:27:35,价差递延,butterfly,PX,PX705-PX706-PX707,"做多蝶式(买后段卖前段,结构应后段>前段)",0.001417,False,低流动性(钓鱼),False,back(-44.1元/月),0.0,,,"前段=26.0; 后段=15.0; 蝶值(后-前)=-11.0; 结构基准E=2; 同构性=非同构(near/far),结构性不等式违背,|蝶值|为保守错价下限; 最小腿OI=9; 盘口空隙=15跳/0.376%",,,,泛化蝶式 月差1+1
2026-08-12 15:27:35,折角修复,kink,PB,pb2608-pb2609 | pb2609-pb2610 | pb2610-pb2611,做空B段(实际高于理论),0.001413,True,,False,contango(+20.5元/月),83.3,,"(-25, 14, -15, 6)",A=-62.5; B=-20.0; C=-22.5; 理论B=(A+C)/2=-42.5; 价差(理论-实际)=-22.5; 主力价=15925; 比例%=0.1413; 同构性=同构; 最小腿OI=3165; 盘口空隙=2跳/0.063%,,,,月差1 同构
2026-08-12 15:27:35,同构价差对比,kink,PB,pb2612-pb2701 | pb2701-pb2702 | pb2702-pb2703,做空B段(B高于插值),0.001413,True,,False,contango(+20.5元/月),83.3,,"(-20, 1, 10, 1)","A=-52.5; B=-5.0; C=-2.5; 理论B=(A+C)/2=-27.5; 估值偏差(实际-理论)=22.5; 比例%=0.1413; 归因=B即相邻月段; 同构=月差1,跨注销0,同构; 最小腿OI=29; 盘口空隙=6跳/0.188%",,,,"组共10段, 仅取紧邻三元组"
2026-08-12 15:27:35,折角修复,kink,RB,rb2610-rb2611 | rb2701-rb2702 | rb2704-rb2705,做多B段(实际低于理论),0.001412,True,,False,contango(+10.4元/月),66.7,,"(-15, 2, -7, 2)",A=-6.5; B=-11.0; C=-7.0; 理论B=(A+C)/2=-6.75; 价差(理论-实际)=4.25; 主力价=3010; 比例%=0.1412; 同构性=同构; 最小腿OI=520; 盘口空隙=8跳/0.266%,,,,月差1 同构
2026-08-12 15:27:35,同构价差对比,kink,RB,rb2609-rb2611 | rb2611-rb2701 | rb2701-rb2703,做多B段(B低于插值),0.001412,True,,False,contango(+10.4元/月),66.7,,"(-28, 13, -25, 25)","A=-27.5; B=-26.5; C=-17.0; 理论B=(A+C)/2=-22.25; 估值偏差(实际-理论)=-4.25; 比例%=0.1412; 归因=rb2612-rb2701 低估-5.8(整段偏差-4.2的主要来源); 同构=月差2,跨注销1,同构; 最小腿OI=33426; 盘口空隙=3跳/0.100%",,,,"组共9段, 仅取紧邻三元组"
2026-08-12 15:27:35,折角修复,kink,AG,ag2608-ag2611 | ag2611-ag2702 | ag2702-ag2705,做空B段(实际高于理论),0.001408,True,,False,contango(+13.9元/月),100.0,,"(-33, 1, -26, 2)",A=-65.0; B=-29.5; C=-39.5; 理论B=(A+C)/2=-52.25; 价差(理论-实际)=-22.75; 主力价=16154; 比例%=0.1408; 同构性=同构; 最小腿OI=2355; 盘口空隙=7跳/0.043%,,,,月差3 同构
2026-08-12 15:27:35,折角修复,kink,ZN,zn2611-zn2612 | zn2701-zn2702 | zn2703-zn2704,做空B段(实际高于理论),0.001401,False,低流动性(钓鱼),False,contango(+5.2元/月),100.0,,"(-45, 1, 155, 1)",A=27.5; B=55.0; C=10.0; 理论B=(A+C)/2=18.75; 价差(理论-实际)=-36.25; 主力价=25870; 比例%=0.1401; 同构性=同构; 最小腿OI=149; 盘口空隙=40跳/0.773%,,,,月差1 同构
2026-08-12 15:27:35,折角修复,kink,ZN,zn2612-zn2701 | zn2703-zn2704 | zn2706-zn2707,做多B段(实际低于理论),0.001401,False,低流动性(钓鱼),True,contango(+5.2元/月),100.0,,"(-160, 2, 180, 2)",A=47.5; B=10.0; C=45.0; 理论B=(A+C)/2=46.25; 价差(理论-实际)=36.25; 主力价=25870; 比例%=0.1401; 同构性=同构; 最小腿OI=87; 盘口空隙=68跳/1.314%,,,,月差1 同构
2026-08-12 15:27:35,同构价差对比,kink,EB,eb2701-eb2702 | eb2702-eb2703 | eb2703-eb2704,做多B段(B低于插值),0.001401,True,,False,back(-111.7元/月),33.3,,"(32, 1, 34, 4)","A=60.5; B=33.0; C=28.5; 理论B=(A+C)/2=44.5; 估值偏差(实际-理论)=-11.5; 比例%=0.1401; 归因=B即相邻月段; 同构=月差1,跨注销0,同构; 最小腿OI=157; 盘口空隙=2跳/0.024%",DCE.SP eb2702&eb2703,,,"组共10段, 仅取紧邻三元组"
2026-08-12 15:27:35,同构价差对比,kink,BR,br2609-br2612 | br2612-br2703 | br2703-br2706,做空B段(B高于插值),0.001397,False,低流动性(钓鱼),False,back(-29.9元/月),33.3,,"(-60, 1, 200, 1)","A=122.5; B=70.0; C=-20.0; 理论B=(A+C)/2=51.25; 估值偏差(实际-理论)=18.75; 比例%=0.1397; 归因=br2702-br2703 高估+57.5(整段偏差+18.8的主要来源); 同构=月差3,跨注销2,同构; 最小腿OI=16; 盘口空隙=52跳/1.937%",,,,"组共8段, 仅取紧邻三元组"
2026-08-12 15:27:35,折角修复,kink,AO,ao2611-ao2612 | ao2701-ao2702 | ao2703-ao2704,做多B段(实际低于理论),0.001383,False,低流动性(钓鱼),False,contango(+14.3元/月),100.0,,"(-28, 4, -7, 5)",A=-15.0; B=-17.5; C=-12.5; 理论B=(A+C)/2=-13.75; 价差(理论-实际)=3.75; 主力价=2711; 比例%=0.1383; 同构性=同构; 最小腿OI=197; 盘口空隙=21跳/0.775%,,,,月差1 同构
2026-08-12 15:27:35,折角修复,kink,AO,ao2611-ao2612 | ao2702-ao2703 | ao2705-ao2706,做多B段(实际低于理论),0.001383,False,低流动性(钓鱼),False,contango(+14.3元/月),100.0,,"(-37, 4, 4, 4)",A=-15.0; B=-16.5; C=-10.5; 理论B=(A+C)/2=-12.75; 价差(理论-实际)=3.75; 主力价=2711; 比例%=0.1383; 同构性=同构; 最小腿OI=64; 盘口空隙=41跳/1.512%,,,,月差1 同构
2026-08-12 15:27:35,同构价差对比,kink,FB,fb2611-fb2612 | fb2612-fb2701 | fb2701-fb2702,做多B段(B低于插值),0.001382,False,低流动性(钓鱼),True,分歧(-6.6元/月),40.0,,"(2.0, 2, 7.0, 1)","A=14.25; B=4.5; C=-1.75; 理论B=(A+C)/2=6.25; 估值偏差(实际-理论)=-1.75; 比例%=0.1382; 归因=B即相邻月段; 同构=月差1,跨注销0,同构; 最小腿OI=1477; 盘口空隙=10跳/0.395%",DCE.SP fb2612&fb2701,,,"组共9段, 仅取紧邻三元组"
2026-08-12 15:27:35,折角修复,kink,V,v2610-v2611 | v2701-v2702 | v2704-v2705,做空B段(实际高于理论),0.00138,True,,False,contango(+44.0元/月),66.7,,"(-28, 172, -27, 576)",A=-34.5; B=-27.5; C=-33.0; 理论B=(A+C)/2=-33.75; 价差(理论-实际)=-6.25; 主力价=4528; 比例%=0.138; 同构性=同构; 最小腿OI=2687; 盘口空隙=1跳/0.022%,DCE.SP v2701&v2702,,,月差1 同构
2026-08-12 15:27:35,折角修复,kink,SS,ss2611-ss2612 | ss2702-ss2703 | ss2705-ss2706,做多B段(实际低于理论),0.001376,False,低流动性(钓鱼),False,contango(+12.9元/月),66.7,,"(-125, 2, 75, 2)",A=-17.5; B=-25.0; C=7.5; 理论B=(A+C)/2=-5.0; 价差(理论-实际)=20.0; 主力价=14535; 比例%=0.1376; 同构性=同构; 最小腿OI=23; 盘口空隙=40跳/1.376%,,,,月差1 同构
2026-08-12 15:27:35,折角修复,kink,SM,SM701-SM702 | SM702-SM703 | SM703-SM704,做多B段(实际低于理论),0.001376,True,,True,contango(+13.1元/月),66.7,,"(-20, 5, -18, 10)",A=-11.0; B=-19.0; C=-11.0; 理论B=(A+C)/2=-11.0; 价差(理论-实际)=8.0; 主力价=5814; 比例%=0.1376; 同构性=同构; 最小腿OI=84; 盘口空隙=1跳/0.034%,CZCE.SPD SM702&SM703,,,月差1 同构
2026-08-12 15:27:35,同构价差对比,kink,SM,SM701-SM702 | SM702-SM703 | SM703-SM704,做多B段(B低于插值),0.001376,True,,True,contango(+13.1元/月),66.7,,"(-20, 5, -18, 10)","A=-11.0; B=-19.0; C=-11.0; 理论B=(A+C)/2=-11.0; 估值偏差(实际-理论)=-8.0; 比例%=0.1376; 归因=B即相邻月段; 同构=月差1,跨注销0,同构; 最小腿OI=84; 盘口空隙=1跳/0.034%",CZCE.SPD SM702&SM703,,,"组共10段, 仅取紧邻三元组"
2026-08-12 15:27:35,注销后首月溢价,spread,SA,SA704-SA705,做多价差(买注销后首月卖次月),0.001374,True,,True,contango(+13.4元/月),50.0,40.0,"(-2, 27, -1, 109)","注销月=SA703; 价差=-1.5; 期限斜率t=20.2; 注销段=远腿5月=注销月,本段结构性偏高(效应段在下一段); 仓单佐证=中性(同期分位40%,当前6037); 最小腿OI=3117; 盘口空隙=1跳/0.101%",CZCE.SPD SA704&SA705,,,
2026-08-12 15:27:35,价差递延,butterfly,PX,PX609-PX610-PX611,"做多蝶式(买后段卖前段,结构应后段>前段)",0.001365,True,,False,back(-44.1元/月),0.0,,,"前段=50.0; 后段=39.0; 蝶值(后-前)=-11.0; 结构基准E=2; 同构性=非同构(near/far),结构性不等式违背,|蝶值|为保守错价下限; 最小腿OI=39202; 盘口空隙=3跳/0.075%",,,,泛化蝶式 月差1+1
2026-08-12 15:27:35,折角修复,kink,CU,cu2701-cu2702 | cu2702-cu2703 | cu2703-cu2704,做空B段(实际高于理论),0.001361,False,低流动性(钓鱼),False,back(-154.3元/月),33.3,,"(0, 1, 340, 1)",A=-60.0; B=170.0; C=105.0; 理论B=(A+C)/2=22.5; 价差(理论-实际)=-147.5; 主力价=108390; 比例%=0.1361; 同构性=同构; 最小腿OI=8907; 盘口空隙=34跳/0.314%,,,,月差1 同构
2026-08-12 15:27:35,同构价差对比,kink,CU,cu2701-cu2702 | cu2702-cu2703 | cu2703-cu2704,做空B段(B高于插值),0.001361,False,低流动性(钓鱼),False,back(-154.3元/月),33.3,,"(0, 1, 340, 1)","A=-60.0; B=170.0; C=105.0; 理论B=(A+C)/2=22.5; 估值偏差(实际-理论)=147.5; 比例%=0.1361; 归因=B即相邻月段; 同构=月差1,跨注销0,同构; 最小腿OI=8907; 盘口空隙=34跳/0.314%",,,,"组共10段, 仅取紧邻三元组"
2026-08-12 15:27:35,折角修复,kink,ZN,zn2704-zn2705 | zn2705-zn2706 | zn2706-zn2707,做多B段(实际低于理论),0.001353,False,低流动性(钓鱼),True,contango(+5.2元/月),100.0,,"(-115, 2, 150, 2)",A=60.0; B=17.5; C=45.0; 理论B=(A+C)/2=52.5; 价差(理论-实际)=35.0; 主力价=25870; 比例%=0.1353; 同构性=同构; 最小腿OI=87; 盘口空隙=53跳/1.024%,,,,月差1 同构
2026-08-12 15:27:35,同构价差对比,kink,ZN,zn2704-zn2705 | zn2705-zn2706 | zn2706-zn2707,做多B段(B低于插值),0.001353,False,低流动性(钓鱼),True,contango(+5.2元/月),100.0,,"(-115, 2, 150, 2)","A=60.0; B=17.5; C=45.0; 理论B=(A+C)/2=52.5; 估值偏差(实际-理论)=-35.0; 比例%=0.1353; 归因=B即相邻月段; 同构=月差1,跨注销0,同构; 最小腿OI=87; 盘口空隙=53跳/1.024%",,,,"组共10段, 仅取紧邻三元组"
2026-08-12 15:27:35,同构价差对比,kink,SN,sn2611-sn2701 | sn2701-sn2703 | sn2703-sn2705,做空B段(B高于插值),0.00135,False,低流动性(钓鱼),False,contango(+145.0元/月),83.3,,"(-210, 1, 1490, 1)","A=660.0; B=640.0; C=-545.0; 理论B=(A+C)/2=57.5; 估值偏差(实际-理论)=582.5; 比例%=0.135; 归因=sn2702-sn2703 高估+865.0(整段偏差+582.5的主要来源); 同构=月差2,跨注销0,同构; 最小腿OI=120; 盘口空隙=170跳/0.394%",,,,"组共9段, 仅取紧邻三元组"
2026-08-12 15:27:35,同构价差对比,kink,PB,pb2610-pb2701 | pb2701-pb2704 | pb2704-pb2707,做空B段(B高于插值),0.001334,True,,False,contango(+20.5元/月),83.3,,"(-40, 1, 0, 1)","A=-85.0; B=-20.0; C=2.5; 理论B=(A+C)/2=-41.25; 估值偏差(实际-理论)=21.25; 比例%=0.1334; 归因=pb2703-pb2704 高估+11.2(整段偏差+21.2的主要来源); 同构=月差3,跨注销0,同构; 最小腿OI=30; 盘口空隙=8跳/0.251%",,,,"组共8段, 仅取紧邻三元组"
2026-08-12 15:27:35,折角修复,kink,RB,rb2610-rb2612 | rb2612-rb2702 | rb2702-rb2704,做多B段(实际低于理论),0.001329,False,低流动性(钓鱼),False,contango(+10.4元/月),66.7,,"(-34, 1, -12, 1)",A=-21.0; B=-23.0; C=-17.0; 理论B=(A+C)/2=-19.0; 价差(理论-实际)=4.0; 主力价=3010; 比例%=0.1329; 同构性=同构; 最小腿OI=520; 盘口空隙=22跳/0.731%,,,,月差2 同构
2026-08-12 15:27:35,同构价差对比,kink,RB,rb2610-rb2612 | rb2612-rb2702 | rb2702-rb2704,做多B段(B低于插值),0.001329,False,低流动性(钓鱼),False,contango(+10.4元/月),66.7,,"(-34, 1, -12, 1)","A=-21.0; B=-23.0; C=-17.0; 理论B=(A+C)/2=-19.0; 估值偏差(实际-理论)=-4.0; 比例%=0.1329; 归因=rb2612-rb2701 低估-5.8(整段偏差-4.0的主要来源); 同构=月差2,跨注销1,同构; 最小腿OI=520; 盘口空隙=22跳/0.731%",,,,"组共9段, 仅取紧邻三元组"
2026-08-12 15:27:35,折角修复,kink,AG,ag2610-ag2612 | ag2701-ag2703 | ag2704-ag2706,做空B段(实际高于理论),0.001315,False,低流动性(钓鱼),False,contango(+13.9元/月),100.0,,"(-74, 1, 56, 1)",A=-29.5; B=-9.0; C=-31.0; 理论B=(A+C)/2=-30.25; 价差(理论-实际)=-21.25; 主力价=16154; 比例%=0.1315; 同构性=同构; 最小腿OI=2698; 盘口空隙=130跳/0.805%,,,,月差2 同构
2026-08-12 15:27:35,折角修复,kink,HC,hc2611-hc2612 | hc2701-hc2702 | hc2703-hc2704,做多B段(实际低于理论),0.001312,False,低流动性(钓鱼),False,contango(+5.5元/月),83.3,,"(-25, 2, 8, 2)",A=-7.5; B=-8.5; C=-1.0; 理论B=(A+C)/2=-4.25; 价差(理论-实际)=4.25; 主力价=3239; 比例%=0.1312; 同构性=同构; 最小腿OI=79; 盘口空隙=33跳/1.019%,,,,月差1 同构
2026-08-12 15:27:35,折角修复,kink,ZN,zn2610-zn2611 | zn2612-zn2701 | zn2702-zn2703,做空B段(实际高于理论),0.001305,True,,False,contango(+5.2元/月),100.0,,"(30, 1, 65, 1)",A=12.5; B=47.5; C=15.0; 理论B=(A+C)/2=13.75; 价差(理论-实际)=-33.75; 主力价=25870; 比例%=0.1305; 同构性=同构; 最小腿OI=819; 盘口空隙=7跳/0.135%,,,,月差1 同构
2026-08-12 15:27:35,折角修复,kink,SN,sn2612-sn2702 | sn2702-sn2704 | sn2704-sn2706,做空B段(实际高于理论),0.001304,False,低流动性(钓鱼),False,contango(+145.0元/月),83.3,,"(-830, 1, 2320, 2)",A=200.0; B=745.0; C=165.0; 理论B=(A+C)/2=182.5; 价差(理论-实际)=-562.5; 主力价=431480; 比例%=0.1304; 同构性=同构; 最小腿OI=44; 盘口空隙=315跳/0.730%,,,,月差2 同构
2026-08-12 15:27:35,同构价差对比,kink,SN,sn2612-sn2702 | sn2702-sn2704 | sn2704-sn2706,做空B段(B高于插值),0.001304,False,低流动性(钓鱼),False,contango(+145.0元/月),83.3,,"(-830, 1, 2320, 2)","A=200.0; B=745.0; C=165.0; 理论B=(A+C)/2=182.5; 估值偏差(实际-理论)=562.5; 比例%=0.1304; 归因=sn2702-sn2703 高估+865.0(整段偏差+562.5的主要来源); 同构=月差2,跨注销0,同构; 最小腿OI=44; 盘口空隙=315跳/0.730%",,,,"组共9段, 仅取紧邻三元组"
2026-08-12 15:27:35,折角修复,kink,NI,ni2608-ni2610 | ni2610-ni2612 | ni2612-ni2702,做多B段(实际低于理论),0.001301,True,,True,contango(+266.5元/月),83.3,,"(-680, 1, -570, 1)",A=-360.0; B=-625.0; C=-555.0; 理论B=(A+C)/2=-457.5; 价差(理论-实际)=167.5; 主力价=128710; 比例%=0.1301; 同构性=同构; 最小腿OI=1380; 盘口空隙=11跳/0.085%,,,,月差2 同构
2026-08-12 15:27:35,折角修复,kink,AG,ag2611-ag2701 | ag2701-ag2703 | ag2703-ag2705,做空B段(实际高于理论),0.0013,False,低流动性(钓鱼),False,contango(+13.9元/月),100.0,,"(-74, 1, 56, 1)",A=-23.0; B=-9.0; C=-37.0; 理论B=(A+C)/2=-30.0; 价差(理论-实际)=-21.0; 主力价=16154; 比例%=0.13; 同构性=同构; 最小腿OI=2355; 盘口空隙=130跳/0.805%,,,,月差2 同构
2026-08-12 15:27:35,同构价差对比,kink,AG,ag2611-ag2701 | ag2701-ag2703 | ag2703-ag2705,做空B段(B高于插值),0.0013,False,低流动性(钓鱼),False,contango(+13.9元/月),100.0,,"(-74, 1, 56, 1)","A=-23.0; B=-9.0; C=-37.0; 理论B=(A+C)/2=-30.0; 估值偏差(实际-理论)=21.0; 比例%=0.13; 归因=ag2702-ag2703 高估+14.0(整段偏差+21.0的主要来源); 同构=月差2,跨注销0,同构; 最小腿OI=2355; 盘口空隙=130跳/0.805%",,,,"组共9段, 仅取紧邻三元组"
2026-08-12 15:27:35,折角修复,kink,SS,ss2608-ss2610 | ss2611-ss2701 | ss2702-ss2704,做空B段(实际高于理论),0.00129,True,,False,contango(+12.9元/月),66.7,,"(-25, 1, 10, 1)",A=-45.0; B=-7.5; C=-7.5; 理论B=(A+C)/2=-26.25; 价差(理论-实际)=-18.75; 主力价=14535; 比例%=0.129; 同构性=同构; 最小腿OI=67; 盘口空隙=7跳/0.241%,,,,月差2 同构
2026-08-12 15:27:35,折角修复,kink,SS,ss2611-ss2701 | ss2701-ss2703 | ss2703-ss2705,做多B段(实际低于理论),0.00129,False,低流动性(钓鱼),False,contango(+12.9元/月),66.7,,"(-105, 1, 45, 1)",A=-7.5; B=-30.0; C=-15.0; 理论B=(A+C)/2=-11.25; 价差(理论-实际)=18.75; 主力价=14535; 比例%=0.129; 同构性=同构; 最小腿OI=135; 盘口空隙=30跳/1.032%,,,,月差2 同构
2026-08-12 15:27:35,同构价差对比,kink,SS,ss2611-ss2701 | ss2701-ss2703 | ss2703-ss2705,做多B段(B低于插值),0.00129,False,低流动性(钓鱼),False,contango(+12.9元/月),66.7,,"(-105, 1, 45, 1)","A=-7.5; B=-30.0; C=-15.0; 理论B=(A+C)/2=-11.25; 估值偏差(实际-理论)=-18.75; 比例%=0.129; 归因=ss2702-ss2703 低估-13.8(整段偏差-18.8的主要来源); 同构=月差2,跨注销1,同构; 最小腿OI=135; 盘口空隙=30跳/1.032%",,,,"组共9段, 仅取紧邻三元组"
2026-08-12 15:27:35,同构价差对比,kink,SS,ss2701-ss2703 | ss2703-ss2705 | ss2705-ss2707,做多B段(B低于插值),0.00129,False,低流动性(钓鱼),False,contango(+12.9元/月),66.7,,"(-145, 2, 115, 2)","A=-30.0; B=-15.0; C=37.5; 理论B=(A+C)/2=3.75; 估值偏差(实际-理论)=-18.75; 比例%=0.129; 归因=ss2704-ss2705 低估-35.0(整段偏差-18.8的主要来源); 同构=月差2,跨注销1,同构; 最小腿OI=17; 盘口空隙=52跳/1.789%",,,,"组共9段, 仅取紧邻三元组"
2026-08-12 15:27:35,折角修复,kink,AL,al2702-al2703 | al2704-al2705 | al2706-al2707,做空B段(实际高于理论),0.001287,False,低流动性(钓鱼),False,back(-15.5元/月),83.3,,"(-5, 1, 135, 1)",A=45.0; B=65.0; C=22.5; 理论B=(A+C)/2=33.75; 价差(理论-实际)=-31.25; 主力价=24285; 比例%=0.1287; 同构性=同构; 最小腿OI=429; 盘口空隙=28跳/0.576%,,,,月差1 同构
2026-08-12 15:27:35,折角修复,kink,AL,al2609-al2611 | al2612-al2702 | al2703-al2705,做多B段(实际低于理论),0.001287,False,低流动性(钓鱼),True,back(-15.5元/月),83.3,,"(-70, 1, 55, 1)",A=22.5; B=-7.5; C=25.0; 理论B=(A+C)/2=23.75; 价差(理论-实际)=31.25; 主力价=24285; 比例%=0.1287; 同构性=同构; 最小腿OI=2851; 盘口空隙=25跳/0.515%,,,,月差2 同构
2026-08-12 15:27:35,折角修复,kink,AL,al2701-al2703 | al2703-al2705 | al2705-al2707,做空B段(实际高于理论),0.001287,False,低流动性(钓鱼),False,back(-15.5元/月),83.3,,"(-100, 1, 150, 1)",A=-7.5; B=25.0; C=-5.0; 理论B=(A+C)/2=-6.25; 价差(理论-实际)=-31.25; 主力价=24285; 比例%=0.1287; 同构性=同构; 最小腿OI=429; 盘口空隙=50跳/1.029%,,,,月差2 同构
2026-08-12 15:27:35,同构价差对比,kink,AL,al2701-al2703 | al2703-al2705 | al2705-al2707,做空B段(B高于插值),0.001287,False,低流动性(钓鱼),False,back(-15.5元/月),83.3,,"(-100, 1, 150, 1)","A=-7.5; B=25.0; C=-5.0; 理论B=(A+C)/2=-6.25; 估值偏差(实际-理论)=31.25; 比例%=0.1287; 归因=al2704-al2705 高估+31.2(整段偏差+31.2的主要来源); 同构=月差2,跨注销0,同构; 最小腿OI=429; 盘口空隙=50跳/1.029%",,,,"组共9段, 仅取紧邻三元组"
2026-08-12 15:27:35,折角修复,kink,NI,ni2610-ni2612 | ni2701-ni2703 | ni2704-ni2706,做多B段(实际低于理论),0.001263,False,低流动性(钓鱼),True,contango(+266.5元/月),83.3,,"(-1430, 1, 50, 1)",A=-625.0; B=-690.0; C=-430.0; 理论B=(A+C)/2=-527.5; 价差(理论-实际)=162.5; 主力价=128710; 比例%=0.1263; 同构性=同构; 最小腿OI=193; 盘口空隙=148跳/1.150%,,,,月差2 同构
2026-08-12 15:27:35,同构价差对比,kink,PX,PX612-PX702 | PX702-PX704 | PX704-PX706,做空B段(B高于插值),0.001255,False,低流动性(钓鱼),False,back(-44.1元/月),0.0,,"(54, 1, 90, 1)","A=88.0; B=72.0; C=36.0; 理论B=(A+C)/2=62.0; 估值偏差(实际-理论)=10.0; 比例%=0.1255; 归因=PX702-PX703 高估+8.5(整段偏差+10.0的主要来源); 同构=月差2,跨注销1,同构; 最小腿OI=19; 盘口空隙=18跳/0.452%",CZCE.SPD PX702&PX704,,,"组共4段, 仅取紧邻三元组"
2026-08-12 15:27:35,同构价差对比,kink,J,j2609-j2610 | j2610-j2611 | j2611-j2612,做多B段(B低于插值),0.001246,False,低流动性(钓鱼),True,contango(+12.1元/月),66.7,,"(-15.5, 1, -5.0, 1)","A=1.25; B=-10.25; C=-17.0; 理论B=(A+C)/2=-7.88; 估值偏差(实际-理论)=-2.38; 比例%=0.1246; 归因=B即相邻月段; 同构=月差1,跨注销0,同构; 最小腿OI=1314; 盘口空隙=21跳/0.551%",DCE.SP j2610&j2611,,,"组共10段, 仅取紧邻三元组"
2026-08-12 15:27:35,折角修复,kink,NI,ni2608-ni2610 | ni2612-ni2702 | ni2704-ni2706,做多B段(实际低于理论),0.001243,False,低流动性(钓鱼),True,contango(+266.5元/月),83.3,,"(-1130, 1, 20, 1)",A=-360.0; B=-555.0; C=-430.0; 理论B=(A+C)/2=-395.0; 价差(理论-实际)=160.0; 主力价=128710; 比例%=0.1243; 同构性=同构; 最小腿OI=193; 盘口空隙=115跳/0.893%,,,,月差2 同构
2026-08-12 15:27:35,折角修复,kink,EB,eb2609-eb2610 | eb2610-eb2611 | eb2611-eb2612,做空B段(实际高于理论),0.001218,True,,False,back(-111.7元/月),33.3,,"(126, 20, 128, 51)",A=126.0; B=127.0; C=108.0; 理论B=(A+C)/2=117.0; 价差(理论-实际)=-10.0; 主力价=8208; 比例%=0.1218; 同构性=同构; 最小腿OI=25026; 盘口空隙=2跳/0.024%,DCE.SP eb2610&eb2611,,,月差1 同构
2026-08-12 15:27:35,同构价差对比,kink,EB,eb2609-eb2610 | eb2610-eb2611 | eb2611-eb2612,做空B段(B高于插值),0.001218,True,,False,back(-111.7元/月),33.3,,"(126, 20, 128, 51)","A=126.0; B=127.0; C=108.0; 理论B=(A+C)/2=117.0; 估值偏差(实际-理论)=10.0; 比例%=0.1218; 归因=B即相邻月段; 同构=月差1,跨注销0,同构; 最小腿OI=25026; 盘口空隙=2跳/0.024%",DCE.SP eb2610&eb2611,,,"组共10段, 仅取紧邻三元组"
2026-08-12 15:27:35,折角修复,kink,AG,ag2701-ag2703 | ag2703-ag2705 | ag2705-ag2707,做多B段(实际低于理论),0.001207,False,低流动性(钓鱼),True,contango(+13.9元/月),100.0,,"(-96, 1, 22, 1)",A=-9.0; B=-37.0; C=-26.0; 理论B=(A+C)/2=-17.5; 价差(理论-实际)=19.5; 主力价=16154; 比例%=0.1207; 同构性=同构; 最小腿OI=1803; 盘口空隙=118跳/0.730%,,,,月差2 同构
2026-08-12 15:27:35,同构价差对比,kink,AG,ag2701-ag2703 | ag2703-ag2705 | ag2705-ag2707,做多B段(B低于插值),0.001207,False,低流动性(钓鱼),True,contango(+13.9元/月),100.0,,"(-96, 1, 22, 1)","A=-9.0; B=-37.0; C=-26.0; 理论B=(A+C)/2=-17.5; 估值偏差(实际-理论)=-19.5; 比例%=0.1207; 归因=ag2704-ag2705 低估-10.2(整段偏差-19.5的主要来源); 同构=月差2,跨注销0,同构; 最小腿OI=1803; 盘口空隙=118跳/0.730%",,,,"组共9段, 仅取紧邻三元组"
2026-08-12 15:27:35,折角修复,kink,PX,PX610-PX611 | PX612-PX701 | PX702-PX703,做空B段(实际高于理论),0.001192,True,,False,back(-44.1元/月),0.0,,"(48, 55, 50, 73)",A=39.0; B=49.0; C=40.0; 理论B=(A+C)/2=39.5; 价差(理论-实际)=-9.5; 主力价=7970; 比例%=0.1192; 同构性=同构; 最小腿OI=29; 盘口空隙=1跳/0.025%,CZCE.SPD PX612&PX701,,,月差1 同构
2026-08-12 15:27:35,注销后首月溢价,spread,PS,ps2706-ps2707,做多价差(买注销后首月卖次月),0.001185,False,低流动性(钓鱼),True,contango(+789.4元/月),,,"(-1575, 1, 1475, 1)",注销月=ps2705; 价差=-50.0; 期限斜率t=3.05; 最小腿OI=5; 盘口空隙=610跳/7.954%,,,,
2026-08-12 15:27:35,折角修复,kink,CU,cu2608-cu2609 | cu2609-cu2610 | cu2610-cu2611,做多B段(实际低于理论),0.001176,True,,True,back(-154.3元/月),33.3,,"(170, 2, 190, 1)",A=430.0; B=180.0; C=185.0; 理论B=(A+C)/2=307.5; 价差(理论-实际)=127.5; 主力价=108390; 比例%=0.1176; 同构性=同构; 最小腿OI=22320; 盘口空隙=2跳/0.018%,,,,月差1 同构
2026-08-12 15:27:35,同构价差对比,kink,RR,rr2611-rr2612 | rr2612-rr2701 | rr2701-rr2702,做空B段(B高于插值),0.001173,False,低流动性(钓鱼),False,back(-25.9元/月),0.0,,"(-32, 1, -8, 1)","A=-61.5; B=-20.0; C=13.0; 理论B=(A+C)/2=-24.25; 估值偏差(实际-理论)=4.25; 比例%=0.1173; 归因=B即相邻月段; 同构=月差1,跨注销0,同构; 最小腿OI=48; 盘口空隙=24跳/0.662%",DCE.SP rr2612&rr2701,,,"组共9段, 仅取紧邻三元组"
2026-08-12 15:27:35,折角修复,kink,SN,sn2609-sn2610 | sn2611-sn2612 | sn2701-sn2702,做空B段(实际高于理论),0.00117,True,,False,contango(+145.0元/月),83.3,,"(-160, 1, 640, 1)",A=-310.0; B=240.0; C=-220.0; 理论B=(A+C)/2=-265.0; 价差(理论-实际)=-505.0; 主力价=431480; 比例%=0.117; 同构性=同构; 最小腿OI=305; 盘口空隙=80跳/0.185%,,,,月差1 同构
2026-08-12 15:27:35,折角修复,kink,RB,rb2612-rb2701 | rb2702-rb2703 | rb2704-rb2705,做空B段(实际高于理论),0.001163,False,低流动性(钓鱼),False,contango(+10.4元/月),66.7,,"(-11, 2, -1, 2)",A=-12.0; B=-6.0; C=-7.0; 理论B=(A+C)/2=-9.5; 价差(理论-实际)=-3.5; 主力价=3010; 比例%=0.1163; 同构性=同构; 最小腿OI=520; 盘口空隙=10跳/0.332%,,,,月差1 同构
2026-08-12 15:27:35,折角修复,kink,ZN,zn2702-zn2703 | zn2704-zn2705 | zn2706-zn2707,做空B段(实际高于理论),0.00116,False,低流动性(钓鱼),False,contango(+5.2元/月),100.0,,"(-85, 2, 205, 2)",A=15.0; B=60.0; C=45.0; 理论B=(A+C)/2=30.0; 价差(理论-实际)=-30.0; 主力价=25870; 比例%=0.116; 同构性=同构; 最小腿OI=87; 盘口空隙=58跳/1.121%,,,,月差1 同构
2026-08-12 15:27:35,折角修复,kink,V,v2608-v2609 | v2612-v2701 | v2704-v2705,做空B段(实际高于理论),0.001159,True,,False,contango(+44.0元/月),66.7,,"(-32, 639, -31, 1439)",A=-40.5; B=-31.5; C=-33.0; 理论B=(A+C)/2=-36.75; 价差(理论-实际)=-5.25; 主力价=4528; 比例%=0.1159; 同构性=同构; 最小腿OI=2687; 盘口空隙=1跳/0.022%,DCE.SP v2612&v2701,,,月差1 同构
2026-08-12 15:27:35,折角修复,kink,HC,hc2610-hc2612 | hc2612-hc2702 | hc2702-hc2704,做多B段(实际低于理论),0.001158,False,低流动性(钓鱼),False,contango(+5.5元/月),83.3,,"(-43, 2, 12, 2)",A=-8.5; B=-15.5; C=-15.0; 理论B=(A+C)/2=-11.75; 价差(理论-实际)=3.75; 主力价=3239; 比例%=0.1158; 同构性=同构; 最小腿OI=79; 盘口空隙=55跳/1.698%,,,,月差2 同构
2026-08-12 15:27:35,同构价差对比,kink,HC,hc2610-hc2612 | hc2612-hc2702 | hc2702-hc2704,做多B段(B低于插值),0.001158,False,低流动性(钓鱼),False,contango(+5.5元/月),83.3,,"(-43, 2, 12, 2)","A=-8.5; B=-15.5; C=-15.0; 理论B=(A+C)/2=-11.75; 估值偏差(实际-理论)=-3.75; 比例%=0.1158; 归因=hc2701-hc2702 低估-4.2(整段偏差-3.8的主要来源); 同构=月差2,跨注销1,同构; 最小腿OI=79; 盘口空隙=55跳/1.698%",,,,"组共9段, 仅取紧邻三元组"
2026-08-12 15:27:35,折角修复,kink,CU,cu2608-cu2609 | cu2610-cu2611 | cu2612-cu2701,做多B段(实际低于理论),0.001153,True,,True,back(-154.3元/月),33.3,,"(160, 1, 210, 1)",A=430.0; B=185.0; C=190.0; 理论B=(A+C)/2=310.0; 价差(理论-实际)=125.0; 主力价=108390; 比例%=0.1153; 同构性=同构; 最小腿OI=22320; 盘口空隙=5跳/0.046%,,,,月差1 同构
2026-08-12 15:27:35,价差递延,butterfly,LC,lc2703-lc2705-lc2707,"做多蝶式(买后段卖前段,结构应后段>前段)",0.001153,False,低流动性(钓鱼),False,back(-242.5元/月),66.7,,,"前段=-290.0; 后段=-460.0; 蝶值(后-前)=-170.0; 结构基准E=2; 同构性=非同构(near/far),结构性不等式违背,|蝶值|为保守错价下限; 最小腿OI=0; 盘口空隙=709跳/9.481%",,,,泛化蝶式 月差2+2
2026-08-12 15:27:35,价差递延,butterfly,EG,eg2703-eg2704-eg2705,"做多蝶式(买后段卖前段,结构应后段>前段)",0.001152,True,,False,back(-130.1元/月),0.0,,,"前段=12.5; 后段=7.5; 蝶值(后-前)=-5.0; 结构基准E=1; 同构性=非同构(near/none),结构性不等式违背,|蝶值|为保守错价下限; 最小腿OI=89; 盘口空隙=12跳/0.244%",,,,泛化蝶式 月差1+1
2026-08-12 15:27:35,价差递延,butterfly,EG,eg2703-eg2705-eg2707,"做多蝶式(买后段卖前段,结构应后段>前段)",0.001152,True,,False,back(-130.1元/月),0.0,,,"前段=22.5; 后段=17.5; 蝶值(后-前)=-5.0; 结构基准E=1; 同构性=非同构(near/none),结构性不等式违背,|蝶值|为保守错价下限; 最小腿OI=28; 盘口空隙=10跳/0.204%",,,,泛化蝶式 月差2+2
2026-08-12 15:27:35,折角修复,kink,AG,ag2608-ag2609 | ag2609-ag2610 | ag2610-ag2611,做多B段(实际低于理论),0.001145,True,,True,contango(+13.9元/月),100.0,,"(-38, 1, -30, 4)",A=-9.5; B=-34.0; C=-21.5; 理论B=(A+C)/2=-15.5; 价差(理论-实际)=18.5; 主力价=16154; 比例%=0.1145; 同构性=同构; 最小腿OI=5906; 盘口空隙=8跳/0.050%,,,,月差1 同构
2026-08-12 15:27:35,折角修复,kink,SN,sn2610-sn2612 | sn2612-sn2702 | sn2702-sn2704,做多B段(实际低于理论),0.001136,False,低流动性(钓鱼),True,contango(+145.0元/月),83.3,,"(-1110, 1, 1510, 1)",A=635.0; B=200.0; C=745.0; 理论B=(A+C)/2=690.0; 价差(理论-实际)=490.0; 主力价=431480; 比例%=0.1136; 同构性=同构; 最小腿OI=44; 盘口空隙=262跳/0.607%,,,,月差2 同构
2026-08-12 15:27:35,同构价差对比,kink,SN,sn2610-sn2612 | sn2612-sn2702 | sn2702-sn2704,做多B段(B低于插值),0.001136,False,低流动性(钓鱼),True,contango(+145.0元/月),83.3,,"(-1110, 1, 1510, 1)","A=635.0; B=200.0; C=745.0; 理论B=(A+C)/2=690.0; 估值偏差(实际-理论)=-490.0; 比例%=0.1136; 归因=sn2701-sn2702 低估-282.5(整段偏差-490.0的主要来源); 同构=月差2,跨注销0,同构; 最小腿OI=44; 盘口空隙=262跳/0.607%",,,,"组共9段, 仅取紧邻三元组"
2026-08-12 15:27:35,注销后首月溢价,spread,UR,UR703-UR704,做多价差(买注销后首月卖次月),0.001129,True,,True,contango(+13.6元/月),100.0,100.0,"(-3, 110, -1, 22)","注销月=UR702; 价差=-2.0; 期限斜率t=9.05; 仓单佐证=逆风(同期分位100%,当前4958); 最小腿OI=288; 盘口空隙=2跳/0.119%",CZCE.SPD UR703&UR704,,,
2026-08-12 15:27:35,同构价差对比,kink,TA,TA611-TA612 | TA612-TA701 | TA701-TA702,做空B段(B高于插值),0.001128,True,,False,back(-42.3元/月),16.7,,"(48, 51, 50, 40)","A=53.0; B=49.0; C=32.0; 理论B=(A+C)/2=42.5; 估值偏差(实际-理论)=6.5; 比例%=0.1128; 归因=B即相邻月段; 同构=月差1,跨注销0,同构; 最小腿OI=527; 盘口空隙=1跳/0.035%",CZCE.SPD TA612&TA701,,,"组共10段, 仅取紧邻三元组"
2026-08-12 15:27:35,折角修复,kink,SS,ss2701-ss2702 | ss2703-ss2704 | ss2705-ss2706,做空B段(实际高于理论),0.001118,False,低流动性(钓鱼),False,contango(+12.9元/月),66.7,,"(-115, 2, 150, 2)",A=-5.0; B=17.5; C=7.5; 理论B=(A+C)/2=1.25; 价差(理论-实际)=-16.25; 主力价=14535; 比例%=0.1118; 同构性=同构; 最小腿OI=23; 盘口空隙=53跳/1.823%,,,,月差1 同构
2026-08-12 15:27:35,折角修复,kink,SS,ss2609-ss2611 | ss2611-ss2701 | ss2701-ss2703,做空B段(实际高于理论),0.001118,True,,False,contango(+12.9元/月),66.7,,"(-25, 1, 10, 1)",A=-17.5; B=-7.5; C=-30.0; 理论B=(A+C)/2=-23.75; 价差(理论-实际)=-16.25; 主力价=14535; 比例%=0.1118; 同构性=同构; 最小腿OI=135; 盘口空隙=7跳/0.241%,,,,月差2 同构
2026-08-12 15:27:35,折角修复,kink,SS,ss2610-ss2612 | ss2612-ss2702 | ss2702-ss2704,做空B段(实际高于理论),0.001118,False,低流动性(钓鱼),False,contango(+12.9元/月),66.7,,"(-40, 3, 50, 1)",A=-15.0; B=5.0; C=-7.5; 理论B=(A+C)/2=-11.25; 价差(理论-实际)=-16.25; 主力价=14535; 比例%=0.1118; 同构性=同构; 最小腿OI=67; 盘口空隙=18跳/0.619%,,,,月差2 同构
2026-08-12 15:27:35,折角修复,kink,SM,SM702-SM703 | SM703-SM704 | SM704-SM705,做空B段(实际高于理论),0.001118,True,,False,contango(+13.1元/月),66.7,,"(-14, 1, -8, 2)",A=-19.0; B=-11.0; C=-16.0; 理论B=(A+C)/2=-17.5; 价差(理论-实际)=-6.5; 主力价=5814; 比例%=0.1118; 同构性=同构; 最小腿OI=84; 盘口空隙=3跳/0.103%,CZCE.SPD SM703&SM704,,,月差1 同构
2026-08-12 15:27:35,同构价差对比,kink,SS,ss2609-ss2611 | ss2611-ss2701 | ss2701-ss2703,做空B段(B高于插值),0.001118,True,,False,contango(+12.9元/月),66.7,,"(-25, 1, 10, 1)","A=-17.5; B=-7.5; C=-30.0; 理论B=(A+C)/2=-23.75; 估值偏差(实际-理论)=16.25; 比例%=0.1118; 归因=ss2612-ss2701 高估+21.2(整段偏差+16.2的主要来源); 同构=月差2,跨注销1,同构; 最小腿OI=135; 盘口空隙=7跳/0.241%",,,,"组共9段, 仅取紧邻三元组"
2026-08-12 15:27:35,同构价差对比,kink,SS,ss2610-ss2612 | ss2612-ss2702 | ss2702-ss2704,做空B段(B高于插值),0.001118,False,低流动性(钓鱼),False,contango(+12.9元/月),66.7,,"(-40, 3, 50, 1)","A=-15.0; B=5.0; C=-7.5; 理论B=(A+C)/2=-11.25; 估值偏差(实际-理论)=16.25; 比例%=0.1118; 归因=ss2612-ss2701 高估+21.2(整段偏差+16.2的主要来源); 同构=月差2,跨注销1,同构; 最小腿OI=67; 盘口空隙=18跳/0.619%",,,,"组共9段, 仅取紧邻三元组"
2026-08-12 15:27:35,同构价差对比,kink,SM,SM702-SM703 | SM703-SM704 | SM704-SM705,做空B段(B高于插值),0.001118,True,,False,contango(+13.1元/月),66.7,,"(-14, 1, -8, 2)","A=-19.0; B=-11.0; C=-16.0; 理论B=(A+C)/2=-17.5; 估值偏差(实际-理论)=6.5; 比例%=0.1118; 归因=B即相邻月段; 同构=月差1,跨注销0,同构; 最小腿OI=84; 盘口空隙=3跳/0.103%",CZCE.SPD SM703&SM704,,,"组共10段, 仅取紧邻三元组"
2026-08-12 15:27:35,同构价差对比,kink,LU,lu2611-lu2612 | lu2612-lu2701 | lu2701-lu2702,做空B段(B高于插值),0.001116,False,低流动性(钓鱼),False,back(-161.9元/月),16.7,,"(132, 1, 165, 1)","A=162.5; B=148.5; C=124.0; 理论B=(A+C)/2=143.25; 估值偏差(实际-理论)=5.25; 比例%=0.1116; 归因=B即相邻月段; 同构=月差1,跨注销0,非同构(far/near/none,结构有利,插值为保守下限); 最小腿OI=249; 盘口空隙=33跳/0.701%",,,,"组共11段, 仅取紧邻三元组"
2026-08-12 15:27:35,折角修复,kink,AD,ad2610-ad2612 | ad2701-ad2703 | ad2704-ad2706,做多B段(实际低于理论),0.00111,False,低流动性(钓鱼),False,contango(+60.4元/月),,,"(-460, 1, 295, 1)",A=-57.5; B=-82.5; C=-55.0; 理论B=(A+C)/2=-56.25; 价差(理论-实际)=26.25; 主力价=23645; 比例%=0.111; 同构性=同构; 最小腿OI=1; 盘口空隙=151跳/3.193%,,,,月差2 同构
2026-08-12 15:27:35,折角修复,kink,CU,cu2609-cu2611 | cu2612-cu2702 | cu2703-cu2705,做多B段(实际低于理论),0.001107,False,低流动性(钓鱼),True,back(-154.3元/月),33.3,,"(-90, 1, 350, 1)",A=365.0; B=130.0; C=135.0; 理论B=(A+C)/2=250.0; 价差(理论-实际)=120.0; 主力价=108390; 比例%=0.1107; 同构性=同构; 最小腿OI=4724; 盘口空隙=44跳/0.406%,,,,月差2 同构
2026-08-12 15:27:35,折角修复,kink,V,v2608-v2609 | v2609-v2610 | v2610-v2611,做多B段(实际低于理论),0.001104,True,,True,contango(+44.0元/月),66.7,,"(-43, 1010, -42, 314)",A=-40.5; B=-42.5; C=-34.5; 理论B=(A+C)/2=-37.5; 价差(理论-实际)=5.0; 主力价=4528; 比例%=0.1104; 同构性=同构; 最小腿OI=13555; 盘口空隙=1跳/0.022%,DCE.SP v2609&v2610,,,月差1 同构
2026-08-12 15:27:35,折角修复,kink,V,v2609-v2610 | v2610-v2611 | v2611-v2612,做空B段(实际高于理论),0.001104,True,,False,contango(+44.0元/月),66.7,,"(-35, 175, -34, 1555)",A=-42.5; B=-34.5; C=-36.5; 理论B=(A+C)/2=-39.5; 价差(理论-实际)=-5.0; 主力价=4528; 比例%=0.1104; 同构性=同构; 最小腿OI=107724; 盘口空隙=1跳/0.022%,DCE.SP v2610&v2611,,,月差1 同构
2026-08-12 15:27:35,同构价差对比,kink,V,v2609-v2610 | v2610-v2611 | v2611-v2612,做空B段(B高于插值),0.001104,True,,False,contango(+44.0元/月),66.7,,"(-35, 175, -34, 1555)","A=-42.5; B=-34.5; C=-36.5; 理论B=(A+C)/2=-39.5; 估值偏差(实际-理论)=5.0; 比例%=0.1104; 归因=B即相邻月段; 同构=月差1,跨注销0,同构; 最小腿OI=107724; 盘口空隙=1跳/0.022%",DCE.SP v2610&v2611,,,"组共10段, 仅取紧邻三元组"
2026-08-12 15:27:35,折角修复,kink,PB,pb2701-pb2703 | pb2703-pb2705 | pb2705-pb2707,做多B段(实际低于理论),0.001099,True,,True,contango(+20.5元/月),83.3,,"(-35, 1, 0, 1)",A=-7.5; B=-17.5; C=7.5; 理论B=(A+C)/2=0.0; 价差(理论-实际)=17.5; 主力价=15925; 比例%=0.1099; 同构性=同构; 最小腿OI=30; 盘口空隙=7跳/0.220%,,,,月差2 同构
2026-08-12 15:27:35,同构价差对比,kink,PB,pb2701-pb2703 | pb2703-pb2705 | pb2705-pb2707,做多B段(B低于插值),0.001099,True,,True,contango(+20.5元/月),83.3,,"(-35, 1, 0, 1)","A=-7.5; B=-17.5; C=7.5; 理论B=(A+C)/2=0.0; 估值偏差(实际-理论)=-17.5; 比例%=0.1099; 归因=pb2703-pb2704 低估-11.2(整段偏差-17.5的主要来源); 同构=月差2,跨注销0,同构; 最小腿OI=30; 盘口空隙=7跳/0.220%",,,,"组共9段, 仅取紧邻三元组"
2026-08-12 15:27:35,折角修复,kink,L,l2704-l2705 | l2705-l2706 | l2706-l2707,做多B段(实际低于理论),0.001088,True,,True,back(-96.9元/月),0.0,,"(15, 2, 18, 3)",A=28.0; B=16.5; C=22.0; 理论B=(A+C)/2=25.0; 价差(理论-实际)=8.5; 主力价=7809; 比例%=0.1088; 同构性=同构; 最小腿OI=23; 盘口空隙=3跳/0.038%,DCE.SP l2705&l2706,,,月差1 同构
2026-08-12 15:27:35,同构价差对比,kink,NI,ni2703-ni2704 | ni2704-ni2705 | ni2705-ni2706,做空B段(B高于插值),0.001088,False,低流动性(钓鱼),False,contango(+266.5元/月),83.3,,"(-510, 1, 550, 1)","A=210.0; B=20.0; C=-450.0; 理论B=(A+C)/2=-120.0; 估值偏差(实际-理论)=140.0; 比例%=0.1088; 归因=B即相邻月段; 同构=月差1,跨注销0,同构; 最小腿OI=193; 盘口空隙=106跳/0.824%",,,,"组共10段, 仅取紧邻三元组"
2026-08-12 15:27:35,同构价差对比,kink,L,l2704-l2705 | l2705-l2706 | l2706-l2707,做多B段(B低于插值),0.001088,True,,True,back(-96.9元/月),0.0,,"(15, 2, 18, 3)","A=28.0; B=16.5; C=22.0; 理论B=(A+C)/2=25.0; 估值偏差(实际-理论)=-8.5; 比例%=0.1088; 归因=B即相邻月段; 同构=月差1,跨注销0,同构; 最小腿OI=23; 盘口空隙=3跳/0.038%",DCE.SP l2705&l2706,,,"组共10段, 仅取紧邻三元组"
2026-08-12 15:27:35,折角修复,kink,HC,hc2610-hc2611 | hc2611-hc2612 | hc2612-hc2701,做多B段(实际低于理论),0.001081,False,低流动性(钓鱼),False,contango(+5.5元/月),83.3,,"(-20, 2, 5, 2)",A=-1.0; B=-7.5; C=-7.0; 理论B=(A+C)/2=-4.0; 价差(理论-实际)=3.5; 主力价=3239; 比例%=0.1081; 同构性=同构; 最小腿OI=1187; 盘口空隙=25跳/0.772%,,,,月差1 同构
2026-08-12 15:27:35,同构价差对比,kink,HC,hc2610-hc2611 | hc2611-hc2612 | hc2612-hc2701,做多B段(B低于插值),0.001081,False,低流动性(钓鱼),False,contango(+5.5元/月),83.3,,"(-20, 2, 5, 2)","A=-1.0; B=-7.5; C=-7.0; 理论B=(A+C)/2=-4.0; 估值偏差(实际-理论)=-3.5; 比例%=0.1081; 归因=B即相邻月段; 同构=月差1,跨注销0,同构; 最小腿OI=1187; 盘口空隙=25跳/0.772%",,,,"组共10段, 仅取紧邻三元组"
2026-08-12 15:27:35,折角修复,kink,RB,rb2703-rb2704 | rb2704-rb2705 | rb2705-rb2706,做空B段(实际高于理论),0.00108,False,低流动性(钓鱼),False,contango(+10.4元/月),66.7,,"(-20, 1, 6, 2)",A=-11.0; B=-7.0; C=-9.5; 理论B=(A+C)/2=-10.25; 价差(理论-实际)=-3.25; 主力价=3010; 比例%=0.108; 同构性=同构; 最小腿OI=276; 盘口空隙=26跳/0.864%,,,,月差1 同构
2026-08-12 15:27:35,同构价差对比,kink,RB,rb2703-rb2704 | rb2704-rb2705 | rb2705-rb2706,做空B段(B高于插值),0.00108,False,低流动性(钓鱼),False,contango(+10.4元/月),66.7,,"(-20, 1, 6, 2)","A=-11.0; B=-7.0; C=-9.5; 理论B=(A+C)/2=-10.25; 估值偏差(实际-理论)=3.25; 比例%=0.108; 归因=B即相邻月段; 同构=月差1,跨注销0,同构; 最小腿OI=276; 盘口空隙=26跳/0.864%",,,,"组共10段, 仅取紧邻三元组"
2026-08-12 15:27:35,折角修复,kink,LC,lc2609-lc2610 | lc2612-lc2701 | lc2703-lc2704,做多B段(实际低于理论),0.00107,False,低流动性(钓鱼),True,back(-242.5元/月),66.7,,"(-380, 4, 440, 1)","A=340.0; B=30.0; C=40.0; 理论B=(A+C)/2=190.0; 价差(理论-实际)=160.0; 主力价=149560; 比例%=0.107; 同构性=非同构(none/none/near,结构有利,插值为保守下限); 最小腿OI=1693; 盘口空隙=41跳/0.548%",,,,月差1 非同构-结构有利
2026-08-12 15:27:35,折角修复,kink,NI,ni2610-ni2611 | ni2702-ni2703 | ni2706-ni2707,做多B段(实际低于理论),0.001068,False,低流动性(钓鱼),True,contango(+266.5元/月),83.3,,"(-1640, 1, 750, 1)",A=-310.0; B=-445.0; C=-305.0; 理论B=(A+C)/2=-307.5; 价差(理论-实际)=137.5; 主力价=128710; 比例%=0.1068; 同构性=同构; 最小腿OI=193; 盘口空隙=239跳/1.857%,,,,月差1 同构
2026-08-12 15:27:35,折角修复,kink,ZN,zn2702-zn2703 | zn2703-zn2704 | zn2704-zn2705,做多B段(实际低于理论),0.001063,False,低流动性(钓鱼),True,contango(+5.2元/月),100.0,,"(-160, 2, 180, 2)",A=15.0; B=10.0; C=60.0; 理论B=(A+C)/2=37.5; 价差(理论-实际)=27.5; 主力价=25870; 比例%=0.1063; 同构性=同构; 最小腿OI=149; 盘口空隙=68跳/1.314%,,,,月差1 同构
2026-08-12 15:27:35,同构价差对比,kink,ZN,zn2702-zn2703 | zn2703-zn2704 | zn2704-zn2705,做多B段(B低于插值),0.001063,False,低流动性(钓鱼),True,contango(+5.2元/月),100.0,,"(-160, 2, 180, 2)","A=15.0; B=10.0; C=60.0; 理论B=(A+C)/2=37.5; 估值偏差(实际-理论)=-27.5; 比例%=0.1063; 归因=B即相邻月段; 同构=月差1,跨注销0,同构; 最小腿OI=149; 盘口空隙=68跳/1.314%",,,,"组共10段, 仅取紧邻三元组"
2026-08-12 15:27:35,价差递延,butterfly,PP,pp2701-pp2702-pp2703,"做多蝶式(买后段卖前段,结构应后段>前段)",0.001058,True,,False,back(-180.4元/月),0.0,,,"前段=97.0; 后段=89.0; 蝶值(后-前)=-8.0; 结构基准E=1; 同构性=非同构(none/far),结构性不等式违背,|蝶值|为保守错价下限; 最小腿OI=203; 盘口空隙=16跳/0.191%",,,,泛化蝶式 月差1+1
2026-08-12 15:27:35,同构价差对比,kink,P,p2612-p2702 | p2702-p2704 | p2704-p2706,做多B段(B低于插值),0.001058,True,,False,contango(+67.9元/月),100.0,,"(-100, 2, -85, 1)","A=-160.5; B=-92.5; C=-4.0; 理论B=(A+C)/2=-82.25; 估值偏差(实际-理论)=-10.25; 比例%=0.1058; 归因=p2703-p2704 低估-25.2(整段偏差-10.2的主要来源); 同构=月差2,跨注销1,同构; 最小腿OI=107; 盘口空隙=15跳/0.155%",DCE.SP p2702&p2704,,,"组共9段, 仅取紧邻三元组"
2026-08-12 15:27:35,折角修复,kink,MA,MA610-MA611 | MA701-MA702 | MA704-MA705,做空B段(实际高于理论),0.001055,True,,False,back(-19.7元/月),0.0,,"(25, 41, 26, 4)","A=21.5; B=25.5; C=24.0; 理论B=(A+C)/2=22.75; 价差(理论-实际)=-2.75; 主力价=2607; 比例%=0.1055; 同构性=非同构(far/none/far,结构有利,插值为保守下限); 最小腿OI=1044; 盘口空隙=1跳/0.038%",CZCE.SPD MA701&MA702,,,月差1 非同构-结构有利
2026-08-12 15:27:35,折角修复,kink,MA,MA612-MA701 | MA701-MA702 | MA702-MA703,做空B段(实际高于理论),0.001055,True,,False,back(-19.7元/月),0.0,,"(25, 41, 26, 4)",A=21.5; B=25.5; C=24.0; 理论B=(A+C)/2=22.75; 价差(理论-实际)=-2.75; 主力价=2607; 比例%=0.1055; 同构性=同构; 最小腿OI=2726; 盘口空隙=1跳/0.038%,CZCE.SPD MA701&MA702,,,月差1 同构
2026-08-12 15:27:35,同构价差对比,kink,MA,MA612-MA701 | MA701-MA702 | MA702-MA703,做空B段(B高于插值),0.001055,True,,False,back(-19.7元/月),0.0,,"(25, 41, 26, 4)","A=21.5; B=25.5; C=24.0; 理论B=(A+C)/2=22.75; 估值偏差(实际-理论)=2.75; 比例%=0.1055; 归因=B即相邻月段; 同构=月差1,跨注销0,同构; 最小腿OI=2726; 盘口空隙=1跳/0.038%",CZCE.SPD MA701&MA702,,,"组共10段, 仅取紧邻三元组"
2026-08-12 15:27:35,折角修复,kink,AG,ag2609-ag2610 | ag2701-ag2702 | ag2705-ag2706,做空B段(实际高于理论),0.001052,True,,False,contango(+13.9元/月),100.0,,"(-16, 1, 3, 2)",A=-34.0; B=-6.5; C=-13.0; 理论B=(A+C)/2=-23.5; 价差(理论-实际)=-17.0; 主力价=16154; 比例%=0.1052; 同构性=同构; 最小腿OI=2355; 盘口空隙=19跳/0.118%,,,,月差1 同构
2026-08-12 15:27:35,同构价差对比,kink,CF,CF701-CF703 | CF703-CF705 | CF705-CF707,做多B段(B低于插值),0.001041,True,,True,contango(+89.5元/月),83.3,,"(70, 27, 75, 44)","A=122.5; B=72.5; C=57.5; 理论B=(A+C)/2=90.0; 估值偏差(实际-理论)=-17.5; 比例%=0.1041; 归因=B即相邻月段; 同构=月差2,跨注销0,同构; 最小腿OI=158; 盘口空隙=1跳/0.030%",CZCE.SPD CF703&CF705,,,"组共5段, 仅取紧邻三元组"
2026-08-12 15:27:35,同构价差对比,kink,TA,TA610-TA612 | TA612-TA702 | TA702-TA704,做空B段(B高于插值),0.001041,False,低流动性(钓鱼),False,back(-42.3元/月),16.7,,"(68, 1, 92, 1)","A=106.0; B=80.0; C=42.0; 理论B=(A+C)/2=74.0; 估值偏差(实际-理论)=6.0; 比例%=0.1041; 归因=TA612-TA701 高估+12.5(整段偏差+6.0的主要来源); 同构=月差2,跨注销0,同构; 最小腿OI=260; 盘口空隙=12跳/0.416%",CZCE.SPD TA612&TA702,,,"组共9段, 仅取紧邻三元组"
2026-08-12 15:27:35,折角修复,kink,NI,ni2612-ni2701 | ni2701-ni2702 | ni2702-ni2703,做空B段(实际高于理论),0.001029,False,低流动性(钓鱼),False,contango(+266.5元/月),83.3,,"(-870, 1, 380, 1)",A=-310.0; B=-245.0; C=-445.0; 理论B=(A+C)/2=-377.5; 价差(理论-实际)=-132.5; 主力价=128710; 比例%=0.1029; 同构性=同构; 最小腿OI=1276; 盘口空隙=125跳/0.971%,,,,月差1 同构
2026-08-12 15:27:35,同构价差对比,kink,NI,ni2612-ni2701 | ni2701-ni2702 | ni2702-ni2703,做空B段(B高于插值),0.001029,False,低流动性(钓鱼),False,contango(+266.5元/月),83.3,,"(-870, 1, 380, 1)","A=-310.0; B=-245.0; C=-445.0; 理论B=(A+C)/2=-377.5; 估值偏差(实际-理论)=132.5; 比例%=0.1029; 归因=B即相邻月段; 同构=月差1,跨注销0,同构; 最小腿OI=1276; 盘口空隙=125跳/0.971%",,,,"组共10段, 仅取紧邻三元组"
2026-08-12 15:27:35,折角修复,kink,SN,sn2611-sn2612 | sn2702-sn2703 | sn2705-sn2706,做空B段(实际高于理论),0.001026,False,低流动性(钓鱼),False,contango(+145.0元/月),83.3,,"(-450, 1, 2170, 2)",A=240.0; B=860.0; C=595.0; 理论B=(A+C)/2=417.5; 价差(理论-实际)=-442.5; 主力价=431480; 比例%=0.1026; 同构性=同构; 最小腿OI=75; 盘口空隙=262跳/0.607%,,,,月差1 同构
2026-08-12 15:27:35,同构价差对比,kink,JM,jm2701-jm2702 | jm2702-jm2703 | jm2703-jm2704,做多B段(B低于插值),0.001016,True,,False,contango(+28.4元/月),100.0,,"(6.5, 3, 8.0, 2)","A=10.5; B=7.25; C=7.0; 理论B=(A+C)/2=8.75; 估值偏差(实际-理论)=-1.5; 比例%=0.1016; 归因=B即相邻月段; 同构=月差1,跨注销0,同构; 最小腿OI=486; 盘口空隙=3跳/0.102%",DCE.SP jm2702&jm2703,,,"组共10段, 仅取紧邻三元组"
2026-08-12 15:27:35,折角修复,kink,ZN,zn2701-zn2702 | zn2703-zn2704 | zn2705-zn2706,做多B段(实际低于理论),0.001015,False,低流动性(钓鱼),True,contango(+5.2元/月),100.0,,"(-160, 2, 180, 2)",A=55.0; B=10.0; C=17.5; 理论B=(A+C)/2=36.25; 价差(理论-实际)=26.25; 主力价=25870; 比例%=0.1015; 同构性=同构; 最小腿OI=93; 盘口空隙=68跳/1.314%,,,,月差1 同构
2026-08-12 15:27:35,折角修复,kink,SN,sn2609-sn2611 | sn2701-sn2703 | sn2705-sn2707,做空B段(实际高于理论),0.001014,False,低流动性(钓鱼),False,contango(+145.0元/月),83.3,,"(-210, 1, 1490, 1)",A=85.0; B=640.0; C=320.0; 理论B=(A+C)/2=202.5; 价差(理论-实际)=-437.5; 主力价=431480; 比例%=0.1014; 同构性=同构; 最小腿OI=17; 盘口空隙=170跳/0.394%,,,,月差2 同构
2026-08-12 15:27:35,折角修复,kink,AG,ag2610-ag2701 | ag2701-ag2704 | ag2704-ag2707,做空B段(实际高于理论),0.001006,False,低流动性(钓鱼),False,contango(+13.9元/月),100.0,,"(-53, 1, -3, 1)",A=-44.5; B=-28.0; C=-44.0; 理论B=(A+C)/2=-44.25; 价差(理论-实际)=-16.25; 主力价=16154; 比例%=0.1006; 同构性=同构; 最小腿OI=1803; 盘口空隙=50跳/0.310%,,,,月差3 同构
2026-08-12 15:27:35,同构价差对比,kink,AG,ag2610-ag2701 | ag2701-ag2704 | ag2704-ag2707,做空B段(B高于插值),0.001006,False,低流动性(钓鱼),False,contango(+13.9元/月),100.0,,"(-53, 1, -3, 1)","A=-44.5; B=-28.0; C=-44.0; 理论B=(A+C)/2=-44.25; 估值偏差(实际-理论)=16.25; 比例%=0.1006; 归因=ag2701-ag2702 高估+13.2(整段偏差+16.2的主要来源); 同构=月差3,跨注销0,同构; 最小腿OI=1803; 盘口空隙=50跳/0.310%",,,,"组共8段, 仅取紧邻三元组"
2026-08-12 15:27:35,同构价差对比,kink,FU,fu2609-fu2611 | fu2611-fu2701 | fu2701-fu2703,做空B段(B高于插值),0.000999,True,,False,back(-97.8元/月),0.0,,"(185, 6, 187, 5)","A=255.0; B=186.0; C=110.0; 理论B=(A+C)/2=182.5; 估值偏差(实际-理论)=3.5; 比例%=0.0999; 归因=fu2612-fu2701 高估+2.5(整段偏差+3.5的主要来源); 同构=月差2,跨注销0,同构; 最小腿OI=3561; 盘口空隙=2跳/0.057%",,,,"组共10段, 仅取紧邻三元组"
2026-08-12 15:27:35,折角修复,kink,SN,sn2609-sn2610 | sn2610-sn2611 | sn2611-sn2612,做空B段(实际高于理论),0.000997,True,,False,contango(+145.0元/月),83.3,,"(310, 3, 480, 1)",A=-310.0; B=395.0; C=240.0; 理论B=(A+C)/2=-35.0; 价差(理论-实际)=-430.0; 主力价=431480; 比例%=0.0997; 同构性=同构; 最小腿OI=2270; 盘口空隙=17跳/0.039%,,,,月差1 同构
2026-08-12 15:27:35,折角修复,kink,SN,sn2609-sn2611 | sn2612-sn2702 | sn2703-sn2705,做空B段(实际高于理论),0.000997,False,低流动性(钓鱼),False,contango(+145.0元/月),83.3,,"(-1110, 1, 1510, 1)",A=85.0; B=200.0; C=-545.0; 理论B=(A+C)/2=-230.0; 价差(理论-实际)=-430.0; 主力价=431480; 比例%=0.0997; 同构性=同构; 最小腿OI=120; 盘口空隙=262跳/0.607%,,,,月差2 同构
2026-08-12 15:27:35,同构价差对比,kink,SN,sn2609-sn2610 | sn2610-sn2611 | sn2611-sn2612,做空B段(B高于插值),0.000997,True,,False,contango(+145.0元/月),83.3,,"(310, 3, 480, 1)","A=-310.0; B=395.0; C=240.0; 理论B=(A+C)/2=-35.0; 估值偏差(实际-理论)=430.0; 比例%=0.0997; 归因=B即相邻月段; 同构=月差1,跨注销0,同构; 最小腿OI=2270; 盘口空隙=17跳/0.039%",,,,"组共10段, 仅取紧邻三元组"
2026-08-12 15:27:35,同构价差对比,kink,SC,sc2610-sc2612 | sc2612-sc2702 | sc2702-sc2704,做多B段(B低于插值),0.000996,False,低流动性(钓鱼),True,back(-4.1元/月),28.6,,"(1.6, 1, 10.3, 1)","A=10.8; B=5.95; C=2.2; 理论B=(A+C)/2=6.5; 估值偏差(实际-理论)=-0.55; 比例%=0.0996; 归因=sc2612-sc2701 低估-2.0(整段偏差-0.5的主要来源); 同构=月差2,跨注销0,同构; 最小腿OI=63; 盘口空隙=87跳/1.576%",,,,"组共11段, 仅取紧邻三元组"
2026-08-12 15:27:35,折角修复,kink,PP,pp2704-pp2705 | pp2705-pp2706 | pp2706-pp2707,做多B段(实际低于理论),0.000987,True,,True,back(-180.4元/月),0.0,,"(27, 15, 31, 11)",A=44.5; B=29.0; C=30.0; 理论B=(A+C)/2=37.25; 价差(理论-实际)=8.25; 主力价=8356; 比例%=0.0987; 同构性=同构; 最小腿OI=37; 盘口空隙=4跳/0.048%,DCE.SP pp2705&pp2706,,,月差1 同构
2026-08-12 15:27:35,同构价差对比,kink,PP,pp2704-pp2705 | pp2705-pp2706 | pp2706-pp2707,做多B段(B低于插值),0.000987,True,,True,back(-180.4元/月),0.0,,"(27, 15, 31, 11)","A=44.5; B=29.0; C=30.0; 理论B=(A+C)/2=37.25; 估值偏差(实际-理论)=-8.25; 比例%=0.0987; 归因=B即相邻月段; 同构=月差1,跨注销0,同构; 最小腿OI=37; 盘口空隙=4跳/0.048%",DCE.SP pp2705&pp2706,,,"组共10段, 仅取紧邻三元组"
2026-08-12 15:27:35,折角修复,kink,PT,pt2610-pt2612 | pt2612-pt2702 | pt2702-pt2704,做多B段(实际低于理论),0.000977,True,,True,contango(+1.2元/月),,,"(-2.45, 6, -2.2, 2)",A=-1.8; B=-2.325; C=-2.0; 理论B=(A+C)/2=-1.9; 价差(理论-实际)=0.43; 主力价=435.05; 比例%=0.0977; 同构性=同构; 最小腿OI=41; 盘口空隙=5跳/0.057%,GFEX.SP pt2612&pt2702,,,月差2 同构
2026-08-12 15:27:35,同构价差对比,kink,PT,pt2610-pt2612 | pt2612-pt2702 | pt2702-pt2704,做多B段(B低于插值),0.000977,True,,True,contango(+1.2元/月),,,"(-2.45, 6, -2.2, 2)","A=-1.8; B=-2.325; C=-2.0; 理论B=(A+C)/2=-1.9; 估值偏差(实际-理论)=-0.43; 比例%=0.0977; 归因=B即相邻月段; 同构=月差2,跨注销0,同构; 最小腿OI=41; 盘口空隙=5跳/0.057%",GFEX.SP pt2612&pt2702,,,"组共4段, 仅取紧邻三元组"
2026-08-12 15:27:35,折角修复,kink,AG,ag2608-ag2610 | ag2612-ag2702 | ag2704-ag2706,做空B段(实际高于理论),0.000975,True,,False,contango(+13.9元/月),100.0,,"(-27, 1, -16, 2)",A=-43.5; B=-21.5; C=-31.0; 理论B=(A+C)/2=-37.25; 价差(理论-实际)=-15.75; 主力价=16154; 比例%=0.0975; 同构性=同构; 最小腿OI=5363; 盘口空隙=11跳/0.068%,,,,月差2 同构
2026-08-12 15:27:35,同构价差对比,kink,NI,ni2610-ni2612 | ni2612-ni2702 | ni2702-ni2704,做多B段(B低于插值),0.000971,False,低流动性(钓鱼),True,contango(+266.5元/月),83.3,,"(-1130, 1, 20, 1)","A=-625.0; B=-555.0; C=-235.0; 理论B=(A+C)/2=-430.0; 估值偏差(实际-理论)=-125.0; 比例%=0.0971; 归因=ni2701-ni2702 低估-192.5(整段偏差-125.0的主要来源); 同构=月差2,跨注销0,同构; 最小腿OI=949; 盘口空隙=115跳/0.893%",,,,"组共9段, 仅取紧邻三元组"
2026-08-12 15:27:35,折角修复,kink,CU,cu2701-cu2702 | cu2703-cu2704 | cu2705-cu2706,做空B段(实际高于理论),0.000969,True,,False,back(-154.3元/月),33.3,,"(-30, 1, 240, 1)",A=-60.0; B=105.0; C=60.0; 理论B=(A+C)/2=0.0; 价差(理论-实际)=-105.0; 主力价=108390; 比例%=0.0969; 同构性=同构; 最小腿OI=4435; 盘口空隙=27跳/0.249%,,,,月差1 同构
2026-08-12 15:27:35,同构价差对比,kink,CU,cu2611-cu2612 | cu2612-cu2701 | cu2701-cu2702,做空B段(B高于插值),0.000969,False,低流动性(钓鱼),False,back(-154.3元/月),33.3,,"(-60, 1, 440, 1)","A=230.0; B=190.0; C=-60.0; 理论B=(A+C)/2=85.0; 估值偏差(实际-理论)=105.0; 比例%=0.0969; 归因=B即相邻月段; 同构=月差1,跨注销0,同构; 最小腿OI=12347; 盘口空隙=50跳/0.461%",,,,"组共10段, 仅取紧邻三元组"
2026-08-12 15:27:35,同构价差对比,kink,PG,pg2611-pg2612 | pg2612-pg2701 | pg2701-pg2702,做空B段(B高于插值),0.000969,True,,False,back(-100.9元/月),16.7,,"(135, 1, 138, 1)","A=122.0; B=136.5; C=140.5; 理论B=(A+C)/2=131.25; 估值偏差(实际-理论)=5.25; 比例%=0.0969; 归因=B即相邻月段; 同构=月差1,跨注销0,同构; 最小腿OI=546; 盘口空隙=3跳/0.055%",DCE.SP pg2612&pg2701,,,"组共10段, 仅取紧邻三元组"
2026-08-12 15:27:35,折角修复,kink,ZN,zn2610-zn2701 | zn2701-zn2704 | zn2704-zn2707,做多B段(实际低于理论),0.000966,False,低流动性(钓鱼),True,contango(+5.2元/月),100.0,,"(-25, 1, 185, 1)",A=87.5; B=80.0; C=122.5; 理论B=(A+C)/2=105.0; 价差(理论-实际)=25.0; 主力价=25870; 比例%=0.0966; 同构性=同构; 最小腿OI=87; 盘口空隙=42跳/0.812%,,,,月差3 同构
2026-08-12 15:27:35,同构价差对比,kink,ZN,zn2610-zn2701 | zn2701-zn2704 | zn2704-zn2707,做多B段(B低于插值),0.000966,False,低流动性(钓鱼),True,contango(+5.2元/月),100.0,,"(-25, 1, 185, 1)","A=87.5; B=80.0; C=122.5; 理论B=(A+C)/2=105.0; 估值偏差(实际-理论)=-25.0; 比例%=0.0966; 归因=zn2703-zn2704 低估-36.2(整段偏差-25.0的主要来源); 同构=月差3,跨注销0,同构; 最小腿OI=87; 盘口空隙=42跳/0.812%",,,,"组共8段, 仅取紧邻三元组"
2026-08-12 15:27:35,折角修复,kink,SN,sn2608-sn2610 | sn2612-sn2702 | sn2704-sn2706,做空B段(实际高于理论),0.000962,False,低流动性(钓鱼),False,contango(+145.0元/月),83.3,,"(-1110, 1, 1510, 1)",A=-595.0; B=200.0; C=165.0; 理论B=(A+C)/2=-215.0; 价差(理论-实际)=-415.0; 主力价=431480; 比例%=0.0962; 同构性=同构; 最小腿OI=44; 盘口空隙=262跳/0.607%,,,,月差2 同构
2026-08-12 15:27:35,同构价差对比,kink,L,l2610-l2611 | l2611-l2612 | l2612-l2701,做多B段(B低于插值),0.00096,True,,True,back(-96.9元/月),0.0,,"(63, 1, 64, 2)","A=89.5; B=63.5; C=52.5; 理论B=(A+C)/2=71.0; 估值偏差(实际-理论)=-7.5; 比例%=0.096; 归因=B即相邻月段; 同构=月差1,跨注销0,同构; 最小腿OI=68277; 盘口空隙=1跳/0.013%",DCE.SP l2611&l2612,,,"组共10段, 仅取紧邻三元组"
2026-08-12 15:27:35,折角修复,kink,TA,TA704-TA705 | TA705-TA706 | TA706-TA707,做多B段(实际低于理论),0.000954,True,,True,back(-42.3元/月),16.7,,"(6, 85, 10, 43)",A=17.0; B=8.0; C=10.0; 理论B=(A+C)/2=13.5; 价差(理论-实际)=5.5; 主力价=5764; 比例%=0.0954; 同构性=同构; 最小腿OI=37; 盘口空隙=2跳/0.069%,CZCE.SPD TA705&TA706,,,月差1 同构
2026-08-12 15:27:35,同构价差对比,kink,TA,TA704-TA705 | TA705-TA706 | TA706-TA707,做多B段(B低于插值),0.000954,True,,True,back(-42.3元/月),16.7,,"(6, 85, 10, 43)","A=17.0; B=8.0; C=10.0; 理论B=(A+C)/2=13.5; 估值偏差(实际-理论)=-5.5; 比例%=0.0954; 归因=B即相邻月段; 同构=月差1,跨注销0,同构; 最小腿OI=37; 盘口空隙=2跳/0.069%",CZCE.SPD TA705&TA706,,,"组共10段, 仅取紧邻三元组"
2026-08-12 15:27:35,折角修复,kink,SN,sn2611-sn2612 | sn2612-sn2701 | sn2701-sn2702,做空B段(实际高于理论),0.00095,False,低流动性(钓鱼),False,contango(+145.0元/月),83.3,,"(-430, 1, 1270, 1)",A=240.0; B=420.0; C=-220.0; 理论B=(A+C)/2=10.0; 价差(理论-实际)=-410.0; 主力价=431480; 比例%=0.095; 同构性=同构; 最小腿OI=305; 盘口空隙=170跳/0.394%,,,,月差1 同构
2026-08-12 15:27:35,同构价差对比,kink,SN,sn2611-sn2612 | sn2612-sn2701 | sn2701-sn2702,做空B段(B高于插值),0.00095,False,低流动性(钓鱼),False,contango(+145.0元/月),83.3,,"(-430, 1, 1270, 1)","A=240.0; B=420.0; C=-220.0; 理论B=(A+C)/2=10.0; 估值偏差(实际-理论)=410.0; 比例%=0.095; 归因=B即相邻月段; 同构=月差1,跨注销0,同构; 最小腿OI=305; 盘口空隙=170跳/0.394%",,,,"组共10段, 仅取紧邻三元组"
2026-08-12 15:27:35,同构价差对比,kink,PB,pb2612-pb2702 | pb2702-pb2704 | pb2704-pb2706,做空B段(B高于插值),0.000942,True,,False,contango(+20.5元/月),83.3,,"(-35, 1, 5, 1)","A=-57.5; B=-15.0; C=-2.5; 理论B=(A+C)/2=-30.0; 估值偏差(实际-理论)=15.0; 比例%=0.0942; 归因=pb2702-pb2703 高估+26.2(整段偏差+15.0的主要来源); 同构=月差2,跨注销0,同构; 最小腿OI=29; 盘口空隙=8跳/0.251%",,,,"组共9段, 仅取紧邻三元组"
2026-08-12 15:27:35,折角修复,kink,BZ,bz2703-bz2704 | bz2704-bz2705 | bz2705-bz2706,做空B段(实际高于理论),0.000934,True,,False,back(-118.2元/月),,,"(-9, 2, 4, 1)",A=-11.0; B=-2.5; C=-7.5; 理论B=(A+C)/2=-9.25; 价差(理论-实际)=-6.75; 主力价=7225; 比例%=0.0934; 同构性=同构; 最小腿OI=7; 盘口空隙=13跳/0.180%,DCE.SP bz2704&bz2705,,,月差1 同构
2026-08-12 15:27:35,同构价差对比,kink,BZ,bz2703-bz2704 | bz2704-bz2705 | bz2705-bz2706,做空B段(B高于插值),0.000934,True,,False,back(-118.2元/月),,,"(-9, 2, 4, 1)","A=-11.0; B=-2.5; C=-7.5; 理论B=(A+C)/2=-9.25; 估值偏差(实际-理论)=6.75; 比例%=0.0934; 归因=B即相邻月段; 同构=月差1,跨注销0,同构; 最小腿OI=7; 盘口空隙=13跳/0.180%",DCE.SP bz2704&bz2705,,,"组共10段, 仅取紧邻三元组"
2026-08-12 15:27:35,同构价差对比,kink,FU,fu2704-fu2705 | fu2705-fu2706 | fu2706-fu2707,做空B段(B高于插值),0.000927,False,低流动性(钓鱼),False,back(-97.8元/月),0.0,,"(13, 1, 34, 1)","A=24.0; B=23.5; C=16.5; 理论B=(A+C)/2=20.25; 估值偏差(实际-理论)=3.25; 比例%=0.0927; 归因=B即相邻月段; 同构=月差1,跨注销0,同构; 最小腿OI=312; 盘口空隙=21跳/0.599%",,,,"组共11段, 仅取紧邻三元组"
2026-08-12 15:27:35,同构价差对比,kink,HC,hc2702-hc2703 | hc2703-hc2704 | hc2704-hc2705,做空B段(B高于插值),0.000926,False,低流动性(钓鱼),False,contango(+5.5元/月),83.3,,"(-15, 2, 13, 1)","A=-14.0; B=-1.0; C=6.0; 理论B=(A+C)/2=-4.0; 估值偏差(实际-理论)=3.0; 比例%=0.0926; 归因=B即相邻月段; 同构=月差1,跨注销0,同构; 最小腿OI=79; 盘口空隙=28跳/0.864%",,,,"组共10段, 仅取紧邻三元组"
2026-08-12 15:27:35,同构价差对比,kink,HC,hc2612-hc2702 | hc2702-hc2704 | hc2704-hc2706,做多B段(B低于插值),0.000926,False,低流动性(钓鱼),False,contango(+5.5元/月),83.3,,"(-40, 2, 10, 2)","A=-15.5; B=-15.0; C=-8.5; 理论B=(A+C)/2=-12.0; 估值偏差(实际-理论)=-3.0; 比例%=0.0926; 归因=hc2702-hc2703 低估-13.5(整段偏差-3.0的主要来源); 同构=月差2,跨注销1,同构; 最小腿OI=8; 盘口空隙=50跳/1.544%",,,,"组共9段, 仅取紧邻三元组"
2026-08-12 15:27:35,折角修复,kink,ZN,zn2612-zn2701 | zn2701-zn2702 | zn2702-zn2703,做空B段(实际高于理论),0.000918,False,低流动性(钓鱼),False,contango(+5.2元/月),100.0,,"(-45, 1, 155, 1)",A=47.5; B=55.0; C=15.0; 理论B=(A+C)/2=31.25; 价差(理论-实际)=-23.75; 主力价=25870; 比例%=0.0918; 同构性=同构; 最小腿OI=819; 盘口空隙=40跳/0.773%,,,,月差1 同构
2026-08-12 15:27:35,同构价差对比,kink,ZN,zn2609-zn2610 | zn2610-zn2611 | zn2611-zn2612,做空B段(B高于插值),0.000918,True,,False,contango(+5.2元/月),100.0,,"(5, 1, 20, 3)","A=-50.0; B=12.5; C=27.5; 理论B=(A+C)/2=-11.25; 估值偏差(实际-理论)=23.75; 比例%=0.0918; 归因=B即相邻月段; 同构=月差1,跨注销0,同构; 最小腿OI=9134; 盘口空隙=3跳/0.058%",,,,"组共10段, 仅取紧邻三元组"
2026-08-12 15:27:35,同构价差对比,kink,ZN,zn2612-zn2701 | zn2701-zn2702 | zn2702-zn2703,做空B段(B高于插值),0.000918,False,低流动性(钓鱼),False,contango(+5.2元/月),100.0,,"(-45, 1, 155, 1)","A=47.5; B=55.0; C=15.0; 理论B=(A+C)/2=31.25; 估值偏差(实际-理论)=23.75; 比例%=0.0918; 归因=B即相邻月段; 同构=月差1,跨注销0,同构; 最小腿OI=819; 盘口空隙=40跳/0.773%",,,,"组共10段, 仅取紧邻三元组"
2026-08-12 15:27:35,折角修复,kink,PK,PK611-PK701 | PK701-PK703 | PK703-PK705,做空B段(实际高于理论),0.000914,True,,False,contango(+4.8元/月),60.0,,"(-18, 1, -8, 2)",A=-15.0; B=-13.0; C=-26.0; 理论B=(A+C)/2=-20.5; 价差(理论-实际)=-7.5; 主力价=8202; 比例%=0.0914; 同构性=同构; 最小腿OI=224; 盘口空隙=5跳/0.122%,CZCE.SPD PK701&PK703,,,月差2 同构
2026-08-12 15:27:35,同构价差对比,kink,RB,rb2612-rb2702 | rb2702-rb2704 | rb2704-rb2706,做空B段(B高于插值),0.000914,False,低流动性(钓鱼),False,contango(+10.4元/月),66.7,,"(-32, 2, -2, 1)","A=-23.0; B=-17.0; C=-16.5; 理论B=(A+C)/2=-19.75; 估值偏差(实际-理论)=2.75; 比例%=0.0914; 归因=rb2702-rb2703 高估+3.5(整段偏差+2.8的主要来源); 同构=月差2,跨注销1,同构; 最小腿OI=276; 盘口空隙=30跳/0.997%",,,,"组共9段, 仅取紧邻三元组"
2026-08-12 15:27:35,同构价差对比,kink,PK,PK611-PK701 | PK701-PK703 | PK703-PK705,做空B段(B高于插值),0.000914,True,,False,contango(+4.8元/月),60.0,,"(-18, 1, -8, 2)","A=-15.0; B=-13.0; C=-26.0; 理论B=(A+C)/2=-20.5; 估值偏差(实际-理论)=7.5; 比例%=0.0914; 归因=B即相邻月段; 同构=月差2,跨注销1,同构; 最小腿OI=224; 盘口空隙=5跳/0.122%",CZCE.SPD PK701&PK703,,,"组共4段, 仅取紧邻三元组"
2026-08-12 15:27:35,折角修复,kink,AG,ag2610-ag2611 | ag2702-ag2703 | ag2706-ag2707,做空B段(实际高于理论),0.000913,False,低流动性(钓鱼),False,contango(+13.9元/月),100.0,,"(-61, 1, 56, 1)",A=-21.5; B=-2.5; C=-13.0; 理论B=(A+C)/2=-17.25; 价差(理论-实际)=-14.75; 主力价=16154; 比例%=0.0913; 同构性=同构; 最小腿OI=1803; 盘口空隙=117跳/0.724%,,,,月差1 同构
2026-08-12 15:27:35,折角修复,kink,BC,bc2609-bc2610 | bc2610-bc2611 | bc2611-bc2612,做空B段(实际高于理论),0.000906,False,低流动性(钓鱼),False,back(-159.1元/月),0.0,,"(-920, 1, 1460, 1)",A=250.0; B=270.0; C=115.0; 理论B=(A+C)/2=182.5; 价差(理论-实际)=-87.5; 主力价=96570; 比例%=0.0906; 同构性=同构; 最小腿OI=108; 盘口空隙=238跳/2.465%,,,,月差1 同构
2026-08-12 15:27:35,同构价差对比,kink,BC,bc2609-bc2610 | bc2610-bc2611 | bc2611-bc2612,做空B段(B高于插值),0.000906,False,低流动性(钓鱼),False,back(-159.1元/月),0.0,,"(-920, 1, 1460, 1)","A=250.0; B=270.0; C=115.0; 理论B=(A+C)/2=182.5; 估值偏差(实际-理论)=87.5; 比例%=0.0906; 归因=B即相邻月段; 同构=月差1,跨注销0,同构; 最小腿OI=108; 盘口空隙=238跳/2.465%",,,,"组共10段, 仅取紧邻三元组"
2026-08-12 15:27:35,同构价差对比,kink,SC,sc2609-sc2702 | sc2702-sc2707 | sc2707-sc2712,做空B段(B高于插值),0.000906,False,低流动性(钓鱼),False,back(-4.1元/月),28.6,,"(2.8, 1, 23.3, 1)","A=20.85; B=13.05; C=4.25; 理论B=(A+C)/2=12.55; 估值偏差(实际-理论)=0.5; 比例%=0.0906; 归因=不可细分(子段缺盘口或三段月份表不齐); 同构=月差5,跨注销0,同构; 最小腿OI=6; 盘口空隙=205跳/3.713%",,,,"组共9段, 仅取紧邻三元组"
2026-08-12 15:27:35,同构价差对比,kink,LU,lu2612-lu2702 | lu2702-lu2704 | lu2704-lu2706,做多B段(B低于插值),0.000903,False,低流动性(钓鱼),True,back(-161.9元/月),16.7,,"(77, 1, 189, 1)","A=272.5; B=133.0; C=2.0; 理论B=(A+C)/2=137.25; 估值偏差(实际-理论)=-4.25; 比例%=0.0903; 归因=lu2703-lu2704 低估-25.2(整段偏差-4.2的主要来源); 同构=月差2,跨注销0,非同构(near/none/none,结构有利,插值为保守下限); 最小腿OI=20; 盘口空隙=112跳/2.380%",,,,"组共9段, 仅取紧邻三元组"
2026-08-12 15:27:35,折角修复,kink,RR,rr2610-rr2701 | rr2701-rr2704 | rr2704-rr2707,做多B段(实际低于理论),0.000897,False,低流动性(钓鱼),False,back(-25.9元/月),0.0,,"(-15, 1, 7, 1)",A=1.0; B=-4.0; C=-2.5; 理论B=(A+C)/2=-0.75; 价差(理论-实际)=3.25; 主力价=3624; 比例%=0.0897; 同构性=同构; 最小腿OI=7; 盘口空隙=22跳/0.607%,,,,月差3 同构
2026-08-12 15:27:35,同构价差对比,kink,RR,rr2610-rr2701 | rr2701-rr2704 | rr2704-rr2707,做多B段(B低于插值),0.000897,False,低流动性(钓鱼),False,back(-25.9元/月),0.0,,"(-15, 1, 7, 1)","A=1.0; B=-4.0; C=-2.5; 理论B=(A+C)/2=-0.75; 估值偏差(实际-理论)=-3.25; 比例%=0.0897; 归因=rr2702-rr2703 高估+18.8(整段偏差-3.2的主要来源); 同构=月差3,跨注销2,同构; 最小腿OI=7; 盘口空隙=22跳/0.607%",,,,"组共7段, 仅取紧邻三元组"
2026-08-12 15:27:35,折角修复,kink,SN,sn2608-sn2611 | sn2611-sn2702 | sn2702-sn2705,做空B段(实际高于理论),0.000886,False,低流动性(钓鱼),False,contango(+145.0元/月),83.3,,"(-620, 2, 1500, 1)",A=-200.0; B=440.0; C=315.0; 理论B=(A+C)/2=57.5; 价差(理论-实际)=-382.5; 主力价=431480; 比例%=0.0886; 同构性=同构; 最小腿OI=203; 盘口空隙=212跳/0.491%,,,,月差3 同构
2026-08-12 15:27:35,同构价差对比,kink,CU,cu2609-cu2612 | cu2612-cu2703 | cu2703-cu2706,做多B段(B低于插值),0.000876,True,,True,back(-154.3元/月),33.3,,"(150, 1, 450, 1)","A=595.0; B=300.0; C=195.0; 理论B=(A+C)/2=395.0; 估值偏差(实际-理论)=-95.0; 比例%=0.0876; 归因=cu2701-cu2702 低估-167.5(整段偏差-95.0的主要来源); 同构=月差3,跨注销0,同构; 最小腿OI=4435; 盘口空隙=30跳/0.277%",,,,"组共8段, 仅取紧邻三元组"
2026-08-12 15:27:35,折角修复,kink,AL,al2609-al2610 | al2610-al2611 | al2611-al2612,做空B段(实际高于理论),0.000875,True,,False,back(-15.5元/月),83.3,,"(25, 16, 35, 41)",A=-7.5; B=30.0; C=25.0; 理论B=(A+C)/2=8.75; 价差(理论-实际)=-21.25; 主力价=24285; 比例%=0.0875; 同构性=同构; 最小腿OI=51331; 盘口空隙=2跳/0.041%,,,,月差1 同构
2026-08-12 15:27:35,同构价差对比,kink,AL,al2609-al2610 | al2610-al2611 | al2611-al2612,做空B段(B高于插值),0.000875,True,,False,back(-15.5元/月),83.3,,"(25, 16, 35, 41)","A=-7.5; B=30.0; C=25.0; 理论B=(A+C)/2=8.75; 估值偏差(实际-理论)=21.25; 比例%=0.0875; 归因=B即相邻月段; 同构=月差1,跨注销0,同构; 最小腿OI=51331; 盘口空隙=2跳/0.041%",,,,"组共10段, 仅取紧邻三元组"
2026-08-12 15:27:35,折角修复,kink,AG,ag2612-ag2701 | ag2702-ag2703 | ag2704-ag2705,做空B段(实际高于理论),0.000867,False,低流动性(钓鱼),False,contango(+13.9元/月),100.0,,"(-61, 1, 56, 1)",A=-15.0; B=-2.5; C=-18.0; 理论B=(A+C)/2=-16.5; 价差(理论-实际)=-14.0; 主力价=16154; 比例%=0.0867; 同构性=同构; 最小腿OI=2355; 盘口空隙=117跳/0.724%,,,,月差1 同构
2026-08-12 15:27:35,同构价差对比,kink,TA,TA701-TA702 | TA702-TA703 | TA703-TA704,做多B段(B低于插值),0.000867,True,,True,back(-42.3元/月),16.7,,"(18, 5, 22, 10)","A=32.0; B=20.0; C=18.0; 理论B=(A+C)/2=25.0; 估值偏差(实际-理论)=-5.0; 比例%=0.0867; 归因=B即相邻月段; 同构=月差1,跨注销0,同构; 最小腿OI=260; 盘口空隙=2跳/0.069%",CZCE.SPD TA702&TA703,,,"组共10段, 仅取紧邻三元组"
2026-08-12 15:27:35,折角修复,kink,SS,ss2610-ss2701 | ss2701-ss2704 | ss2704-ss2707,做多B段(实际低于理论),0.00086,False,低流动性(钓鱼),False,contango(+12.9元/月),66.7,,"(-95, 1, 70, 1)",A=-5.0; B=-12.5; C=5.0; 理论B=(A+C)/2=0.0; 价差(理论-实际)=12.5; 主力价=14535; 比例%=0.086; 同构性=同构; 最小腿OI=17; 盘口空隙=33跳/1.135%,,,,月差3 同构
2026-08-12 15:27:35,折角修复,kink,SM,SM612-SM701 | SM701-SM702 | SM702-SM703,做空B段(实际高于理论),0.00086,True,,False,contango(+13.1元/月),66.7,,"(-12, 4, -10, 1)",A=-13.0; B=-11.0; C=-19.0; 理论B=(A+C)/2=-16.0; 价差(理论-实际)=-5.0; 主力价=5814; 比例%=0.086; 同构性=同构; 最小腿OI=476; 盘口空隙=1跳/0.034%,CZCE.SPD SM701&SM702,,,月差1 同构
2026-08-12 15:27:35,同构价差对比,kink,SS,ss2610-ss2701 | ss2701-ss2704 | ss2704-ss2707,做多B段(B低于插值),0.00086,False,低流动性(钓鱼),False,contango(+12.9元/月),66.7,,"(-95, 1, 70, 1)","A=-5.0; B=-12.5; C=5.0; 理论B=(A+C)/2=0.0; 估值偏差(实际-理论)=-12.5; 比例%=0.086; 归因=ss2702-ss2703 低估-20.0(整段偏差-12.5的主要来源); 同构=月差3,跨注销2,同构; 最小腿OI=17; 盘口空隙=33跳/1.135%",,,,"组共8段, 仅取紧邻三元组"
2026-08-12 15:27:35,同构价差对比,kink,SM,SM612-SM701 | SM701-SM702 | SM702-SM703,做空B段(B高于插值),0.00086,True,,False,contango(+13.1元/月),66.7,,"(-12, 4, -10, 1)","A=-13.0; B=-11.0; C=-19.0; 理论B=(A+C)/2=-16.0; 估值偏差(实际-理论)=5.0; 比例%=0.086; 归因=B即相邻月段; 同构=月差1,跨注销0,同构; 最小腿OI=476; 盘口空隙=1跳/0.034%",CZCE.SPD SM701&SM702,,,"组共10段, 仅取紧邻三元组"
2026-08-12 15:27:35,同构价差对比,kink,BC,bc2702-bc2703 | bc2703-bc2704 | bc2704-bc2705,做多B段(B低于插值),0.000854,False,低流动性(钓鱼),True,back(-159.1元/月),0.0,,"(-2050, 1, 2050, 1)","A=-245.0; B=0.0; C=410.0; 理论B=(A+C)/2=82.5; 估值偏差(实际-理论)=-82.5; 比例%=0.0854; 归因=B即相邻月段; 同构=月差1,跨注销0,同构; 最小腿OI=1; 盘口空隙=410跳/4.246%",,,,"组共10段, 仅取紧邻三元组"
2026-08-12 15:27:35,折角修复,kink,SN,sn2608-sn2609 | sn2609-sn2610 | sn2610-sn2611,做多B段(实际低于理论),0.000846,True,,True,contango(+145.0元/月),83.3,,"(-340, 1, -280, 3)",A=-285.0; B=-310.0; C=395.0; 理论B=(A+C)/2=55.0; 价差(理论-实际)=365.0; 主力价=431480; 比例%=0.0846; 同构性=同构; 最小腿OI=2018; 盘口空隙=6跳/0.014%,,,,月差1 同构
2026-08-12 15:27:35,同构价差对比,kink,AD,ad2609-ad2610 | ad2610-ad2611 | ad2611-ad2612,做多B段(B低于插值),0.000846,True,,False,contango(+60.4元/月),,,"(-90, 2, -25, 1)","A=-75.0; B=-57.5; C=0.0; 理论B=(A+C)/2=-37.5; 估值偏差(实际-理论)=-20.0; 比例%=0.0846; 归因=B即相邻月段; 同构=月差1,跨注销0,同构; 最小腿OI=166; 盘口空隙=13跳/0.275%",,,,"组共10段, 仅取紧邻三元组"
2026-08-12 15:27:35,同构价差对比,kink,NR,nr2703-nr2704 | nr2704-nr2705 | nr2705-nr2706,做多B段(B低于插值),0.000839,False,低流动性(钓鱼),False,contango(+68.5元/月),50.0,,"(-165, 1, 115, 1)","A=-40.0; B=-25.0; C=15.0; 理论B=(A+C)/2=-12.5; 估值偏差(实际-理论)=-12.5; 比例%=0.0839; 归因=B即相邻月段; 同构=月差1,跨注销0,同构; 最小腿OI=13; 盘口空隙=56跳/1.879%",,,,"组共10段, 仅取紧邻三元组"
2026-08-12 15:27:35,折角修复,kink,RB,rb2610-rb2611 | rb2702-rb2703 | rb2706-rb2707,做空B段(实际高于理论),0.000831,False,低流动性(钓鱼),False,contango(+10.4元/月),66.7,,"(-11, 2, -1, 2)",A=-6.5; B=-6.0; C=-10.5; 理论B=(A+C)/2=-8.5; 价差(理论-实际)=-2.5; 主力价=3010; 比例%=0.0831; 同构性=同构; 最小腿OI=276; 盘口空隙=10跳/0.332%,,,,月差1 同构
2026-08-12 15:27:35,同构价差对比,kink,AO,ao2610-ao2612 | ao2612-ao2702 | ao2702-ao2704,做多B段(B低于插值),0.00083,False,低流动性(钓鱼),False,contango(+14.3元/月),100.0,,"(-51, 1, -19, 1)","A=-36.5; B=-35.0; C=-29.0; 理论B=(A+C)/2=-32.75; 估值偏差(实际-理论)=-2.25; 比例%=0.083; 归因=ao2701-ao2702 低估-3.8(整段偏差-2.2的主要来源); 同构=月差2,跨注销1,同构; 最小腿OI=197; 盘口空隙=32跳/1.180%",,,,"组共9段, 仅取紧邻三元组"
2026-08-12 15:27:35,折角修复,kink,AG,ag2610-ag2611 | ag2701-ag2702 | ag2704-ag2705,做空B段(实际高于理论),0.00082,True,,False,contango(+13.9元/月),100.0,,"(-16, 1, 3, 2)",A=-21.5; B=-6.5; C=-18.0; 理论B=(A+C)/2=-19.75; 价差(理论-实际)=-13.25; 主力价=16154; 比例%=0.082; 同构性=同构; 最小腿OI=2355; 盘口空隙=19跳/0.118%,,,,月差1 同构
2026-08-12 15:27:35,折角修复,kink,NI,ni2609-ni2610 | ni2701-ni2702 | ni2705-ni2706,做空B段(实际高于理论),0.000816,False,低流动性(钓鱼),False,contango(+266.5元/月),83.3,,"(-870, 1, 380, 1)",A=-250.0; B=-245.0; C=-450.0; 理论B=(A+C)/2=-350.0; 价差(理论-实际)=-105.0; 主力价=128710; 比例%=0.0816; 同构性=同构; 最小腿OI=193; 盘口空隙=125跳/0.971%,,,,月差1 同构
2026-08-12 15:27:35,折角修复,kink,PX,PX609-PX610 | PX610-PX611 | PX611-PX612,做多B段(实际低于理论),0.000816,True,,True,back(-44.1元/月),0.0,,"(38, 69, 40, 243)","A=50.0; B=39.0; C=41.0; 理论B=(A+C)/2=45.5; 价差(理论-实际)=6.5; 主力价=7970; 比例%=0.0816; 同构性=非同构(near/far/near,结构有利,插值为保守下限); 最小腿OI=27713; 盘口空隙=1跳/0.025%",CZCE.SPD PX610&PX611,,,月差1 非同构-结构有利
2026-08-12 15:27:35,同构价差对比,kink,PX,PX609-PX610 | PX610-PX611 | PX611-PX612,做多B段(B低于插值),0.000816,True,,True,back(-44.1元/月),0.0,,"(38, 69, 40, 243)","A=50.0; B=39.0; C=41.0; 理论B=(A+C)/2=45.5; 估值偏差(实际-理论)=-6.5; 比例%=0.0816; 归因=B即相邻月段; 同构=月差1,跨注销0,非同构(near/far/near,结构有利,插值为保守下限); 最小腿OI=27713; 盘口空隙=1跳/0.025%",CZCE.SPD PX610&PX611,,,"组共10段, 仅取紧邻三元组"
2026-08-12 15:27:35,折角修复,kink,NI,ni2608-ni2609 | ni2610-ni2611 | ni2612-ni2701,做多B段(实际低于理论),0.000777,True,,True,contango(+266.5元/月),83.3,,"(-370, 1, -250, 1)",A=-110.0; B=-310.0; C=-310.0; 理论B=(A+C)/2=-210.0; 价差(理论-实际)=100.0; 主力价=128710; 比例%=0.0777; 同构性=同构; 最小腿OI=8987; 盘口空隙=12跳/0.093%,,,,月差1 同构
2026-08-12 15:27:35,折角修复,kink,SM,SM608-SM609 | SM611-SM612 | SM702-SM703,做空B段(实际高于理论),0.000774,True,,False,contango(+13.1元/月),66.7,,"(-14, 267, -10, 865)",A=-14.0; B=-12.0; C=-19.0; 理论B=(A+C)/2=-16.5; 价差(理论-实际)=-4.5; 主力价=5814; 比例%=0.0774; 同构性=同构; 最小腿OI=476; 盘口空隙=2跳/0.069%,CZCE.SPD SM611&SM612,,,月差1 同构
2026-08-12 15:27:35,折角修复,kink,SM,SM612-SM701 | SM702-SM703 | SM704-SM705,做多B段(实际低于理论),0.000774,True,,True,contango(+13.1元/月),66.7,,"(-20, 5, -18, 10)",A=-13.0; B=-19.0; C=-16.0; 理论B=(A+C)/2=-14.5; 价差(理论-实际)=4.5; 主力价=5814; 比例%=0.0774; 同构性=同构; 最小腿OI=84; 盘口空隙=1跳/0.034%,CZCE.SPD SM702&SM703,,,月差1 同构
2026-08-12 15:27:35,折角修复,kink,V,v2610-v2611 | v2611-v2612 | v2612-v2701,做多B段(实际低于理论),0.000773,True,,True,contango(+44.0元/月),66.7,,"(-37, 129, -36, 995)",A=-34.5; B=-36.5; C=-31.5; 理论B=(A+C)/2=-33.0; 价差(理论-实际)=3.5; 主力价=4528; 比例%=0.0773; 同构性=同构; 最小腿OI=107724; 盘口空隙=1跳/0.022%,DCE.SP v2611&v2612,,,月差1 同构
2026-08-12 15:27:35,同构价差对比,kink,OP,op2609-op2610 | op2610-op2611 | op2611-op2612,做空B段(B高于插值),0.000773,False,低流动性(钓鱼),False,contango(+6.4元/月),,,"(-20, 2, -6, 1)","A=-7.0; B=-13.0; C=-25.0; 理论B=(A+C)/2=-16.0; 估值偏差(实际-理论)=3.0; 比例%=0.0773; 归因=B即相邻月段; 同构=月差1,跨注销0,同构; 最小腿OI=77; 盘口空隙=7跳/0.361%",,,,"组共10段, 仅取紧邻三元组"
2026-08-12 15:27:35,同构价差对比,kink,V,v2610-v2611 | v2611-v2612 | v2612-v2701,做多B段(B低于插值),0.000773,True,,True,contango(+44.0元/月),66.7,,"(-37, 129, -36, 995)","A=-34.5; B=-36.5; C=-31.5; 理论B=(A+C)/2=-33.0; 估值偏差(实际-理论)=-3.5; 比例%=0.0773; 归因=B即相邻月段; 同构=月差1,跨注销0,同构; 最小腿OI=107724; 盘口空隙=1跳/0.022%",DCE.SP v2611&v2612,,,"组共10段, 仅取紧邻三元组"
2026-08-12 15:27:35,折角修复,kink,AL,al2610-al2611 | al2702-al2703 | al2706-al2707,做空B段(实际高于理论),0.000772,False,低流动性(钓鱼),False,back(-15.5元/月),83.3,,"(-125, 1, 215, 1)",A=30.0; B=45.0; C=22.5; 理论B=(A+C)/2=26.25; 价差(理论-实际)=-18.75; 主力价=24285; 比例%=0.0772; 同构性=同构; 最小腿OI=429; 盘口空隙=68跳/1.400%,,,,月差1 同构
2026-08-12 15:27:35,同构价差对比,kink,SN,sn2702-sn2703 | sn2703-sn2704 | sn2704-sn2705,做多B段(B低于插值),0.000765,False,低流动性(钓鱼),True,contango(+145.0元/月),83.3,,"(-1030, 2, 800, 1)","A=860.0; B=-115.0; C=-430.0; 理论B=(A+C)/2=215.0; 估值偏差(实际-理论)=-330.0; 比例%=0.0765; 归因=B即相邻月段; 同构=月差1,跨注销0,同构; 最小腿OI=44; 盘口空隙=183跳/0.424%",,,,"组共10段, 仅取紧邻三元组"
2026-08-12 15:27:35,同构价差对比,kink,WR,wr2612-wr2702 | wr2702-wr2704 | wr2704-wr2706,做空B段(B高于插值),0.000761,False,低流动性(钓鱼),False,contango(+8.8元/月),66.7,,"(-130, 2, 91, 2)","A=-27.5; B=-19.5; C=-16.5; 理论B=(A+C)/2=-22.0; 估值偏差(实际-理论)=2.5; 比例%=0.0761; 归因=wr2703-wr2704 高估+2.2(整段偏差+2.5的主要来源); 同构=月差2,跨注销1,同构; 最小腿OI=0; 盘口空隙=221跳/6.726%",,,,"组共9段, 仅取紧邻三元组"
2026-08-12 15:27:35,同构价差对比,kink,AP,AP610-AP611 | AP611-AP612 | AP612-AP701,做空B段(B高于插值),0.000735,True,,False,back(-78.5元/月),16.7,,"(97, 1, 98, 2)","A=145.0; B=97.5; C=38.5; 理论B=(A+C)/2=91.75; 估值偏差(实际-理论)=5.75; 比例%=0.0735; 归因=B即相邻月段; 同构=月差1,跨注销0,同构; 最小腿OI=12965; 盘口空隙=1跳/0.013%",CZCE.SPD AP611&AP612,,,"组共5段, 仅取紧邻三元组"
2026-08-12 15:27:35,同构价差对比,kink,J,j2610-j2611 | j2611-j2612 | j2612-j2701,做多B段(B低于插值),0.000721,False,低流动性(钓鱼),True,contango(+12.1元/月),66.7,,"(-20.0, 1, -14.0, 2)","A=-10.25; B=-17.0; C=-21.0; 理论B=(A+C)/2=-15.62; 估值偏差(实际-理论)=-1.38; 比例%=0.0721; 归因=B即相邻月段; 同构=月差1,跨注销0,同构; 最小腿OI=1314; 盘口空隙=12跳/0.315%",DCE.SP j2611&j2612,,,"组共10段, 仅取紧邻三元组"
2026-08-12 15:27:35,折角修复,kink,CU,cu2702-cu2703 | cu2704-cu2705 | cu2706-cu2707,做多B段(实际低于理论),0.000715,False,低流动性(钓鱼),True,back(-154.3元/月),33.3,,"(-140, 1, 200, 1)",A=170.0; B=30.0; C=45.0; 理论B=(A+C)/2=107.5; 价差(理论-实际)=77.5; 主力价=108390; 比例%=0.0715; 同构性=同构; 最小腿OI=2042; 盘口空隙=34跳/0.314%,,,,月差1 同构
2026-08-12 15:27:35,折角修复,kink,AG,ag2609-ag2610 | ag2612-ag2701 | ag2703-ag2704,做空B段(实际高于理论),0.000712,True,,False,contango(+13.9元/月),100.0,,"(-27, 2, -3, 1)",A=-34.0; B=-15.0; C=-19.0; 理论B=(A+C)/2=-26.5; 价差(理论-实际)=-11.5; 主力价=16154; 比例%=0.0712; 同构性=同构; 最小腿OI=2698; 盘口空隙=24跳/0.149%,,,,月差1 同构
2026-08-12 15:27:35,折角修复,kink,I,i2701-i2702 | i2703-i2704 | i2705-i2706,做空B段(实际高于理论),0.000709,True,,False,back(-3.0元/月),83.3,,"(2.0, 64, 2.5, 55)","A=1.75; B=2.25; C=1.75; 理论B=(A+C)/2=1.75; 价差(理论-实际)=-0.5; 主力价=705.5; 比例%=0.0709; 同构性=非同构(none/near/none,结构有利,插值为保守下限); 最小腿OI=25291; 盘口空隙=1跳/0.071%",DCE.SP i2703&i2704,,,月差1 非同构-结构有利
2026-08-12 15:27:35,同构价差对比,kink,I,i2609-i2610 | i2610-i2611 | i2611-i2612,做多B段(B低于插值),0.000709,True,,True,back(-3.0元/月),83.3,,"(3.5, 227, 4.0, 18)","A=5.25; B=3.75; C=3.25; 理论B=(A+C)/2=4.25; 估值偏差(实际-理论)=-0.5; 比例%=0.0709; 归因=B即相邻月段; 同构=月差1,跨注销0,非同构(near/none/none,结构有利,插值为保守下限); 最小腿OI=78018; 盘口空隙=1跳/0.071%",DCE.SP i2610&i2611,,,"组共10段, 仅取紧邻三元组"
2026-08-12 15:27:35,同构价差对比,kink,I,i2611-i2612 | i2612-i2701 | i2701-i2702,做空B段(B高于插值),0.000709,True,,False,back(-3.0元/月),83.3,,"(2.5, 603, 3.5, 607)","A=3.25; B=3.0; C=1.75; 理论B=(A+C)/2=2.5; 估值偏差(实际-理论)=0.5; 比例%=0.0709; 归因=B即相邻月段; 同构=月差1,跨注销0,同构; 最小腿OI=45716; 盘口空隙=2跳/0.142%",DCE.SP i2612&i2701,,,"组共10段, 仅取紧邻三元组"
2026-08-12 15:27:35,折角修复,kink,PB,pb2701-pb2702 | pb2703-pb2704 | pb2705-pb2706,做多B段(实际低于理论),0.000706,True,,True,contango(+20.5元/月),83.3,,"(-30, 1, 5, 1)",A=-5.0; B=-12.5; C=2.5; 理论B=(A+C)/2=-1.25; 价差(理论-实际)=11.25; 主力价=15925; 比例%=0.0706; 同构性=同构; 最小腿OI=29; 盘口空隙=7跳/0.220%,,,,月差1 同构
2026-08-12 15:27:35,价差递延,butterfly,I,i2611-i2703-i2707,"做空蝶式(卖后段买前段,结构应后段<前段)",0.000703,False,低流动性(钓鱼),False,back(-3.0元/月),83.3,,,"前段=10.25; 后段=10.75; 蝶值(后-前)=0.5; 结构基准E=-2; 同构性=非同构(far/near),结构性不等式违背,|蝶值|为保守错价下限; 最小腿OI=15602; 盘口空隙=10跳/0.709%",,,,泛化蝶式 月差4+4
2026-08-12 15:27:35,同构价差对比,kink,EB,eb2611-eb2612 | eb2612-eb2701 | eb2701-eb2702,做空B段(B高于插值),0.000701,True,,False,back(-111.7元/月),33.3,,"(89, 1, 91, 13)","A=108.0; B=90.0; C=60.5; 理论B=(A+C)/2=84.25; 估值偏差(实际-理论)=5.75; 比例%=0.0701; 归因=B即相邻月段; 同构=月差1,跨注销0,同构; 最小腿OI=2946; 盘口空隙=2跳/0.024%",DCE.SP eb2612&eb2701,,,"组共10段, 仅取紧邻三元组"
2026-08-12 15:27:35,同构价差对比,kink,TA,TA703-TA704 | TA704-TA705 | TA705-TA706,做空B段(B高于插值),0.000694,True,,False,back(-42.3元/月),16.7,,"(16, 6, 18, 22)","A=18.0; B=17.0; C=8.0; 理论B=(A+C)/2=13.0; 估值偏差(实际-理论)=4.0; 比例%=0.0694; 归因=B即相邻月段; 同构=月差1,跨注销0,同构; 最小腿OI=101; 盘口空隙=1跳/0.035%",CZCE.SPD TA704&TA705,,,"组共10段, 仅取紧邻三元组"
2026-08-12 15:27:35,折角修复,kink,SN,sn2609-sn2611 | sn2611-sn2701 | sn2701-sn2703,做空B段(实际高于理论),0.000689,True,,False,contango(+145.0元/月),83.3,,"(60, 1, 1260, 1)",A=85.0; B=660.0; C=640.0; 理论B=(A+C)/2=362.5; 价差(理论-实际)=-297.5; 主力价=431480; 比例%=0.0689; 同构性=同构; 最小腿OI=120; 盘口空隙=120跳/0.278%,,,,月差2 同构
2026-08-12 15:27:35,同构价差对比,kink,SN,sn2609-sn2611 | sn2611-sn2701 | sn2701-sn2703,做空B段(B高于插值),0.000689,True,,False,contango(+145.0元/月),83.3,,"(60, 1, 1260, 1)","A=85.0; B=660.0; C=640.0; 理论B=(A+C)/2=362.5; 估值偏差(实际-理论)=297.5; 比例%=0.0689; 归因=sn2611-sn2612 高估+505.0(整段偏差+297.5的主要来源); 同构=月差2,跨注销0,同构; 最小腿OI=120; 盘口空隙=120跳/0.278%",,,,"组共9段, 仅取紧邻三元组"
2026-08-12 15:27:35,折角修复,kink,SS,ss2610-ss2612 | ss2701-ss2703 | ss2704-ss2706,做多B段(实际低于理论),0.000688,False,低流动性(钓鱼),False,contango(+12.9元/月),66.7,,"(-105, 1, 45, 1)",A=-15.0; B=-30.0; C=-25.0; 理论B=(A+C)/2=-20.0; 价差(理论-实际)=10.0; 主力价=14535; 比例%=0.0688; 同构性=同构; 最小腿OI=23; 盘口空隙=30跳/1.032%,,,,月差2 同构
2026-08-12 15:27:35,同构价差对比,kink,AD,ad2612-ad2702 | ad2702-ad2704 | ad2704-ad2706,做空B段(B高于插值),0.000687,False,低流动性(钓鱼),False,contango(+60.4元/月),,,"(-530, 2, 510, 2)","A=2.5; B=-10.0; C=-55.0; 理论B=(A+C)/2=-26.25; 估值偏差(实际-理论)=16.25; 比例%=0.0687; 归因=ad2703-ad2704 高估+35.0(整段偏差+16.2的主要来源); 同构=月差2,跨注销1,同构; 最小腿OI=3; 盘口空隙=208跳/4.398%",,,,"组共9段, 仅取紧邻三元组"
2026-08-12 15:27:35,同构价差对比,kink,ZN,zn2701-zn2702 | zn2702-zn2703 | zn2703-zn2704,做多B段(B低于插值),0.000676,False,低流动性(钓鱼),True,contango(+5.2元/月),100.0,,"(-150, 2, 180, 2)","A=55.0; B=15.0; C=10.0; 理论B=(A+C)/2=32.5; 估值偏差(实际-理论)=-17.5; 比例%=0.0676; 归因=B即相邻月段; 同构=月差1,跨注销0,同构; 最小腿OI=149; 盘口空隙=66跳/1.276%",,,,"组共10段, 仅取紧邻三元组"
2026-08-12 15:27:35,折角修复,kink,PK,PK610-PK611 | PK611-PK612 | PK612-PK701,做空B段(实际高于理论),0.000671,True,,False,contango(+4.8元/月),60.0,,"(-4, 256, -2, 37)",A=-5.0; B=-3.0; C=-12.0; 理论B=(A+C)/2=-8.5; 价差(理论-实际)=-5.5; 主力价=8202; 比例%=0.0671; 同构性=同构; 最小腿OI=4269; 盘口空隙=1跳/0.024%,CZCE.SPD PK611&PK612,,,月差1 同构
2026-08-12 15:27:35,同构价差对比,kink,PK,PK610-PK611 | PK611-PK612 | PK612-PK701,做空B段(B高于插值),0.000671,True,,False,contango(+4.8元/月),60.0,,"(-4, 256, -2, 37)","A=-5.0; B=-3.0; C=-12.0; 理论B=(A+C)/2=-8.5; 估值偏差(实际-理论)=5.5; 比例%=0.0671; 归因=B即相邻月段; 同构=月差1,跨注销0,同构; 最小腿OI=4269; 盘口空隙=1跳/0.024%",CZCE.SPD PK611&PK612,,,"组共5段, 仅取紧邻三元组"
2026-08-12 15:27:35,折角修复,kink,AL,al2609-al2611 | al2701-al2703 | al2705-al2707,做多B段(实际低于理论),0.000669,False,低流动性(钓鱼),True,back(-15.5元/月),83.3,,"(-130, 1, 115, 2)",A=22.5; B=-7.5; C=-5.0; 理论B=(A+C)/2=8.75; 价差(理论-实际)=16.25; 主力价=24285; 比例%=0.0669; 同构性=同构; 最小腿OI=429; 盘口空隙=49跳/1.009%,,,,月差2 同构
2026-08-12 15:27:35,同构价差对比,kink,RB,rb2612-rb2701 | rb2701-rb2702 | rb2702-rb2703,做多B段(B低于插值),0.000664,True,,False,contango(+10.4元/月),66.7,,"(-15, 2, -7, 2)","A=-12.0; B=-11.0; C=-6.0; 理论B=(A+C)/2=-9.0; 估值偏差(实际-理论)=-2.0; 比例%=0.0664; 归因=B即相邻月段; 同构=月差1,跨注销0,同构; 最小腿OI=520; 盘口空隙=8跳/0.266%",,,,"组共10段, 仅取紧邻三元组"
2026-08-12 15:27:35,同构价差对比,kink,RB,rb2610-rb2701 | rb2701-rb2704 | rb2704-rb2707,做空B段(B高于插值),0.000664,False,低流动性(钓鱼),False,contango(+10.4元/月),66.7,,"(-40, 2, -16, 1)","A=-33.0; B=-28.0; C=-27.0; 理论B=(A+C)/2=-30.0; 估值偏差(实际-理论)=2.0; 比例%=0.0664; 归因=rb2702-rb2703 高估+6.0(整段偏差+2.0的主要来源); 同构=月差3,跨注销2,同构; 最小腿OI=299; 盘口空隙=24跳/0.797%",,,,"组共8段, 仅取紧邻三元组"
2026-08-12 15:27:35,折角修复,kink,SN,sn2611-sn2612 | sn2701-sn2702 | sn2703-sn2704,做多B段(实际低于理论),0.000655,False,低流动性(钓鱼),True,contango(+145.0元/月),83.3,,"(-1730, 1, 1290, 1)",A=240.0; B=-220.0; C=-115.0; 理论B=(A+C)/2=62.5; 价差(理论-实际)=282.5; 主力价=431480; 比例%=0.0655; 同构性=同构; 最小腿OI=44; 盘口空隙=302跳/0.700%,,,,月差1 同构
2026-08-12 15:27:35,同构价差对比,kink,PL,PL701-PL702 | PL702-PL703 | PL703-PL704,做多B段(B低于插值),0.000645,True,,True,back(-222.0元/月),,,"(39, 1, 52, 1)","A=74.0; B=45.5; C=26.5; 理论B=(A+C)/2=50.25; 估值偏差(实际-理论)=-4.75; 比例%=0.0645; 归因=B即相邻月段; 同构=月差1,跨注销0,非同构(near/far/near,结构有利,插值为保守下限); 最小腿OI=18; 盘口空隙=13跳/0.176%",CZCE.SPD PL702&PL703,,,"组共10段, 仅取紧邻三元组"
2026-08-12 15:27:35,折角修复,kink,AG,ag2610-ag2611 | ag2611-ag2612 | ag2612-ag2701,做空B段(实际高于理论),0.000635,True,,False,contango(+13.9元/月),100.0,,"(-14, 1, -2, 2)",A=-21.5; B=-8.0; C=-15.0; 理论B=(A+C)/2=-18.25; 价差(理论-实际)=-10.25; 主力价=16154; 比例%=0.0635; 同构性=同构; 最小腿OI=9425; 盘口空隙=12跳/0.074%,,,,月差1 同构
2026-08-12 15:27:35,折角修复,kink,AG,ag2701-ag2702 | ag2702-ag2703 | ag2703-ag2704,做空B段(实际高于理论),0.000635,False,低流动性(钓鱼),False,contango(+13.9元/月),100.0,,"(-61, 1, 56, 1)",A=-6.5; B=-2.5; C=-19.0; 理论B=(A+C)/2=-12.75; 价差(理论-实际)=-10.25; 主力价=16154; 比例%=0.0635; 同构性=同构; 最小腿OI=2698; 盘口空隙=117跳/0.724%,,,,月差1 同构
2026-08-12 15:27:35,折角修复,kink,AG,ag2702-ag2703 | ag2704-ag2705 | ag2706-ag2707,做多B段(实际低于理论),0.000635,True,,True,contango(+13.9元/月),100.0,,"(-37, 1, 1, 1)",A=-2.5; B=-18.0; C=-13.0; 理论B=(A+C)/2=-7.75; 价差(理论-实际)=10.25; 主力价=16154; 比例%=0.0635; 同构性=同构; 最小腿OI=1803; 盘口空隙=38跳/0.235%,,,,月差1 同构
2026-08-12 15:27:35,同构价差对比,kink,AG,ag2610-ag2611 | ag2611-ag2612 | ag2612-ag2701,做空B段(B高于插值),0.000635,True,,False,contango(+13.9元/月),100.0,,"(-14, 1, -2, 2)","A=-21.5; B=-8.0; C=-15.0; 理论B=(A+C)/2=-18.25; 估值偏差(实际-理论)=10.25; 比例%=0.0635; 归因=B即相邻月段; 同构=月差1,跨注销0,同构; 最小腿OI=9425; 盘口空隙=12跳/0.074%",,,,"组共10段, 仅取紧邻三元组"
2026-08-12 15:27:35,同构价差对比,kink,AG,ag2701-ag2702 | ag2702-ag2703 | ag2703-ag2704,做空B段(B高于插值),0.000635,False,低流动性(钓鱼),False,contango(+13.9元/月),100.0,,"(-61, 1, 56, 1)","A=-6.5; B=-2.5; C=-19.0; 理论B=(A+C)/2=-12.75; 估值偏差(实际-理论)=10.25; 比例%=0.0635; 归因=B即相邻月段; 同构=月差1,跨注销0,同构; 最小腿OI=2698; 盘口空隙=117跳/0.724%",,,,"组共10段, 仅取紧邻三元组"
2026-08-12 15:27:35,同构价差对比,kink,AD,ad2610-ad2611 | ad2611-ad2612 | ad2612-ad2701,做多B段(B低于插值),0.000634,False,低流动性(钓鱼),False,contango(+60.4元/月),,,"(-275, 1, 275, 1)","A=-57.5; B=0.0; C=87.5; 理论B=(A+C)/2=15.0; 估值偏差(实际-理论)=-15.0; 比例%=0.0634; 归因=B即相邻月段; 同构=月差1,跨注销0,同构; 最小腿OI=60; 盘口空隙=110跳/2.326%",,,,"组共10段, 仅取紧邻三元组"
2026-08-12 15:27:35,同构价差对比,kink,PX,PX702-PX703 | PX703-PX704 | PX704-PX705,做空B段(B高于插值),0.000627,False,低流动性(钓鱼),False,back(-44.1元/月),0.0,,"(20, 1, 44, 1)","A=40.0; B=32.0; C=14.0; 理论B=(A+C)/2=27.0; 估值偏差(实际-理论)=5.0; 比例%=0.0627; 归因=B即相邻月段; 同构=月差1,跨注销0,非同构(far/near/far,结构有利,插值为保守下限); 最小腿OI=22; 盘口空隙=12跳/0.301%",CZCE.SPD PX703&PX704,,,"组共10段, 仅取紧邻三元组"
2026-08-12 15:27:35,同构价差对比,kink,P,p2702-p2703 | p2703-p2704 | p2704-p2705,做多B段(B低于插值),0.000619,True,,False,contango(+67.9元/月),100.0,,"(-48, 1, -43, 1)","A=-49.0; B=-45.5; C=-30.0; 理论B=(A+C)/2=-39.5; 估值偏差(实际-理论)=-6.0; 比例%=0.0619; 归因=B即相邻月段; 同构=月差1,跨注销0,同构; 最小腿OI=268; 盘口空隙=5跳/0.052%",DCE.SP p2703&p2704,,,"组共10段, 仅取紧邻三元组"
2026-08-12 15:27:35,同构价差对比,kink,AL,al2609-al2612 | al2612-al2703 | al2703-al2706,做空B段(B高于插值),0.000618,False,低流动性(钓鱼),False,back(-15.5元/月),83.3,,"(-75, 3, 150, 2)","A=47.5; B=37.5; C=-2.5; 理论B=(A+C)/2=22.5; 估值偏差(实际-理论)=15.0; 比例%=0.0618; 归因=al2701-al2702 低估-100.0(整段偏差+15.0的主要来源); 同构=月差3,跨注销0,同构; 最小腿OI=1371; 盘口空隙=45跳/0.926%",,,,"组共8段, 仅取紧邻三元组"
2026-08-12 15:27:35,同构价差对比,kink,HC,hc2612-hc2701 | hc2701-hc2702 | hc2702-hc2703,做空B段(B高于插值),0.000617,False,低流动性(钓鱼),False,contango(+5.5元/月),83.3,,"(-25, 2, 8, 2)","A=-7.0; B=-8.5; C=-14.0; 理论B=(A+C)/2=-10.5; 估值偏差(实际-理论)=2.0; 比例%=0.0617; 归因=B即相邻月段; 同构=月差1,跨注销0,同构; 最小腿OI=153; 盘口空隙=33跳/1.019%",,,,"组共10段, 仅取紧邻三元组"
2026-08-12 15:27:35,同构价差对比,kink,EG,eg2612-eg2701 | eg2701-eg2702 | eg2702-eg2703,做空B段(B高于插值),0.000611,True,,False,back(-130.1元/月),0.0,,"(34, 3, 35, 4)","A=47.0; B=34.5; C=16.0; 理论B=(A+C)/2=31.5; 估值偏差(实际-理论)=3.0; 比例%=0.0611; 归因=B即相邻月段; 同构=月差1,跨注销0,非同构(none/none/far,结构有利,插值为保守下限); 最小腿OI=373; 盘口空隙=1跳/0.020%",DCE.SP eg2701&eg2702,,,"组共10段, 仅取紧邻三元组"
2026-08-12 15:27:35,折角修复,kink,SR,SR701-SR703 | SR703-SR705 | SR705-SR707,做多B段(实际低于理论),0.000609,True,,True,contango(+29.9元/月),83.3,,"(-36, 88, -35, 225)",A=-31.5; B=-35.5; C=-33.0; 理论B=(A+C)/2=-32.25; 价差(理论-实际)=3.25; 主力价=5334; 比例%=0.0609; 同构性=同构; 最小腿OI=3423; 盘口空隙=1跳/0.019%,CZCE.SPD SR703&SR705,,,月差2 同构
2026-08-12 15:27:35,同构价差对比,kink,SR,SR701-SR703 | SR703-SR705 | SR705-SR707,做多B段(B低于插值),0.000609,True,,True,contango(+29.9元/月),83.3,,"(-36, 88, -35, 225)","A=-31.5; B=-35.5; C=-33.0; 理论B=(A+C)/2=-32.25; 估值偏差(实际-理论)=-3.25; 比例%=0.0609; 归因=B即相邻月段; 同构=月差2,跨注销0,同构; 最小腿OI=3423; 盘口空隙=1跳/0.019%",CZCE.SPD SR703&SR705,,,"组共5段, 仅取紧邻三元组"
2026-08-12 15:27:35,同构价差对比,kink,V,v2609-v2611 | v2611-v2701 | v2701-v2703,做空B段(B高于插值),0.000607,True,,False,contango(+44.0元/月),66.7,,"(-68, 90, -66, 234)","A=-76.5; B=-67.0; C=-63.0; 理论B=(A+C)/2=-69.75; 估值偏差(实际-理论)=2.75; 比例%=0.0607; 归因=v2611-v2612 低估-1.5(整段偏差+2.8的主要来源); 同构=月差2,跨注销0,非同构(none/none/far,结构有利,插值为保守下限); 最小腿OI=1740; 盘口空隙=2跳/0.044%",DCE.SP v2611&v2701,,,"组共8段, 仅取紧邻三元组"
2026-08-12 15:27:35,同构价差对比,kink,SS,ss2704-ss2705 | ss2705-ss2706 | ss2706-ss2707,做空B段(B高于插值),0.000602,False,低流动性(钓鱼),False,contango(+12.9元/月),66.7,,"(-110, 1, 125, 2)","A=-32.5; B=7.5; C=30.0; 理论B=(A+C)/2=-1.25; 估值偏差(实际-理论)=8.75; 比例%=0.0602; 归因=B即相邻月段; 同构=月差1,跨注销0,同构; 最小腿OI=17; 盘口空隙=47跳/1.617%",,,,"组共10段, 仅取紧邻三元组"
2026-08-12 15:27:35,价差递延,butterfly,MA,MA703-MA704-MA705,"做多蝶式(买后段卖前段,结构应后段>前段)",0.000601,True,,False,back(-19.7元/月),0.0,,,"前段=25.5; 后段=24.0; 蝶值(后-前)=-1.5; 结构基准E=1; 同构性=非同构(none/far),结构性不等式违背,|蝶值|为保守错价下限; 最小腿OI=1044; 盘口空隙=5跳/0.192%",,,,泛化蝶式 月差1+1
2026-08-12 15:27:35,折角修复,kink,UR,UR610-UR611 | UR702-UR703 | UR706-UR707,做多B段(实际低于理论),0.000594,True,,False,contango(+13.6元/月),100.0,,"(-40, 2, -38, 14)",A=-38.0; B=-39.0; C=-38.0; 理论B=(A+C)/2=-38.0; 价差(理论-实际)=1.0; 主力价=1683; 比例%=0.0594; 同构性=同构; 最小腿OI=100; 盘口空隙=2跳/0.119%,CZCE.SPD UR702&UR703,,,月差1 同构
2026-08-12 15:27:35,折角修复,kink,SN,sn2611-sn2701 | sn2702-sn2704 | sn2705-sn2707,做空B段(实际高于理论),0.000591,False,低流动性(钓鱼),False,contango(+145.0元/月),83.3,,"(-830, 1, 2320, 2)",A=660.0; B=745.0; C=320.0; 理论B=(A+C)/2=490.0; 价差(理论-实际)=-255.0; 主力价=431480; 比例%=0.0591; 同构性=同构; 最小腿OI=17; 盘口空隙=315跳/0.730%,,,,月差2 同构
2026-08-12 15:27:35,折角修复,kink,RB,rb2611-rb2612 | rb2701-rb2702 | rb2703-rb2704,做空B段(实际高于理论),0.000581,True,,False,contango(+10.4元/月),66.7,,"(-15, 2, -7, 2)",A=-14.5; B=-11.0; C=-11.0; 理论B=(A+C)/2=-12.75; 价差(理论-实际)=-1.75; 主力价=3010; 比例%=0.0581; 同构性=同构; 最小腿OI=520; 盘口空隙=8跳/0.266%,,,,月差1 同构
2026-08-12 15:27:35,折角修复,kink,MA,MA701-MA702 | MA702-MA703 | MA703-MA704,做多B段(实际低于理论),0.000575,True,,True,back(-19.7元/月),0.0,,"(23, 5, 25, 61)",A=25.5; B=24.0; C=25.5; 理论B=(A+C)/2=25.5; 价差(理论-实际)=1.5; 主力价=2607; 比例%=0.0575; 同构性=同构; 最小腿OI=1044; 盘口空隙=2跳/0.077%,CZCE.SPD MA702&MA703,,,月差1 同构
2026-08-12 15:27:35,折角修复,kink,MA,MA702-MA703 | MA703-MA704 | MA704-MA705,做空B段(实际高于理论),0.000575,True,,False,back(-19.7元/月),0.0,,"(24, 15, 27, 37)","A=24.0; B=25.5; C=24.0; 理论B=(A+C)/2=24.0; 价差(理论-实际)=-1.5; 主力价=2607; 比例%=0.0575; 同构性=非同构(none/none/far,结构有利,插值为保守下限); 最小腿OI=1044; 盘口空隙=3跳/0.115%",CZCE.SPD MA703&MA704,,,月差1 非同构-结构有利
2026-08-12 15:27:35,同构价差对比,kink,MA,MA701-MA702 | MA702-MA703 | MA703-MA704,做多B段(B低于插值),0.000575,True,,True,back(-19.7元/月),0.0,,"(23, 5, 25, 61)","A=25.5; B=24.0; C=25.5; 理论B=(A+C)/2=25.5; 估值偏差(实际-理论)=-1.5; 比例%=0.0575; 归因=B即相邻月段; 同构=月差1,跨注销0,同构; 最小腿OI=1044; 盘口空隙=2跳/0.077%",CZCE.SPD MA702&MA703,,,"组共10段, 仅取紧邻三元组"
2026-08-12 15:27:35,同构价差对比,kink,MA,MA702-MA703 | MA703-MA704 | MA704-MA705,做空B段(B高于插值),0.000575,True,,False,back(-19.7元/月),0.0,,"(24, 15, 27, 37)","A=24.0; B=25.5; C=24.0; 理论B=(A+C)/2=24.0; 估值偏差(实际-理论)=1.5; 比例%=0.0575; 归因=B即相邻月段; 同构=月差1,跨注销0,非同构(none/none/far,结构有利,插值为保守下限); 最小腿OI=1044; 盘口空隙=3跳/0.115%",CZCE.SPD MA703&MA704,,,"组共10段, 仅取紧邻三元组"
2026-08-12 15:27:35,折角修复,kink,AG,ag2608-ag2609 | ag2610-ag2611 | ag2612-ag2701,做多B段(实际低于理论),0.000573,True,,True,contango(+13.9元/月),100.0,,"(-26, 2, -17, 1)",A=-9.5; B=-21.5; C=-15.0; 理论B=(A+C)/2=-12.25; 价差(理论-实际)=9.25; 主力价=16154; 比例%=0.0573; 同构性=同构; 最小腿OI=5906; 盘口空隙=9跳/0.056%,,,,月差1 同构
2026-08-12 15:27:35,折角修复,kink,AG,ag2701-ag2702 | ag2703-ag2704 | ag2705-ag2706,做多B段(实际低于理论),0.000573,False,低流动性(钓鱼),True,contango(+13.9元/月),100.0,,"(-93, 1, 55, 1)",A=-6.5; B=-19.0; C=-13.0; 理论B=(A+C)/2=-9.75; 价差(理论-实际)=9.25; 主力价=16154; 比例%=0.0573; 同构性=同构; 最小腿OI=2355; 盘口空隙=148跳/0.916%,,,,月差1 同构
2026-08-12 15:27:35,同构价差对比,kink,AG,ag2609-ag2611 | ag2611-ag2701 | ag2701-ag2703,做空B段(B高于插值),0.000573,True,,False,contango(+13.9元/月),100.0,,"(-33, 1, -13, 1)","A=-55.5; B=-23.0; C=-9.0; 理论B=(A+C)/2=-32.25; 估值偏差(实际-理论)=9.25; 比例%=0.0573; 归因=ag2611-ag2612 高估+12.2(整段偏差+9.2的主要来源); 同构=月差2,跨注销0,同构; 最小腿OI=2698; 盘口空隙=20跳/0.124%",,,,"组共9段, 仅取紧邻三元组"
2026-08-12 15:27:35,折角修复,kink,EG,eg2703-eg2704 | eg2704-eg2705 | eg2705-eg2706,做多B段(实际低于理论),0.00056,True,,True,back(-130.1元/月),0.0,,"(7, 3, 8, 2)","A=12.5; B=7.5; C=8.0; 理论B=(A+C)/2=10.25; 价差(理论-实际)=2.75; 主力价=4908; 比例%=0.056; 同构性=非同构(near/none/none,结构有利,插值为保守下限); 最小腿OI=39; 盘口空隙=1跳/0.020%",DCE.SP eg2704&eg2705,,,月差1 非同构-结构有利
2026-08-12 15:27:35,同构价差对比,kink,EG,eg2703-eg2704 | eg2704-eg2705 | eg2705-eg2706,做多B段(B低于插值),0.00056,True,,True,back(-130.1元/月),0.0,,"(7, 3, 8, 2)","A=12.5; B=7.5; C=8.0; 理论B=(A+C)/2=10.25; 估值偏差(实际-理论)=-2.75; 比例%=0.056; 归因=B即相邻月段; 同构=月差1,跨注销0,非同构(near/none/none,结构有利,插值为保守下限); 最小腿OI=39; 盘口空隙=1跳/0.020%",DCE.SP eg2704&eg2705,,,"组共10段, 仅取紧邻三元组"
2026-08-12 15:27:35,折角修复,kink,RU,ru2701-ru2703 | ru2703-ru2705 | ru2705-ru2707,做多B段(实际低于理论),0.000557,False,低流动性(钓鱼),False,contango(+176.5元/月),0.0,,"(-90, 1, 95, 1)",A=17.5; B=2.5; C=7.5; 理论B=(A+C)/2=12.5; 价差(理论-实际)=10.0; 主力价=17950; 比例%=0.0557; 同构性=同构; 最小腿OI=33; 盘口空隙=37跳/1.031%,,,,月差2 同构
2026-08-12 15:27:35,同构价差对比,kink,RU,ru2701-ru2703 | ru2703-ru2705 | ru2705-ru2707,做多B段(B低于插值),0.000557,False,低流动性(钓鱼),False,contango(+176.5元/月),0.0,,"(-90, 1, 95, 1)","A=17.5; B=2.5; C=7.5; 理论B=(A+C)/2=12.5; 估值偏差(实际-理论)=-10.0; 比例%=0.0557; 归因=不可细分(子段缺盘口或三段月份表不齐); 同构=月差2,跨注销1,同构; 最小腿OI=33; 盘口空隙=37跳/1.031%",,,,"组共6段, 仅取紧邻三元组"
2026-08-12 15:27:35,折角修复,kink,SN,sn2610-sn2612 | sn2701-sn2703 | sn2704-sn2706,做空B段(实际高于理论),0.000556,False,低流动性(钓鱼),False,contango(+145.0元/月),83.3,,"(-210, 1, 1490, 1)",A=635.0; B=640.0; C=165.0; 理论B=(A+C)/2=400.0; 价差(理论-实际)=-240.0; 主力价=431480; 比例%=0.0556; 同构性=同构; 最小腿OI=44; 盘口空隙=170跳/0.394%,,,,月差2 同构
2026-08-12 15:27:35,价差递延,butterfly,OI,OI701-OI703-OI705,"做多蝶式(买后段卖前段,结构应后段>前段)",0.000553,True,,False,back(-48.1元/月),50.0,,,"前段=76.5; 后段=71.0; 蝶值(后-前)=-5.5; 结构基准E=1; 同构性=非同构(none/far),结构性不等式违背,|蝶值|为保守错价下限; 最小腿OI=18539; 盘口空隙=3跳/0.030%",,,,泛化蝶式 月差2+2
2026-08-12 15:27:35,同构价差对比,kink,AO,ao2701-ao2702 | ao2702-ao2703 | ao2703-ao2704,做多B段(B低于插值),0.000553,False,低流动性(钓鱼),False,contango(+14.3元/月),100.0,,"(-37, 4, 4, 4)","A=-17.5; B=-16.5; C=-12.5; 理论B=(A+C)/2=-15.0; 估值偏差(实际-理论)=-1.5; 比例%=0.0553; 归因=B即相邻月段; 同构=月差1,跨注销0,同构; 最小腿OI=197; 盘口空隙=41跳/1.512%",,,,"组共10段, 仅取紧邻三元组"
2026-08-12 15:27:35,折角修复,kink,PB,pb2610-pb2611 | pb2701-pb2702 | pb2704-pb2705,做空B段(实际高于理论),0.000549,True,,False,contango(+20.5元/月),83.3,,"(-20, 1, 10, 1)",A=-22.5; B=-5.0; C=-5.0; 理论B=(A+C)/2=-13.75; 价差(理论-实际)=-8.75; 主力价=15925; 比例%=0.0549; 同构性=同构; 最小腿OI=29; 盘口空隙=6跳/0.188%,,,,月差1 同构
2026-08-12 15:27:35,折角修复,kink,PB,pb2702-pb2703 | pb2703-pb2704 | pb2704-pb2705,做多B段(实际低于理论),0.000549,True,,True,contango(+20.5元/月),83.3,,"(-30, 1, 5, 1)",A=-2.5; B=-12.5; C=-5.0; 理论B=(A+C)/2=-3.75; 价差(理论-实际)=8.75; 主力价=15925; 比例%=0.0549; 同构性=同构; 最小腿OI=29; 盘口空隙=7跳/0.220%,,,,月差1 同构
2026-08-12 15:27:35,同构价差对比,kink,PB,pb2702-pb2703 | pb2703-pb2704 | pb2704-pb2705,做多B段(B低于插值),0.000549,True,,True,contango(+20.5元/月),83.3,,"(-30, 1, 5, 1)","A=-2.5; B=-12.5; C=-5.0; 理论B=(A+C)/2=-3.75; 估值偏差(实际-理论)=-8.75; 比例%=0.0549; 归因=B即相邻月段; 同构=月差1,跨注销0,同构; 最小腿OI=29; 盘口空隙=7跳/0.220%",,,,"组共10段, 仅取紧邻三元组"
2026-08-12 15:27:35,价差递延,butterfly,PF,PF610-PF611-PF612,"做多蝶式(买后段卖前段,结构应后段>前段)",0.000543,True,,False,back(-57.8元/月),0.0,,,"前段=67.0; 后段=63.0; 蝶值(后-前)=-4.0; 结构基准E=1; 同构性=非同构(none/far),结构性不等式违背,|蝶值|为保守错价下限; 最小腿OI=30711; 盘口空隙=2跳/0.054%",,,,泛化蝶式 月差1+1
2026-08-12 15:27:35,折角修复,kink,AG,ag2702-ag2703 | ag2703-ag2704 | ag2704-ag2705,做多B段(实际低于理论),0.000542,False,低流动性(钓鱼),True,contango(+13.9元/月),100.0,,"(-93, 1, 55, 1)",A=-2.5; B=-19.0; C=-18.0; 理论B=(A+C)/2=-10.25; 价差(理论-实际)=8.75; 主力价=16154; 比例%=0.0542; 同构性=同构; 最小腿OI=2355; 盘口空隙=148跳/0.916%,,,,月差1 同构
2026-08-12 15:27:35,同构价差对比,kink,AG,ag2702-ag2703 | ag2703-ag2704 | ag2704-ag2705,做多B段(B低于插值),0.000542,False,低流动性(钓鱼),True,contango(+13.9元/月),100.0,,"(-93, 1, 55, 1)","A=-2.5; B=-19.0; C=-18.0; 理论B=(A+C)/2=-10.25; 估值偏差(实际-理论)=-8.75; 比例%=0.0542; 归因=B即相邻月段; 同构=月差1,跨注销0,同构; 最小腿OI=2355; 盘口空隙=148跳/0.916%",,,,"组共10段, 仅取紧邻三元组"
2026-08-12 15:27:35,同构价差对比,kink,AD,ad2704-ad2705 | ad2705-ad2706 | ad2706-ad2707,做多B段(B低于插值),0.000529,False,低流动性(钓鱼),False,contango(+60.4元/月),,,"(-845, 2, 825, 2)","A=-45.0; B=-10.0; C=50.0; 理论B=(A+C)/2=2.5; 估值偏差(实际-理论)=-12.5; 比例%=0.0529; 归因=B即相邻月段; 同构=月差1,跨注销0,同构; 最小腿OI=3; 盘口空隙=334跳/7.063%",,,,"组共10段, 仅取紧邻三元组"
2026-08-12 15:27:35,折角修复,kink,NI,ni2609-ni2610 | ni2611-ni2612 | ni2701-ni2702,做多B段(实际低于理论),0.000524,True,,True,contango(+266.5元/月),83.3,,"(-390, 1, -240, 1)",A=-250.0; B=-315.0; C=-245.0; 理论B=(A+C)/2=-247.5; 价差(理论-实际)=67.5; 主力价=128710; 比例%=0.0524; 同构性=同构; 最小腿OI=1380; 盘口空隙=15跳/0.117%,,,,月差1 同构
2026-08-12 15:27:35,折角修复,kink,NI,ni2610-ni2611 | ni2612-ni2701 | ni2702-ni2703,做空B段(实际高于理论),0.000524,True,,False,contango(+266.5元/月),83.3,,"(-430, 1, -190, 1)",A=-310.0; B=-310.0; C=-445.0; 理论B=(A+C)/2=-377.5; 价差(理论-实际)=-67.5; 主力价=128710; 比例%=0.0524; 同构性=同构; 最小腿OI=1276; 盘口空隙=24跳/0.186%,,,,月差1 同构
2026-08-12 15:27:35,折角修复,kink,SS,ss2608-ss2609 | ss2611-ss2612 | ss2702-ss2703,做空B段(实际高于理论),0.000516,True,,False,contango(+12.9元/月),66.7,,"(-30, 1, -5, 3)",A=-25.0; B=-17.5; C=-25.0; 理论B=(A+C)/2=-25.0; 价差(理论-实际)=-7.5; 主力价=14535; 比例%=0.0516; 同构性=同构; 最小腿OI=105; 盘口空隙=5跳/0.172%,,,,月差1 同构
2026-08-12 15:27:35,折角修复,kink,AL,al2610-al2611 | al2611-al2612 | al2612-al2701,做多B段(实际低于理论),0.000515,True,,True,back(-15.5元/月),83.3,,"(20, 4, 30, 16)",A=30.0; B=25.0; C=45.0; 理论B=(A+C)/2=37.5; 价差(理论-实际)=12.5; 主力价=24285; 比例%=0.0515; 同构性=同构; 最小腿OI=26528; 盘口空隙=2跳/0.041%,,,,月差1 同构
2026-08-12 15:27:35,同构价差对比,kink,AL,al2610-al2611 | al2611-al2612 | al2612-al2701,做多B段(B低于插值),0.000515,True,,True,back(-15.5元/月),83.3,,"(20, 4, 30, 16)","A=30.0; B=25.0; C=45.0; 理论B=(A+C)/2=37.5; 估值偏差(实际-理论)=-12.5; 比例%=0.0515; 归因=B即相邻月段; 同构=月差1,跨注销0,同构; 最小腿OI=26528; 盘口空隙=2跳/0.041%",,,,"组共10段, 仅取紧邻三元组"
2026-08-12 15:27:35,同构价差对比,kink,OP,op2702-op2703 | op2703-op2704 | op2704-op2705,做多B段(B低于插值),0.000515,False,低流动性(钓鱼),False,contango(+6.4元/月),,,"(-88, 2, 80, 2)","A=-13.0; B=-4.0; C=9.0; 理论B=(A+C)/2=-2.0; 估值偏差(实际-理论)=-2.0; 比例%=0.0515; 归因=B即相邻月段; 同构=月差1,跨注销0,同构; 最小腿OI=0; 盘口空隙=84跳/4.330%",,,,"组共10段, 仅取紧邻三元组"
2026-08-12 15:27:35,同构价差对比,kink,EG,eg2609-eg2610 | eg2610-eg2611 | eg2611-eg2612,做多B段(B低于插值),0.000509,True,,True,back(-130.1元/月),0.0,,"(158, 6, 160, 3)","A=234.0; B=159.0; C=89.0; 理论B=(A+C)/2=161.5; 估值偏差(实际-理论)=-2.5; 比例%=0.0509; 归因=B即相邻月段; 同构=月差1,跨注销0,同构; 最小腿OI=51969; 盘口空隙=2跳/0.041%",DCE.SP eg2610&eg2611,,,"组共10段, 仅取紧邻三元组"
2026-08-12 15:27:35,折角修复,kink,SA,SA610-SA611 | SA612-SA701 | SA702-SA703,做空B段(实际高于理论),0.000507,True,,False,contango(+13.4元/月),50.0,,"(-3, 914, -2, 895)",A=-2.5; B=-2.5; C=-3.5; 理论B=(A+C)/2=-3.0; 价差(理论-实际)=-0.5; 主力价=987; 比例%=0.0507; 同构性=同构; 最小腿OI=5573; 盘口空隙=1跳/0.101%,CZCE.SPD SA612&SA701,,,月差1 同构
2026-08-12 15:27:35,同构价差对比,kink,SA,SA611-SA701 | SA701-SA703 | SA703-SA705,做多B段(B低于插值),0.000507,True,,False,contango(+13.4元/月),50.0,,"(-28, 203, -27, 10)","A=-28.5; B=-27.5; C=-25.5; 理论B=(A+C)/2=-27.0; 估值偏差(实际-理论)=-0.5; 比例%=0.0507; 归因=SA702-SA703 低估-1.5(整段偏差-0.5的主要来源); 同构=月差2,跨注销0,同构; 最小腿OI=63962; 盘口空隙=1跳/0.101%",CZCE.SPD SA701&SA703,,,"组共5段, 仅取紧邻三元组"
2026-08-12 15:27:35,同构价差对比,kink,SA,SA610-SA612 | SA612-SA702 | SA702-SA704,做多B段(B低于插值),0.000507,False,低流动性(钓鱼),False,contango(+13.4元/月),50.0,,"(-31, 1, -24, 1)","A=-28.0; B=-27.5; C=-26.0; 理论B=(A+C)/2=-27.0; 估值偏差(实际-理论)=-0.5; 比例%=0.0507; 归因=SA612-SA701 高估+0.5(整段偏差-0.5的主要来源); 同构=月差2,跨注销1,同构; 最小腿OI=3117; 盘口空隙=7跳/0.709%",CZCE.SPD SA612&SA702,,,"组共4段, 仅取紧邻三元组"
2026-08-12 15:27:35,折角修复,kink,AG,ag2611-ag2612 | ag2702-ag2703 | ag2705-ag2706,做空B段(实际高于理论),0.000495,False,低流动性(钓鱼),False,contango(+13.9元/月),100.0,,"(-61, 1, 56, 1)",A=-8.0; B=-2.5; C=-13.0; 理论B=(A+C)/2=-10.5; 价差(理论-实际)=-8.0; 主力价=16154; 比例%=0.0495; 同构性=同构; 最小腿OI=2355; 盘口空隙=117跳/0.724%,,,,月差1 同构
2026-08-12 15:27:35,注销后首月溢价,spread,SH,SH704-SH705,做多价差(买注销后首月卖次月),0.000486,True,,True,contango(+16.2元/月),0.0,,"(-2, 9, 0, 2)","注销月=SH703; 价差=-1.0; 期限斜率t=15.45; 注销段=远腿5月=注销月,本段结构性偏高(效应段在下一段); 最小腿OI=860; 盘口空隙=2跳/0.105%",CZCE.SPD SH704&SH705,,,
2026-08-12 15:27:35,折角修复,kink,CU,cu2703-cu2704 | cu2704-cu2705 | cu2705-cu2706,做多B段(实际低于理论),0.000484,False,低流动性(钓鱼),True,back(-154.3元/月),33.3,,"(-140, 1, 200, 1)",A=105.0; B=30.0; C=60.0; 理论B=(A+C)/2=82.5; 价差(理论-实际)=52.5; 主力价=108390; 比例%=0.0484; 同构性=同构; 最小腿OI=4435; 盘口空隙=34跳/0.314%,,,,月差1 同构
2026-08-12 15:27:35,同构价差对比,kink,CU,cu2703-cu2704 | cu2704-cu2705 | cu2705-cu2706,做多B段(B低于插值),0.000484,False,低流动性(钓鱼),True,back(-154.3元/月),33.3,,"(-140, 1, 200, 1)","A=105.0; B=30.0; C=60.0; 理论B=(A+C)/2=82.5; 估值偏差(实际-理论)=-52.5; 比例%=0.0484; 归因=B即相邻月段; 同构=月差1,跨注销0,同构; 最小腿OI=4435; 盘口空隙=34跳/0.314%",,,,"组共10段, 仅取紧邻三元组"
2026-08-12 15:27:35,同构价差对比,kink,BZ,bz2609-bz2610 | bz2610-bz2611 | bz2611-bz2612,做空B段(B高于插值),0.000484,True,,False,back(-118.2元/月),,,"(130, 15, 134, 1)","A=167.0; B=132.0; C=90.0; 理论B=(A+C)/2=128.5; 估值偏差(实际-理论)=3.5; 比例%=0.0484; 归因=B即相邻月段; 同构=月差1,跨注销0,同构; 最小腿OI=3251; 盘口空隙=4跳/0.055%",DCE.SP bz2610&bz2611,,,"组共10段, 仅取紧邻三元组"
2026-08-12 15:27:35,折角修复,kink,AG,ag2611-ag2612 | ag2612-ag2701 | ag2701-ag2702,做多B段(实际低于理论),0.00048,True,,True,contango(+13.9元/月),100.0,,"(-27, 2, -3, 1)",A=-8.0; B=-15.0; C=-6.5; 理论B=(A+C)/2=-7.25; 价差(理论-实际)=7.75; 主力价=16154; 比例%=0.048; 同构性=同构; 最小腿OI=9425; 盘口空隙=24跳/0.149%,,,,月差1 同构
2026-08-12 15:27:35,同构价差对比,kink,AG,ag2611-ag2612 | ag2612-ag2701 | ag2701-ag2702,做多B段(B低于插值),0.00048,True,,True,contango(+13.9元/月),100.0,,"(-27, 2, -3, 1)","A=-8.0; B=-15.0; C=-6.5; 理论B=(A+C)/2=-7.25; 估值偏差(实际-理论)=-7.75; 比例%=0.048; 归因=B即相邻月段; 同构=月差1,跨注销0,同构; 最小腿OI=9425; 盘口空隙=24跳/0.149%",,,,"组共10段, 仅取紧邻三元组"
2026-08-12 15:27:35,折角修复,kink,MA,MA612-MA701 | MA702-MA703 | MA704-MA705,做空B段(实际高于理论),0.000479,True,,False,back(-19.7元/月),0.0,,"(23, 5, 25, 61)","A=21.5; B=24.0; C=24.0; 理论B=(A+C)/2=22.75; 价差(理论-实际)=-1.25; 主力价=2607; 比例%=0.0479; 同构性=非同构(none/none/far,结构有利,插值为保守下限); 最小腿OI=1044; 盘口空隙=2跳/0.077%",CZCE.SPD MA702&MA703,,,月差1 非同构-结构有利
2026-08-12 15:27:35,折角修复,kink,PB,pb2609-pb2610 | pb2610-pb2611 | pb2611-pb2612,做多B段(实际低于理论),0.000471,True,,True,contango(+20.5元/月),83.3,,"(-35, 17, -10, 2)",A=-20.0; B=-22.5; C=-10.0; 理论B=(A+C)/2=-15.0; 价差(理论-实际)=7.5; 主力价=15925; 比例%=0.0471; 同构性=同构; 最小腿OI=291; 盘口空隙=5跳/0.157%,,,,月差1 同构
2026-08-12 15:27:35,同构价差对比,kink,PB,pb2609-pb2610 | pb2610-pb2611 | pb2611-pb2612,做多B段(B低于插值),0.000471,True,,True,contango(+20.5元/月),83.3,,"(-35, 17, -10, 2)","A=-20.0; B=-22.5; C=-10.0; 理论B=(A+C)/2=-15.0; 估值偏差(实际-理论)=-7.5; 比例%=0.0471; 归因=B即相邻月段; 同构=月差1,跨注销0,同构; 最小腿OI=291; 盘口空隙=5跳/0.157%",,,,"组共10段, 仅取紧邻三元组"
2026-08-12 15:27:35,折角修复,kink,AO,ao2611-ao2612 | ao2612-ao2701 | ao2701-ao2702,做多B段(实际低于理论),0.000461,False,低流动性(钓鱼),False,contango(+14.3元/月),100.0,,"(-24, 1, -11, 1)",A=-15.0; B=-17.5; C=-17.5; 理论B=(A+C)/2=-16.25; 价差(理论-实际)=1.25; 主力价=2711; 比例%=0.0461; 同构性=同构; 最小腿OI=353; 盘口空隙=13跳/0.480%,,,,月差1 同构
2026-08-12 15:27:35,同构价差对比,kink,AO,ao2611-ao2612 | ao2612-ao2701 | ao2701-ao2702,做多B段(B低于插值),0.000461,False,低流动性(钓鱼),False,contango(+14.3元/月),100.0,,"(-24, 1, -11, 1)","A=-15.0; B=-17.5; C=-17.5; 理论B=(A+C)/2=-16.25; 估值偏差(实际-理论)=-1.25; 比例%=0.0461; 归因=B即相邻月段; 同构=月差1,跨注销0,同构; 最小腿OI=353; 盘口空隙=13跳/0.480%",,,,"组共10段, 仅取紧邻三元组"
2026-08-12 15:27:35,同构价差对比,kink,AO,ao2702-ao2703 | ao2703-ao2704 | ao2704-ao2705,做空B段(B高于插值),0.000461,False,低流动性(钓鱼),False,contango(+14.3元/月),100.0,,"(-27, 3, 2, 2)","A=-16.5; B=-12.5; C=-11.0; 理论B=(A+C)/2=-13.75; 估值偏差(实际-理论)=1.25; 比例%=0.0461; 归因=B即相邻月段; 同构=月差1,跨注销0,同构; 最小腿OI=197; 盘口空隙=29跳/1.070%",,,,"组共10段, 仅取紧邻三元组"
2026-08-12 15:27:35,折角修复,kink,V,v2612-v2701 | v2701-v2702 | v2702-v2703,做空B段(实际高于理论),0.000442,True,,False,contango(+44.0元/月),66.7,,"(-28, 172, -27, 576)","A=-31.5; B=-27.5; C=-27.5; 理论B=(A+C)/2=-29.5; 价差(理论-实际)=-2.0; 主力价=4528; 比例%=0.0442; 同构性=非同构(none/none/far,结构有利,插值为保守下限); 最小腿OI=1740; 盘口空隙=1跳/0.022%",DCE.SP v2701&v2702,,,月差1 非同构-结构有利
2026-08-12 15:27:35,同构价差对比,kink,V,v2612-v2701 | v2701-v2702 | v2702-v2703,做空B段(B高于插值),0.000442,True,,False,contango(+44.0元/月),66.7,,"(-28, 172, -27, 576)","A=-31.5; B=-27.5; C=-27.5; 理论B=(A+C)/2=-29.5; 估值偏差(实际-理论)=2.0; 比例%=0.0442; 归因=B即相邻月段; 同构=月差1,跨注销0,非同构(none/none/far,结构有利,插值为保守下限); 最小腿OI=1740; 盘口空隙=1跳/0.022%",DCE.SP v2701&v2702,,,"组共10段, 仅取紧邻三元组"
2026-08-12 15:27:35,折角修复,kink,BC,bc2611-bc2612 | bc2612-bc2701 | bc2701-bc2702,做多B段(实际低于理论),0.00044,False,低流动性(钓鱼),True,back(-159.1元/月),0.0,,"(-2000, 1, 2090, 1)",A=115.0; B=45.0; C=60.0; 理论B=(A+C)/2=87.5; 价差(理论-实际)=42.5; 主力价=96570; 比例%=0.044; 同构性=同构; 最小腿OI=1; 盘口空隙=409跳/4.235%,,,,月差1 同构
2026-08-12 15:27:35,同构价差对比,kink,BC,bc2610-bc2611 | bc2611-bc2612 | bc2612-bc2701,做多B段(B低于插值),0.00044,False,低流动性(钓鱼),True,back(-159.1元/月),0.0,,"(-2100, 1, 2330, 1)","A=270.0; B=115.0; C=45.0; 理论B=(A+C)/2=157.5; 估值偏差(实际-理论)=-42.5; 比例%=0.044; 归因=B即相邻月段; 同构=月差1,跨注销0,同构; 最小腿OI=1; 盘口空隙=443跳/4.587%",,,,"组共10段, 仅取紧邻三元组"
2026-08-12 15:27:35,同构价差对比,kink,BC,bc2611-bc2612 | bc2612-bc2701 | bc2701-bc2702,做多B段(B低于插值),0.00044,False,低流动性(钓鱼),True,back(-159.1元/月),0.0,,"(-2000, 1, 2090, 1)","A=115.0; B=45.0; C=60.0; 理论B=(A+C)/2=87.5; 估值偏差(实际-理论)=-42.5; 比例%=0.044; 归因=B即相邻月段; 同构=月差1,跨注销0,同构; 最小腿OI=1; 盘口空隙=409跳/4.235%",,,,"组共10段, 仅取紧邻三元组"
2026-08-12 15:27:35,同构价差对比,kink,PX,PX609-PX611 | PX611-PX701 | PX701-PX703,做空B段(B高于插值),0.000439,True,,False,back(-44.1元/月),0.0,,"(84, 7, 90, 6)","A=90.0; B=87.0; C=77.0; 理论B=(A+C)/2=83.5; 估值偏差(实际-理论)=3.5; 比例%=0.0439; 归因=PX612-PX701 高估+9.5(整段偏差+3.5的主要来源); 同构=月差2,跨注销0,同构; 最小腿OI=29; 盘口空隙=3跳/0.075%",CZCE.SPD PX611&PX701,,,"组共5段, 仅取紧邻三元组"
2026-08-12 15:27:35,折角修复,kink,CU,cu2609-cu2610 | cu2612-cu2701 | cu2703-cu2704,做空B段(实际高于理论),0.000438,False,低流动性(钓鱼),False,back(-154.3元/月),33.3,,"(-60, 1, 440, 1)",A=180.0; B=190.0; C=105.0; 理论B=(A+C)/2=142.5; 价差(理论-实际)=-47.5; 主力价=108390; 比例%=0.0438; 同构性=同构; 最小腿OI=8907; 盘口空隙=50跳/0.461%,,,,月差1 同构
2026-08-12 15:27:35,同构价差对比,kink,TA,TA612-TA701 | TA701-TA702 | TA702-TA703,做多B段(B低于插值),0.000434,True,,True,back(-42.3元/月),16.7,,"(30, 9, 34, 9)","A=49.0; B=32.0; C=20.0; 理论B=(A+C)/2=34.5; 估值偏差(实际-理论)=-2.5; 比例%=0.0434; 归因=B即相邻月段; 同构=月差1,跨注销0,同构; 最小腿OI=527; 盘口空隙=2跳/0.069%",CZCE.SPD TA701&TA702,,,"组共10段, 仅取紧邻三元组"
2026-08-12 15:27:35,折角修复,kink,AG,ag2611-ag2612 | ag2701-ag2702 | ag2703-ag2704,做空B段(实际高于理论),0.000433,True,,False,contango(+13.9元/月),100.0,,"(-16, 1, 3, 2)",A=-8.0; B=-6.5; C=-19.0; 理论B=(A+C)/2=-13.5; 价差(理论-实际)=-7.0; 主力价=16154; 比例%=0.0433; 同构性=同构; 最小腿OI=2698; 盘口空隙=19跳/0.118%,,,,月差1 同构
2026-08-12 15:27:35,折角修复,kink,SP,sp2609-sp2610 | sp2701-sp2702 | sp2705-sp2706,做多B段(实际低于理论),0.00043,False,低流动性(钓鱼),False,contango(+55.1元/月),83.3,,"(-30, 2, 16, 2)",A=-6.0; B=-7.0; C=-4.0; 理论B=(A+C)/2=-5.0; 价差(理论-实际)=2.0; 主力价=4646; 比例%=0.043; 同构性=同构; 最小腿OI=54; 盘口空隙=23跳/0.990%,,,,月差1 同构
2026-08-12 15:27:35,同构价差对比,kink,FU,fu2611-fu2612 | fu2612-fu2701 | fu2701-fu2702,做多B段(B低于插值),0.000428,True,,True,back(-97.8元/月),0.0,,"(77, 3, 81, 2)","A=107.0; B=79.0; C=54.0; 理论B=(A+C)/2=80.5; 估值偏差(实际-理论)=-1.5; 比例%=0.0428; 归因=B即相邻月段; 同构=月差1,跨注销0,同构; 最小腿OI=1207; 盘口空隙=4跳/0.114%",,,,"组共11段, 仅取紧邻三元组"
2026-08-12 15:27:35,同构价差对比,kink,PR,PR610-PR611 | PR611-PR612 | PR612-PR701,做空B段(B高于插值),0.00042,True,,False,back(-80.4元/月),,,"(72, 27, 74, 2)","A=89.0; B=73.0; C=51.0; 理论B=(A+C)/2=70.0; 估值偏差(实际-理论)=3.0; 比例%=0.042; 归因=B即相邻月段; 同构=月差1,跨注销0,非同构(none/none/far,结构有利,插值为保守下限); 最小腿OI=549; 盘口空隙=1跳/0.028%",CZCE.SPD PR611&PR612,,,"组共10段, 仅取紧邻三元组"
2026-08-12 15:27:35,注销后首月溢价,spread,PS,ps2612-ps2701,做多价差(买注销后首月卖次月),0.000416,False,低流动性(钓鱼),True,contango(+789.4元/月),,,"(-295, 5, 260, 1)",注销月=ps2611; 价差=-17.5; 期限斜率t=3.05; 最小腿OI=1481; 盘口空隙=111跳/1.447%,,,,
2026-08-12 15:27:35,折角修复,kink,AL,al2612-al2701 | al2702-al2703 | al2704-al2705,做多B段(实际低于理论),0.000412,False,低流动性(钓鱼),True,back(-15.5元/月),83.3,,"(-125, 1, 215, 1)",A=45.0; B=45.0; C=65.0; 理论B=(A+C)/2=55.0; 价差(理论-实际)=10.0; 主力价=24285; 比例%=0.0412; 同构性=同构; 最小腿OI=2851; 盘口空隙=68跳/1.400%,,,,月差1 同构
2026-08-12 15:27:35,同构价差对比,kink,AL,al2612-al2702 | al2702-al2704 | al2704-al2706,做多B段(B低于插值),0.000412,False,低流动性(钓鱼),True,back(-15.5元/月),83.3,,"(-110, 1, 120, 1)","A=-7.5; B=5.0; C=37.5; 理论B=(A+C)/2=15.0; 估值偏差(实际-理论)=-10.0; 比例%=0.0412; 归因=al2702-al2703 低估-10.0(整段偏差-10.0的主要来源); 同构=月差2,跨注销0,同构; 最小腿OI=1371; 盘口空隙=46跳/0.947%",,,,"组共9段, 仅取紧邻三元组"
2026-08-12 15:27:35,折角修复,kink,CU,cu2610-cu2611 | cu2611-cu2612 | cu2612-cu2701,做空B段(实际高于理论),0.000392,True,,False,back(-154.3元/月),33.3,,"(110, 1, 350, 1)",A=185.0; B=230.0; C=190.0; 理论B=(A+C)/2=187.5; 价差(理论-实际)=-42.5; 主力价=108390; 比例%=0.0392; 同构性=同构; 最小腿OI=28906; 盘口空隙=24跳/0.221%,,,,月差1 同构
2026-08-12 15:27:35,折角修复,kink,PB,pb2611-pb2612 | pb2701-pb2702 | pb2703-pb2704,做空B段(实际高于理论),0.000392,True,,False,contango(+20.5元/月),83.3,,"(-20, 1, 10, 1)",A=-10.0; B=-5.0; C=-12.5; 理论B=(A+C)/2=-11.25; 价差(理论-实际)=-6.25; 主力价=15925; 比例%=0.0392; 同构性=同构; 最小腿OI=29; 盘口空隙=6跳/0.188%,,,,月差1 同构
2026-08-12 15:27:35,折角修复,kink,PB,pb2701-pb2702 | pb2702-pb2703 | pb2703-pb2704,做空B段(实际高于理论),0.000392,True,,False,contango(+20.5元/月),83.3,,"(-15, 1, 10, 1)",A=-5.0; B=-2.5; C=-12.5; 理论B=(A+C)/2=-8.75; 价差(理论-实际)=-6.25; 主力价=15925; 比例%=0.0392; 同构性=同构; 最小腿OI=29; 盘口空隙=5跳/0.157%,,,,月差1 同构
2026-08-12 15:27:35,折角修复,kink,PB,pb2702-pb2703 | pb2704-pb2705 | pb2706-pb2707,做多B段(实际低于理论),0.000392,False,低流动性(钓鱼),True,contango(+20.5元/月),83.3,,"(-30, 1, 20, 1)",A=-2.5; B=-5.0; C=5.0; 理论B=(A+C)/2=1.25; 价差(理论-实际)=6.25; 主力价=15925; 比例%=0.0392; 同构性=同构; 最小腿OI=29; 盘口空隙=10跳/0.314%,,,,月差1 同构
2026-08-12 15:27:35,同构价差对比,kink,CU,cu2610-cu2611 | cu2611-cu2612 | cu2612-cu2701,做空B段(B高于插值),0.000392,True,,False,back(-154.3元/月),33.3,,"(110, 1, 350, 1)","A=185.0; B=230.0; C=190.0; 理论B=(A+C)/2=187.5; 估值偏差(实际-理论)=42.5; 比例%=0.0392; 归因=B即相邻月段; 同构=月差1,跨注销0,同构; 最小腿OI=28906; 盘口空隙=24跳/0.221%",,,,"组共10段, 仅取紧邻三元组"
2026-08-12 15:27:35,同构价差对比,kink,PB,pb2701-pb2702 | pb2702-pb2703 | pb2703-pb2704,做空B段(B高于插值),0.000392,True,,False,contango(+20.5元/月),83.3,,"(-15, 1, 10, 1)","A=-5.0; B=-2.5; C=-12.5; 理论B=(A+C)/2=-8.75; 估值偏差(实际-理论)=6.25; 比例%=0.0392; 归因=B即相邻月段; 同构=月差1,跨注销0,同构; 最小腿OI=29; 盘口空隙=5跳/0.157%",,,,"组共10段, 仅取紧邻三元组"
2026-08-12 15:27:35,折角修复,kink,SN,sn2610-sn2611 | sn2611-sn2612 | sn2612-sn2701,做多B段(实际低于理论),0.000388,True,,True,contango(+145.0元/月),83.3,,"(-160, 1, 640, 1)",A=395.0; B=240.0; C=420.0; 理论B=(A+C)/2=407.5; 价差(理论-实际)=167.5; 主力价=431480; 比例%=0.0388; 同构性=同构; 最小腿OI=1030; 盘口空隙=80跳/0.185%,,,,月差1 同构
2026-08-12 15:27:35,同构价差对比,kink,SN,sn2610-sn2611 | sn2611-sn2612 | sn2612-sn2701,做多B段(B低于插值),0.000388,True,,True,contango(+145.0元/月),83.3,,"(-160, 1, 640, 1)","A=395.0; B=240.0; C=420.0; 理论B=(A+C)/2=407.5; 估值偏差(实际-理论)=-167.5; 比例%=0.0388; 归因=B即相邻月段; 同构=月差1,跨注销0,同构; 最小腿OI=1030; 盘口空隙=80跳/0.185%",,,,"组共10段, 仅取紧邻三元组"
2026-08-12 15:27:35,同构价差对比,kink,MA,MA611-MA612 | MA612-MA701 | MA701-MA702,做多B段(B低于插值),0.000384,True,,True,back(-19.7元/月),0.0,,"(21, 154, 22, 87)","A=19.5; B=21.5; C=25.5; 理论B=(A+C)/2=22.5; 估值偏差(实际-理论)=-1.0; 比例%=0.0384; 归因=B即相邻月段; 同构=月差1,跨注销0,非同构(near/none/none,结构有利,插值为保守下限); 最小腿OI=2726; 盘口空隙=1跳/0.038%",CZCE.SPD MA612&MA701,,,"组共10段, 仅取紧邻三元组"
2026-08-12 15:27:35,同构价差对比,kink,AD,ad2702-ad2703 | ad2703-ad2704 | ad2704-ad2705,做空B段(B高于插值),0.00037,False,低流动性(钓鱼),False,contango(+60.4元/月),,,"(-530, 2, 505, 2)","A=2.5; B=-12.5; C=-45.0; 理论B=(A+C)/2=-21.25; 估值偏差(实际-理论)=8.75; 比例%=0.037; 归因=B即相邻月段; 同构=月差1,跨注销0,同构; 最小腿OI=1; 盘口空隙=207跳/4.377%",,,,"组共10段, 仅取紧邻三元组"
2026-08-12 15:27:35,折角修复,kink,BC,bc2612-bc2701 | bc2703-bc2704 | bc2706-bc2707,做多B段(实际低于理论),0.000362,False,低流动性(钓鱼),True,back(-159.1元/月),0.0,,"(-2050, 1, 2050, 1)",A=45.0; B=0.0; C=25.0; 理论B=(A+C)/2=35.0; 价差(理论-实际)=35.0; 主力价=96570; 比例%=0.0362; 同构性=同构; 最小腿OI=1; 盘口空隙=410跳/4.246%,,,,月差1 同构
2026-08-12 15:27:35,同构价差对比,kink,BC,bc2610-bc2612 | bc2612-bc2702 | bc2702-bc2704,做空B段(B高于插值),0.000362,False,低流动性(钓鱼),False,back(-159.1元/月),0.0,,"(-2260, 1, 2470, 1)","A=385.0; B=105.0; C=-245.0; 理论B=(A+C)/2=70.0; 估值偏差(实际-理论)=35.0; 比例%=0.0362; 归因=bc2612-bc2701 高估+32.5(整段偏差+35.0的主要来源); 同构=月差2,跨注销0,同构; 最小腿OI=1; 盘口空隙=473跳/4.898%",,,,"组共9段, 仅取紧邻三元组"
2026-08-12 15:27:35,同构价差对比,kink,SC,sc2611-sc2612 | sc2612-sc2701 | sc2701-sc2702,做空B段(B高于插值),0.000362,True,,False,back(-4.1元/月),28.6,,"(2.8, 1, 4.1, 2)","A=4.0; B=3.4499999999999997; C=2.5; 理论B=(A+C)/2=3.25; 估值偏差(实际-理论)=0.2; 比例%=0.0362; 归因=B即相邻月段; 同构=月差1,跨注销0,同构; 最小腿OI=671; 盘口空隙=13跳/0.235%",,,,"组共12段, 仅取紧邻三元组"
2026-08-12 15:27:35,同构价差对比,kink,BU,bu2702-bu2703 | bu2703-bu2704 | bu2704-bu2705,做多B段(B低于插值),0.000361,False,低流动性(钓鱼),True,back(-140.5元/月),0.0,,"(-38, 3, 31, 1)","A=-11.5; B=-3.5; C=7.5; 理论B=(A+C)/2=-2.0; 估值偏差(实际-理论)=-1.5; 比例%=0.0361; 归因=B即相邻月段; 同构=月差1,跨注销0,同构; 最小腿OI=205; 盘口空隙=69跳/1.662%",,,,"组共10段, 仅取紧邻三元组"
2026-08-12 15:27:35,折角修复,kink,TA,TA610-TA611 | TA611-TA612 | TA612-TA701,做空B段(实际高于理论),0.000347,True,,False,back(-42.3元/月),16.7,,"(52, 174, 54, 423)",A=53.0; B=53.0; C=49.0; 理论B=(A+C)/2=51.0; 价差(理论-实际)=-2.0; 主力价=5764; 比例%=0.0347; 同构性=同构; 最小腿OI=121539; 盘口空隙=1跳/0.035%,CZCE.SPD TA611&TA612,,,月差1 同构
2026-08-12 15:27:35,同构价差对比,kink,TA,TA610-TA611 | TA611-TA612 | TA612-TA701,做空B段(B高于插值),0.000347,True,,False,back(-42.3元/月),16.7,,"(52, 174, 54, 423)","A=53.0; B=53.0; C=49.0; 理论B=(A+C)/2=51.0; 估值偏差(实际-理论)=2.0; 比例%=0.0347; 归因=B即相邻月段; 同构=月差1,跨注销0,同构; 最小腿OI=121539; 盘口空隙=1跳/0.035%",CZCE.SPD TA611&TA612,,,"组共10段, 仅取紧邻三元组"
2026-08-12 15:27:35,同构价差对比,kink,TA,TA701-TA703 | TA703-TA705 | TA705-TA707,做空B段(B高于插值),0.000347,True,,False,back(-42.3元/月),16.7,,"(34, 4, 38, 58)","A=51.0; B=36.0; C=17.0; 理论B=(A+C)/2=34.0; 估值偏差(实际-理论)=2.0; 比例%=0.0347; 归因=TA703-TA704 低估-2.0(整段偏差+2.0的主要来源); 同构=月差2,跨注销0,同构; 最小腿OI=37; 盘口空隙=2跳/0.069%",CZCE.SPD TA703&TA705,,,"组共9段, 仅取紧邻三元组"
2026-08-12 15:27:35,折角修复,kink,SM,SM608-SM609 | SM612-SM701 | SM704-SM705,做空B段(实际高于理论),0.000344,True,,False,contango(+13.1元/月),66.7,,"(-14, 702, -12, 55)",A=-14.0; B=-13.0; C=-16.0; 理论B=(A+C)/2=-15.0; 价差(理论-实际)=-2.0; 主力价=5814; 比例%=0.0344; 同构性=同构; 最小腿OI=84; 盘口空隙=1跳/0.034%,CZCE.SPD SM612&SM701,,,月差1 同构
2026-08-12 15:27:35,价差递延,butterfly,LC,lc2609-lc2610-lc2611,"做多蝶式(买后段卖前段,结构应后段>前段)",0.000334,False,低流动性(钓鱼),False,back(-242.5元/月),66.7,,,"前段=340.0; 后段=290.0; 蝶值(后-前)=-50.0; 结构基准E=1; 同构性=非同构(none/far),结构性不等式违背,|蝶值|为保守错价下限; 最小腿OI=21175; 盘口空隙=27跳/0.361%",,,,泛化蝶式 月差1+1
2026-08-12 15:27:35,同构价差对比,kink,B,b2609-b2610 | b2610-b2611 | b2611-b2612,做空B段(B高于插值),0.000325,True,,False,back(-14.2元/月),50.0,,"(-19, 2, -15, 5)","A=-11.0; B=-17.0; C=-25.5; 理论B=(A+C)/2=-18.25; 估值偏差(实际-理论)=1.25; 比例%=0.0325; 归因=B即相邻月段; 同构=月差1,跨注销0,同构; 最小腿OI=46059; 盘口空隙=4跳/0.104%",DCE.SP b2610&b2611,,,"组共10段, 仅取紧邻三元组"
2026-08-12 15:27:35,折角修复,kink,AD,ad2611-ad2612 | ad2702-ad2703 | ad2705-ad2706,做空B段(实际高于理论),0.000317,False,低流动性(钓鱼),False,contango(+60.4元/月),,,"(-520, 2, 525, 2)",A=0.0; B=2.5; C=-10.0; 理论B=(A+C)/2=-5.0; 价差(理论-实际)=-7.5; 主力价=23645; 比例%=0.0317; 同构性=同构; 最小腿OI=1; 盘口空隙=209跳/4.420%,,,,月差1 同构
2026-08-12 15:27:35,折角修复,kink,AG,ag2612-ag2701 | ag2703-ag2704 | ag2706-ag2707,做多B段(实际低于理论),0.00031,False,低流动性(钓鱼),True,contango(+13.9元/月),100.0,,"(-93, 1, 55, 1)",A=-15.0; B=-19.0; C=-13.0; 理论B=(A+C)/2=-14.0; 价差(理论-实际)=5.0; 主力价=16154; 比例%=0.031; 同构性=同构; 最小腿OI=1803; 盘口空隙=148跳/0.916%,,,,月差1 同构
2026-08-12 15:27:35,折角修复,kink,AL,al2610-al2611 | al2612-al2701 | al2702-al2703,做空B段(实际高于理论),0.000309,True,,False,back(-15.5元/月),83.3,,"(30, 2, 60, 1)",A=30.0; B=45.0; C=45.0; 理论B=(A+C)/2=37.5; 价差(理论-实际)=-7.5; 主力价=24285; 比例%=0.0309; 同构性=同构; 最小腿OI=7469; 盘口空隙=6跳/0.124%,,,,月差1 同构
2026-08-12 15:27:35,折角修复,kink,HC,hc2611-hc2612 | hc2612-hc2701 | hc2701-hc2702,做空B段(实际高于理论),0.000309,False,低流动性(钓鱼),False,contango(+5.5元/月),83.3,,"(-19, 2, 5, 2)",A=-7.5; B=-7.0; C=-8.5; 理论B=(A+C)/2=-8.0; 价差(理论-实际)=-1.0; 主力价=3239; 比例%=0.0309; 同构性=同构; 最小腿OI=153; 盘口空隙=24跳/0.741%,,,,月差1 同构
2026-08-12 15:27:35,同构价差对比,kink,HC,hc2611-hc2612 | hc2612-hc2701 | hc2701-hc2702,做空B段(B高于插值),0.000309,False,低流动性(钓鱼),False,contango(+5.5元/月),83.3,,"(-19, 2, 5, 2)","A=-7.5; B=-7.0; C=-8.5; 理论B=(A+C)/2=-8.0; 估值偏差(实际-理论)=1.0; 比例%=0.0309; 归因=B即相邻月段; 同构=月差1,跨注销0,同构; 最小腿OI=153; 盘口空隙=24跳/0.741%",,,,"组共10段, 仅取紧邻三元组"
2026-08-12 15:27:35,同构价差对比,kink,EG,eg2704-eg2705 | eg2705-eg2706 | eg2706-eg2707,做多B段(B低于插值),0.000306,True,,True,back(-130.1元/月),0.0,,"(7, 3, 9, 3)","A=7.5; B=8.0; C=11.5; 理论B=(A+C)/2=9.5; 估值偏差(实际-理论)=-1.5; 比例%=0.0306; 归因=B即相邻月段; 同构=月差1,跨注销0,同构; 最小腿OI=28; 盘口空隙=2跳/0.041%",DCE.SP eg2705&eg2706,,,"组共10段, 仅取紧邻三元组"
2026-08-12 15:27:35,折角修复,kink,EB,eb2704-eb2705 | eb2705-eb2706 | eb2706-eb2707,做多B段(实际低于理论),0.000305,True,,False,back(-111.7元/月),33.3,,"(22, 1, 25, 1)",A=27.0; B=23.5; C=25.0; 理论B=(A+C)/2=26.0; 价差(理论-实际)=2.5; 主力价=8208; 比例%=0.0305; 同构性=同构; 最小腿OI=11; 盘口空隙=3跳/0.037%,DCE.SP eb2705&eb2706,,,月差1 同构
2026-08-12 15:27:35,同构价差对比,kink,EB,eb2704-eb2705 | eb2705-eb2706 | eb2706-eb2707,做多B段(B低于插值),0.000305,True,,False,back(-111.7元/月),33.3,,"(22, 1, 25, 1)","A=27.0; B=23.5; C=25.0; 理论B=(A+C)/2=26.0; 估值偏差(实际-理论)=-2.5; 比例%=0.0305; 归因=B即相邻月段; 同构=月差1,跨注销0,同构; 最小腿OI=11; 盘口空隙=3跳/0.037%",DCE.SP eb2705&eb2706,,,"组共10段, 仅取紧邻三元组"
2026-08-12 15:27:35,同构价差对比,kink,LG,lg2611-lg2701 | lg2701-lg2703 | lg2703-lg2705,做多B段(B低于插值),0.000302,True,,False,back(-0.8元/月),,,"(-0.5, 1, 0.5, 3)","A=3.0; B=0.0; C=-2.5; 理论B=(A+C)/2=0.25; 估值偏差(实际-理论)=-0.25; 比例%=0.0302; 归因=B即相邻月段; 同构=月差2,跨注销1,同构; 最小腿OI=2081; 盘口空隙=2跳/0.121%",DCE.SP lg2701&lg2703,,,"组共5段, 仅取紧邻三元组"
2026-08-12 15:27:35,同构价差对比,kink,UR,UR703-UR704 | UR704-UR705 | UR705-UR706,做空B段(B高于插值),0.000297,True,,False,contango(+13.6元/月),100.0,,"(0, 10, 1, 7)","A=-2.0; B=0.5; C=2.0; 理论B=(A+C)/2=0.0; 估值偏差(实际-理论)=0.5; 比例%=0.0297; 归因=B即相邻月段; 同构=月差1,跨注销0,非同构(none/none/far,结构有利,插值为保守下限); 最小腿OI=100; 盘口空隙=1跳/0.059%",CZCE.SPD UR704&UR705,,,"组共10段, 仅取紧邻三元组"
2026-08-12 15:27:35,折角修复,kink,AG,ag2608-ag2609 | ag2701-ag2702 | ag2706-ag2707,做空B段(实际高于理论),0.000294,True,,False,contango(+13.9元/月),100.0,,"(-16, 1, 3, 2)",A=-9.5; B=-6.5; C=-13.0; 理论B=(A+C)/2=-11.25; 价差(理论-实际)=-4.75; 主力价=16154; 比例%=0.0294; 同构性=同构; 最小腿OI=1803; 盘口空隙=19跳/0.118%,,,,月差1 同构
2026-08-12 15:27:35,折角修复,kink,AG,ag2612-ag2702 | ag2702-ag2704 | ag2704-ag2706,做空B段(实际高于理论),0.000294,True,,False,contango(+13.9元/月),100.0,,"(-40, 1, -3, 1)",A=-21.5; B=-21.5; C=-31.0; 理论B=(A+C)/2=-26.25; 价差(理论-实际)=-4.75; 主力价=16154; 比例%=0.0294; 同构性=同构; 最小腿OI=5363; 盘口空隙=37跳/0.229%,,,,月差2 同构
2026-08-12 15:27:35,同构价差对比,kink,AG,ag2612-ag2702 | ag2702-ag2704 | ag2704-ag2706,做空B段(B高于插值),0.000294,True,,False,contango(+13.9元/月),100.0,,"(-40, 1, -3, 1)","A=-21.5; B=-21.5; C=-31.0; 理论B=(A+C)/2=-26.25; 估值偏差(实际-理论)=4.75; 比例%=0.0294; 归因=ag2702-ag2703 高估+14.0(整段偏差+4.8的主要来源); 同构=月差2,跨注销0,同构; 最小腿OI=5363; 盘口空隙=37跳/0.229%",,,,"组共9段, 仅取紧邻三元组"
2026-08-12 15:27:35,折角修复,kink,ZN,zn2611-zn2612 | zn2702-zn2703 | zn2705-zn2706,做多B段(实际低于理论),0.00029,False,低流动性(钓鱼),True,contango(+5.2元/月),100.0,,"(-150, 2, 180, 2)",A=27.5; B=15.0; C=17.5; 理论B=(A+C)/2=22.5; 价差(理论-实际)=7.5; 主力价=25870; 比例%=0.029; 同构性=同构; 最小腿OI=93; 盘口空隙=66跳/1.276%,,,,月差1 同构
2026-08-12 15:27:35,注销后首月溢价,spread,UR,UR611-UR612,做多价差(买注销后首月卖次月),0.000289,True,,True,contango(+13.6元/月),100.0,100.0,"(-1, 390, 0, 90)","注销月=UR610; 价差=-0.5; 期限斜率t=9.05; 仓单佐证=逆风(同期分位100%,当前4958); 最小腿OI=32596; 盘口空隙=1跳/0.059%",CZCE.SPD UR611&UR612,,,
2026-08-12 15:27:35,价差递延,butterfly,PL,PL703-PL704-PL705,"做多蝶式(买后段卖前段,结构应后段>前段)",0.000288,False,低流动性(钓鱼),False,back(-222.0元/月),,,,"前段=26.5; 后段=24.5; 蝶值(后-前)=-2.0; 结构基准E=2; 同构性=非同构(near/far),结构性不等式违背,|蝶值|为保守错价下限; 最小腿OI=18; 盘口空隙=26跳/0.353%",,,,泛化蝶式 月差1+1
2026-08-12 15:27:35,同构价差对比,kink,P,p2701-p2702 | p2702-p2703 | p2703-p2704,做空B段(B高于插值),0.000284,True,,False,contango(+67.9元/月),100.0,,"(-51, 15, -47, 1)","A=-58.0; B=-49.0; C=-45.5; 理论B=(A+C)/2=-51.75; 估值偏差(实际-理论)=2.75; 比例%=0.0284; 归因=B即相邻月段; 同构=月差1,跨注销0,同构; 最小腿OI=268; 盘口空隙=4跳/0.041%",DCE.SP p2702&p2703,,,"组共10段, 仅取紧邻三元组"
2026-08-12 15:27:35,同构价差对比,kink,AO,ao2612-ao2702 | ao2702-ao2704 | ao2704-ao2706,做多B段(B低于插值),0.000277,False,低流动性(钓鱼),False,contango(+14.3元/月),100.0,,"(-43, 3, -15, 2)","A=-35.0; B=-29.0; C=-21.5; 理论B=(A+C)/2=-28.25; 估值偏差(实际-理论)=-0.75; 比例%=0.0277; 归因=ao2702-ao2703 低估-2.2(整段偏差-0.8的主要来源); 同构=月差2,跨注销1,同构; 最小腿OI=64; 盘口空隙=28跳/1.033%",,,,"组共9段, 仅取紧邻三元组"
2026-08-12 15:27:35,同构价差对比,kink,PL,PL611-PL612 | PL612-PL701 | PL701-PL702,做多B段(B低于插值),0.000272,True,,True,back(-222.0元/月),,,"(103, 2, 107, 3)","A=140.0; B=105.0; C=74.0; 理论B=(A+C)/2=107.0; 估值偏差(实际-理论)=-2.0; 比例%=0.0272; 归因=B即相邻月段; 同构=月差1,跨注销0,非同构(near/far/near,结构有利,插值为保守下限); 最小腿OI=28; 盘口空隙=4跳/0.054%",CZCE.SPD PL612&PL701,,,"组共10段, 仅取紧邻三元组"
2026-08-12 15:27:35,折角修复,kink,SM,SM611-SM612 | SM612-SM701 | SM701-SM702,做多B段(实际低于理论),0.000258,True,,True,contango(+13.1元/月),66.7,,"(-14, 702, -12, 55)",A=-12.0; B=-13.0; C=-11.0; 理论B=(A+C)/2=-11.5; 价差(理论-实际)=1.5; 主力价=5814; 比例%=0.0258; 同构性=同构; 最小腿OI=476; 盘口空隙=1跳/0.034%,CZCE.SPD SM612&SM701,,,月差1 同构
2026-08-12 15:27:35,同构价差对比,kink,SM,SM611-SM612 | SM612-SM701 | SM701-SM702,做多B段(B低于插值),0.000258,True,,True,contango(+13.1元/月),66.7,,"(-14, 702, -12, 55)","A=-12.0; B=-13.0; C=-11.0; 理论B=(A+C)/2=-11.5; 估值偏差(实际-理论)=-1.5; 比例%=0.0258; 归因=B即相邻月段; 同构=月差1,跨注销0,同构; 最小腿OI=476; 盘口空隙=1跳/0.034%",CZCE.SPD SM612&SM701,,,"组共10段, 仅取紧邻三元组"
2026-08-12 15:27:35,同构价差对比,kink,SM,SM611-SM701 | SM701-SM703 | SM703-SM705,做多B段(B低于插值),0.000258,True,,True,contango(+13.1元/月),66.7,,"(-34, 1, -24, 1)","A=-24.0; B=-29.0; C=-31.0; 理论B=(A+C)/2=-27.5; 估值偏差(实际-理论)=-1.5; 比例%=0.0258; 归因=SM702-SM703 低估-4.5(整段偏差-1.5的主要来源); 同构=月差2,跨注销0,同构; 最小腿OI=578; 盘口空隙=5跳/0.172%",CZCE.SPD SM701&SM703,,,"组共8段, 仅取紧邻三元组"
2026-08-12 15:27:35,折角修复,kink,CU,cu2701-cu2703 | cu2703-cu2705 | cu2705-cu2707,做空B段(实际高于理论),0.000254,True,,False,back(-154.3元/月),33.3,,"(0, 1, 270, 1)",A=110.0; B=135.0; C=105.0; 理论B=(A+C)/2=107.5; 价差(理论-实际)=-27.5; 主力价=108390; 比例%=0.0254; 同构性=同构; 最小腿OI=2042; 盘口空隙=27跳/0.249%,,,,月差2 同构
2026-08-12 15:27:35,同构价差对比,kink,CU,cu2701-cu2703 | cu2703-cu2705 | cu2705-cu2707,做空B段(B高于插值),0.000254,True,,False,back(-154.3元/月),33.3,,"(0, 1, 270, 1)","A=110.0; B=135.0; C=105.0; 理论B=(A+C)/2=107.5; 估值偏差(实际-理论)=27.5; 比例%=0.0254; 归因=cu2703-cu2704 高估+105.0(整段偏差+27.5的主要来源); 同构=月差2,跨注销0,同构; 最小腿OI=2042; 盘口空隙=27跳/0.249%",,,,"组共9段, 仅取紧邻三元组"
2026-08-12 15:27:35,价差递延,butterfly,PX,PX610-PX611-PX612,"做空蝶式(卖后段买前段,结构应后段<前段)",0.00025,True,,False,back(-44.1元/月),0.0,,,"前段=39.0; 后段=41.0; 蝶值(后-前)=2.0; 结构基准E=-2; 同构性=非同构(far/near),结构性不等式违背,|蝶值|为保守错价下限; 最小腿OI=27713; 盘口空隙=2跳/0.050%",,,,泛化蝶式 月差1+1
2026-08-12 15:27:35,折角修复,kink,RB,rb2701-rb2702 | rb2703-rb2704 | rb2705-rb2706,做多B段(实际低于理论),0.000249,False,低流动性(钓鱼),False,contango(+10.4元/月),66.7,,"(-24, 2, 2, 1)",A=-11.0; B=-11.0; C=-9.5; 理论B=(A+C)/2=-10.25; 价差(理论-实际)=0.75; 主力价=3010; 比例%=0.0249; 同构性=同构; 最小腿OI=276; 盘口空隙=26跳/0.864%,,,,月差1 同构
2026-08-12 15:27:35,同构价差对比,kink,RB,rb2611-rb2612 | rb2612-rb2701 | rb2701-rb2702,做空B段(B高于插值),0.000249,False,低流动性(钓鱼),False,contango(+10.4元/月),66.7,,"(-20, 1, -4, 1)","A=-14.5; B=-12.0; C=-11.0; 理论B=(A+C)/2=-12.75; 估值偏差(实际-理论)=0.75; 比例%=0.0249; 归因=B即相邻月段; 同构=月差1,跨注销0,同构; 最小腿OI=520; 盘口空隙=16跳/0.532%",,,,"组共10段, 仅取紧邻三元组"
2026-08-12 15:27:35,同构价差对比,kink,RB,rb2704-rb2705 | rb2705-rb2706 | rb2706-rb2707,做多B段(B低于插值),0.000249,False,低流动性(钓鱼),False,contango(+10.4元/月),66.7,,"(-16, 3, -3, 2)","A=-7.0; B=-9.5; C=-10.5; 理论B=(A+C)/2=-8.75; 估值偏差(实际-理论)=-0.75; 比例%=0.0249; 归因=B即相邻月段; 同构=月差1,跨注销0,同构; 最小腿OI=276; 盘口空隙=13跳/0.432%",,,,"组共10段, 仅取紧邻三元组"
2026-08-12 15:27:35,折角修复,kink,AG,ag2610-ag2612 | ag2612-ag2702 | ag2702-ag2704,做空B段(实际高于理论),0.000248,True,,False,contango(+13.9元/月),100.0,,"(-27, 1, -16, 2)",A=-29.5; B=-21.5; C=-21.5; 理论B=(A+C)/2=-25.5; 价差(理论-实际)=-4.0; 主力价=16154; 比例%=0.0248; 同构性=同构; 最小腿OI=5550; 盘口空隙=11跳/0.068%,,,,月差2 同构
2026-08-12 15:27:35,同构价差对比,kink,AG,ag2610-ag2612 | ag2612-ag2702 | ag2702-ag2704,做空B段(B高于插值),0.000248,True,,False,contango(+13.9元/月),100.0,,"(-27, 1, -16, 2)","A=-29.5; B=-21.5; C=-21.5; 理论B=(A+C)/2=-25.5; 估值偏差(实际-理论)=4.0; 比例%=0.0248; 归因=ag2701-ag2702 高估+7.0(整段偏差+4.0的主要来源); 同构=月差2,跨注销0,同构; 最小腿OI=5550; 盘口空隙=11跳/0.068%",,,,"组共9段, 仅取紧邻三元组"
2026-08-12 15:27:35,同构价差对比,kink,ZN,zn2611-zn2612 | zn2612-zn2701 | zn2701-zn2702,做空B段(B高于插值),0.000242,True,,False,contango(+5.2元/月),100.0,,"(30, 1, 65, 1)","A=27.5; B=47.5; C=55.0; 理论B=(A+C)/2=41.25; 估值偏差(实际-理论)=6.25; 比例%=0.0242; 归因=B即相邻月段; 同构=月差1,跨注销0,同构; 最小腿OI=855; 盘口空隙=7跳/0.135%",,,,"组共10段, 仅取紧邻三元组"
2026-08-12 15:27:35,同构价差对比,kink,BZ,bz2612-bz2701 | bz2701-bz2702 | bz2702-bz2703,做多B段(B低于插值),0.000242,True,,False,back(-118.2元/月),,,"(32, 1, 35, 1)","A=48.5; B=33.5; C=22.0; 理论B=(A+C)/2=35.25; 估值偏差(实际-理论)=-1.75; 比例%=0.0242; 归因=B即相邻月段; 同构=月差1,跨注销0,同构; 最小腿OI=28; 盘口空隙=3跳/0.042%",DCE.SP bz2701&bz2702,,,"组共10段, 仅取紧邻三元组"
2026-08-12 15:27:35,同构价差对比,kink,NI,ni2611-ni2612 | ni2612-ni2701 | ni2701-ni2702,做多B段(B低于插值),0.000233,True,,True,contango(+266.5元/月),83.3,,"(-430, 1, -190, 1)","A=-315.0; B=-310.0; C=-245.0; 理论B=(A+C)/2=-280.0; 估值偏差(实际-理论)=-30.0; 比例%=0.0233; 归因=B即相邻月段; 同构=月差1,跨注销0,同构; 最小腿OI=1380; 盘口空隙=24跳/0.186%",,,,"组共10段, 仅取紧邻三元组"
2026-08-12 15:27:35,折角修复,kink,HC,hc2611-hc2701 | hc2702-hc2704 | hc2705-hc2707,做多B段(实际低于理论),0.000232,False,低流动性(钓鱼),False,contango(+5.5元/月),83.3,,"(-40, 2, 10, 2)",A=-14.5; B=-15.0; C=-14.0; 理论B=(A+C)/2=-14.25; 价差(理论-实际)=0.75; 主力价=3239; 比例%=0.0232; 同构性=同构; 最小腿OI=16; 盘口空隙=50跳/1.544%,,,,月差2 同构
2026-08-12 15:27:35,同构价差对比,kink,SP,sp2704-sp2705 | sp2705-sp2706 | sp2706-sp2707,做空B段(B高于插值),0.000215,False,低流动性(钓鱼),False,contango(+55.1元/月),83.3,,"(-18, 1, 10, 2)","A=-12.0; B=-4.0; C=2.0; 理论B=(A+C)/2=-5.0; 估值偏差(实际-理论)=1.0; 比例%=0.0215; 归因=B即相邻月段; 同构=月差1,跨注销0,同构; 最小腿OI=91; 盘口空隙=14跳/0.603%",,,,"组共10段, 仅取紧邻三元组"
2026-08-12 15:27:35,同构价差对比,kink,NI,ni2609-ni2610 | ni2610-ni2611 | ni2611-ni2612,做多B段(B低于插值),0.000214,True,,True,contango(+266.5元/月),83.3,,"(-370, 1, -250, 1)","A=-250.0; B=-310.0; C=-315.0; 理论B=(A+C)/2=-282.5; 估值偏差(实际-理论)=-27.5; 比例%=0.0214; 归因=B即相邻月段; 同构=月差1,跨注销0,同构; 最小腿OI=23956; 盘口空隙=12跳/0.093%",,,,"组共10段, 仅取紧邻三元组"
2026-08-12 15:27:35,同构价差对比,kink,EB,eb2610-eb2612 | eb2612-eb2702 | eb2702-eb2704,做多B段(B低于插值),0.000213,True,,False,back(-111.7元/月),33.3,,"(147, 2, 150, 1)","A=235.5; B=148.5; C=65.0; 理论B=(A+C)/2=150.25; 估值偏差(实际-理论)=-1.75; 比例%=0.0213; 归因=eb2612-eb2701 高估+10.0(整段偏差-1.8的主要来源); 同构=月差2,跨注销1,同构; 最小腿OI=157; 盘口空隙=3跳/0.037%",DCE.SP eb2612&eb2702,,,"组共9段, 仅取紧邻三元组"
2026-08-12 15:27:35,同构价差对比,kink,EB,eb2701-eb2703 | eb2703-eb2705 | eb2705-eb2707,做多B段(B低于插值),0.000213,True,,False,back(-111.7元/月),33.3,,"(54, 1, 66, 1)","A=92.5; B=60.0; C=31.0; 理论B=(A+C)/2=61.75; 估值偏差(实际-理论)=-1.75; 比例%=0.0213; 归因=eb2703-eb2704 低估-13.5(整段偏差-1.8的主要来源); 同构=月差2,跨注销1,同构; 最小腿OI=11; 盘口空隙=12跳/0.146%",DCE.SP eb2703&eb2705,,,"组共9段, 仅取紧邻三元组"
2026-08-12 15:27:35,同构价差对比,kink,LU,lu2705-lu2706 | lu2706-lu2707 | lu2707-lu2708,做空B段(B高于插值),0.000212,False,低流动性(钓鱼),False,back(-161.9元/月),16.7,,"(-67, 1, 105, 2)","A=41.5; B=19.0; C=-5.5; 理论B=(A+C)/2=18.0; 估值偏差(实际-理论)=1.0; 比例%=0.0212; 归因=B即相邻月段; 同构=月差1,跨注销0,同构; 最小腿OI=13; 盘口空隙=172跳/3.655%",,,,"组共11段, 仅取紧邻三元组"
2026-08-12 15:27:35,折角修复,kink,CU,cu2704-cu2705 | cu2705-cu2706 | cu2706-cu2707,做空B段(实际高于理论),0.000208,False,低流动性(钓鱼),False,back(-154.3元/月),33.3,,"(-420, 1, 540, 3)",A=30.0; B=60.0; C=45.0; 理论B=(A+C)/2=37.5; 价差(理论-实际)=-22.5; 主力价=108390; 比例%=0.0208; 同构性=同构; 最小腿OI=2042; 盘口空隙=96跳/0.886%,,,,月差1 同构
2026-08-12 15:27:35,同构价差对比,kink,CU,cu2704-cu2705 | cu2705-cu2706 | cu2706-cu2707,做空B段(B高于插值),0.000208,False,低流动性(钓鱼),False,back(-154.3元/月),33.3,,"(-420, 1, 540, 3)","A=30.0; B=60.0; C=45.0; 理论B=(A+C)/2=37.5; 估值偏差(实际-理论)=22.5; 比例%=0.0208; 归因=B即相邻月段; 同构=月差1,跨注销0,同构; 最小腿OI=2042; 盘口空隙=96跳/0.886%",,,,"组共10段, 仅取紧邻三元组"
2026-08-12 15:27:35,折角修复,kink,AG,ag2611-ag2701 | ag2702-ag2704 | ag2705-ag2707,做空B段(实际高于理论),0.000186,True,,False,contango(+13.9元/月),100.0,,"(-40, 1, -3, 1)",A=-23.0; B=-21.5; C=-26.0; 理论B=(A+C)/2=-24.5; 价差(理论-实际)=-3.0; 主力价=16154; 比例%=0.0186; 同构性=同构; 最小腿OI=1803; 盘口空隙=37跳/0.229%,,,,月差2 同构
2026-08-12 15:27:35,同构价差对比,kink,BR,br2609-br2611 | br2611-br2701 | br2701-br2703,做多B段(B低于插值),0.000186,True,,False,back(-29.9元/月),33.3,,"(50, 1, 75, 1)","A=57.5; B=62.5; C=72.5; 理论B=(A+C)/2=65.0; 估值偏差(实际-理论)=-2.5; 比例%=0.0186; 归因=br2612-br2701 低估-62.5(整段偏差-2.5的主要来源); 同构=月差2,跨注销1,同构; 最小腿OI=31; 盘口空隙=5跳/0.186%",,,,"组共9段, 仅取紧邻三元组"
2026-08-12 15:27:35,同构价差对比,kink,CU,cu2609-cu2610 | cu2610-cu2611 | cu2611-cu2612,做多B段(B低于插值),0.000185,True,,True,back(-154.3元/月),33.3,,"(160, 1, 210, 1)","A=180.0; B=185.0; C=230.0; 理论B=(A+C)/2=205.0; 估值偏差(实际-理论)=-20.0; 比例%=0.0185; 归因=B即相邻月段; 同构=月差1,跨注销0,同构; 最小腿OI=45889; 盘口空隙=5跳/0.046%",,,,"组共10段, 仅取紧邻三元组"
2026-08-12 15:27:35,折角修复,kink,AO,ao2612-ao2701 | ao2701-ao2702 | ao2702-ao2703,做多B段(实际低于理论),0.000184,False,低流动性(钓鱼),False,contango(+14.3元/月),100.0,,"(-28, 4, -7, 5)",A=-17.5; B=-17.5; C=-16.5; 理论B=(A+C)/2=-17.0; 价差(理论-实际)=0.5; 主力价=2711; 比例%=0.0184; 同构性=同构; 最小腿OI=353; 盘口空隙=21跳/0.775%,,,,月差1 同构
2026-08-12 15:27:35,同构价差对比,kink,AO,ao2612-ao2701 | ao2701-ao2702 | ao2702-ao2703,做多B段(B低于插值),0.000184,False,低流动性(钓鱼),False,contango(+14.3元/月),100.0,,"(-28, 4, -7, 5)","A=-17.5; B=-17.5; C=-16.5; 理论B=(A+C)/2=-17.0; 估值偏差(实际-理论)=-0.5; 比例%=0.0184; 归因=B即相邻月段; 同构=月差1,跨注销0,同构; 最小腿OI=353; 盘口空隙=21跳/0.775%",,,,"组共10段, 仅取紧邻三元组"
2026-08-12 15:27:35,同构价差对比,kink,AO,ao2703-ao2704 | ao2704-ao2705 | ao2705-ao2706,做空B段(B高于插值),0.000184,False,低流动性(钓鱼),False,contango(+14.3元/月),100.0,,"(-17, 1, -5, 3)","A=-12.5; B=-11.0; C=-10.5; 理论B=(A+C)/2=-11.5; 估值偏差(实际-理论)=0.5; 比例%=0.0184; 归因=B即相邻月段; 同构=月差1,跨注销0,同构; 最小腿OI=64; 盘口空隙=12跳/0.443%",,,,"组共10段, 仅取紧邻三元组"
2026-08-12 15:27:35,同构价差对比,kink,EB,eb2702-eb2703 | eb2703-eb2704 | eb2704-eb2705,做多B段(B低于插值),0.000183,True,,False,back(-111.7元/月),33.3,,"(26, 1, 31, 4)","A=33.0; B=28.5; C=27.0; 理论B=(A+C)/2=30.0; 估值偏差(实际-理论)=-1.5; 比例%=0.0183; 归因=B即相邻月段; 同构=月差1,跨注销0,同构; 最小腿OI=157; 盘口空隙=5跳/0.061%",DCE.SP eb2703&eb2704,,,"组共10段, 仅取紧邻三元组"
2026-08-12 15:27:35,同构价差对比,kink,I,i2610-i2611 | i2611-i2612 | i2612-i2701,做多B段(B低于插值),0.000177,True,,True,back(-3.0元/月),83.3,,"(3.0, 112, 3.5, 146)","A=3.75; B=3.25; C=3.0; 理论B=(A+C)/2=3.38; 估值偏差(实际-理论)=-0.12; 比例%=0.0177; 归因=B即相邻月段; 同构=月差1,跨注销0,同构; 最小腿OI=78018; 盘口空隙=1跳/0.071%",DCE.SP i2611&i2612,,,"组共10段, 仅取紧邻三元组"
2026-08-12 15:27:35,同构价差对比,kink,SS,ss2612-ss2701 | ss2701-ss2702 | ss2702-ss2703,做空B段(B高于插值),0.000172,False,低流动性(钓鱼),False,contango(+12.9元/月),66.7,,"(-55, 1, 45, 1)","A=10.0; B=-5.0; C=-25.0; 理论B=(A+C)/2=-7.5; 估值偏差(实际-理论)=2.5; 比例%=0.0172; 归因=B即相邻月段; 同构=月差1,跨注销0,同构; 最小腿OI=105; 盘口空隙=20跳/0.688%",,,,"组共10段, 仅取紧邻三元组"
2026-08-12 15:27:35,同构价差对比,kink,SS,ss2612-ss2702 | ss2702-ss2704 | ss2704-ss2706,做空B段(B高于插值),0.000172,False,低流动性(钓鱼),False,contango(+12.9元/月),66.7,,"(-115, 2, 100, 3)","A=5.0; B=-7.5; C=-25.0; 理论B=(A+C)/2=-10.0; 估值偏差(实际-理论)=2.5; 比例%=0.0172; 归因=ss2703-ss2704 高估+16.2(整段偏差+2.5的主要来源); 同构=月差2,跨注销1,同构; 最小腿OI=23; 盘口空隙=43跳/1.479%",,,,"组共9段, 仅取紧邻三元组"
2026-08-12 15:27:35,折角修复,kink,JM,jm2702-jm2703 | jm2703-jm2704 | jm2704-jm2705,做多B段(实际低于理论),0.000169,True,,False,contango(+28.4元/月),100.0,,"(5.5, 2, 8.5, 1)",A=7.25; B=7.0; C=7.25; 理论B=(A+C)/2=7.25; 价差(理论-实际)=0.25; 主力价=1476.0; 比例%=0.0169; 同构性=同构; 最小腿OI=486; 盘口空隙=6跳/0.203%,DCE.SP jm2703&jm2704,,,月差1 同构
2026-08-12 15:27:35,同构价差对比,kink,JM,jm2702-jm2703 | jm2703-jm2704 | jm2704-jm2705,做多B段(B低于插值),0.000169,True,,False,contango(+28.4元/月),100.0,,"(5.5, 2, 8.5, 1)","A=7.25; B=7.0; C=7.25; 理论B=(A+C)/2=7.25; 估值偏差(实际-理论)=-0.25; 比例%=0.0169; 归因=B即相邻月段; 同构=月差1,跨注销0,同构; 最小腿OI=486; 盘口空隙=6跳/0.203%",DCE.SP jm2703&jm2704,,,"组共10段, 仅取紧邻三元组"
2026-08-12 15:27:35,同构价差对比,kink,NR,nr2612-nr2701 | nr2701-nr2702 | nr2702-nr2703,做多B段(B低于插值),0.000168,False,低流动性(钓鱼),False,contango(+68.5元/月),50.0,,"(-20, 2, 60, 1)","A=52.5; B=20.0; C=-7.5; 理论B=(A+C)/2=22.5; 估值偏差(实际-理论)=-2.5; 比例%=0.0168; 归因=B即相邻月段; 同构=月差1,跨注销0,同构; 最小腿OI=13; 盘口空隙=16跳/0.537%",,,,"组共10段, 仅取紧邻三元组"
2026-08-12 15:27:35,同构价差对比,kink,NR,nr2701-nr2702 | nr2702-nr2703 | nr2703-nr2704,做空B段(B高于插值),0.000168,False,低流动性(钓鱼),False,contango(+68.5元/月),50.0,,"(-130, 1, 115, 1)","A=20.0; B=-7.5; C=-40.0; 理论B=(A+C)/2=-10.0; 估值偏差(实际-理论)=2.5; 比例%=0.0168; 归因=B即相邻月段; 同构=月差1,跨注销0,同构; 最小腿OI=13; 盘口空隙=49跳/1.644%",,,,"组共10段, 仅取紧邻三元组"
2026-08-12 15:27:35,同构价差对比,kink,RB,rb2701-rb2703 | rb2703-rb2705 | rb2705-rb2707,做空B段(B高于插值),0.000166,True,,False,contango(+10.4元/月),66.7,,"(-21, 11, -15, 5)","A=-17.0; B=-18.0; C=-20.0; 理论B=(A+C)/2=-18.5; 估值偏差(实际-理论)=0.5; 比例%=0.0166; 归因=rb2704-rb2705 高估+1.2(整段偏差+0.5的主要来源); 同构=月差2,跨注销1,同构; 最小腿OI=299; 盘口空隙=6跳/0.199%",,,,"组共9段, 仅取紧邻三元组"
2026-08-12 15:27:35,同构价差对比,kink,PB,pb2704-pb2705 | pb2705-pb2706 | pb2706-pb2707,做空B段(B高于插值),0.000157,False,低流动性(钓鱼),False,contango(+20.5元/月),83.3,,"(-45, 2, 50, 1)","A=-5.0; B=2.5; C=5.0; 理论B=(A+C)/2=0.0; 估值偏差(实际-理论)=2.5; 比例%=0.0157; 归因=B即相邻月段; 同构=月差1,跨注销0,同构; 最小腿OI=30; 盘口空隙=19跳/0.597%",,,,"组共10段, 仅取紧邻三元组"
2026-08-12 15:27:35,折角修复,kink,AG,ag2704-ag2705 | ag2705-ag2706 | ag2706-ag2707,做空B段(实际高于理论),0.000155,True,,False,contango(+13.9元/月),100.0,,"(-17, 1, -9, 2)",A=-18.0; B=-13.0; C=-13.0; 理论B=(A+C)/2=-15.5; 价差(理论-实际)=-2.5; 主力价=16154; 比例%=0.0155; 同构性=同构; 最小腿OI=1803; 盘口空隙=8跳/0.050%,,,,月差1 同构
2026-08-12 15:27:35,同构价差对比,kink,AG,ag2704-ag2705 | ag2705-ag2706 | ag2706-ag2707,做空B段(B高于插值),0.000155,True,,False,contango(+13.9元/月),100.0,,"(-17, 1, -9, 2)","A=-18.0; B=-13.0; C=-13.0; 理论B=(A+C)/2=-15.5; 估值偏差(实际-理论)=2.5; 比例%=0.0155; 归因=B即相邻月段; 同构=月差1,跨注销0,同构; 最小腿OI=1803; 盘口空隙=8跳/0.050%",,,,"组共10段, 仅取紧邻三元组"
2026-08-12 15:27:35,同构价差对比,kink,EG,eg2702-eg2703 | eg2703-eg2704 | eg2704-eg2705,做空B段(B高于插值),0.000153,True,,False,back(-130.1元/月),0.0,,"(7, 1, 18, 2)","A=16.0; B=12.5; C=7.5; 理论B=(A+C)/2=11.75; 估值偏差(实际-理论)=0.75; 比例%=0.0153; 归因=B即相邻月段; 同构=月差1,跨注销0,非同构(far/near/none,结构有利,插值为保守下限); 最小腿OI=89; 盘口空隙=11跳/0.224%",DCE.SP eg2703&eg2704,,,"组共10段, 仅取紧邻三元组"
2026-08-12 15:27:35,折角修复,kink,WR,wr2610-wr2612 | wr2701-wr2703 | wr2704-wr2706,做多B段(实际低于理论),0.000152,False,低流动性(钓鱼),False,contango(+8.8元/月),66.7,,"(-78, 2, 43, 1)",A=-17.5; B=-17.5; C=-16.5; 理论B=(A+C)/2=-17.0; 价差(理论-实际)=0.5; 主力价=3286; 比例%=0.0152; 同构性=同构; 最小腿OI=0; 盘口空隙=121跳/3.682%,,,,月差2 同构
2026-08-12 15:27:35,折角修复,kink,ZN,zn2701-zn2703 | zn2703-zn2705 | zn2705-zn2707,做空B段(实际高于理论),0.000145,False,低流动性(钓鱼),False,contango(+5.2元/月),100.0,,"(-55, 2, 195, 2)",A=70.0; B=70.0; C=62.5; 理论B=(A+C)/2=66.25; 价差(理论-实际)=-3.75; 主力价=25870; 比例%=0.0145; 同构性=同构; 最小腿OI=87; 盘口空隙=50跳/0.966%,,,,月差2 同构
2026-08-12 15:27:35,同构价差对比,kink,ZN,zn2701-zn2703 | zn2703-zn2705 | zn2705-zn2707,做空B段(B高于插值),0.000145,False,低流动性(钓鱼),False,contango(+5.2元/月),100.0,,"(-55, 2, 195, 2)","A=70.0; B=70.0; C=62.5; 理论B=(A+C)/2=66.25; 估值偏差(实际-理论)=3.75; 比例%=0.0145; 归因=zn2704-zn2705 高估+30.0(整段偏差+3.8的主要来源); 同构=月差2,跨注销0,同构; 最小腿OI=87; 盘口空隙=50跳/0.966%",,,,"组共9段, 仅取紧邻三元组"
2026-08-12 15:27:35,同构价差对比,kink,FU,fu2702-fu2703 | fu2703-fu2704 | fu2704-fu2705,做多B段(B低于插值),0.000143,False,低流动性(钓鱼),True,back(-97.8元/月),0.0,,"(19, 1, 60, 1)","A=56.0; B=39.5; C=24.0; 理论B=(A+C)/2=40.0; 估值偏差(实际-理论)=-0.5; 比例%=0.0143; 归因=B即相邻月段; 同构=月差1,跨注销0,同构; 最小腿OI=312; 盘口空隙=41跳/1.170%",,,,"组共11段, 仅取紧邻三元组"
2026-08-12 15:27:35,折角修复,kink,SN,sn2608-sn2609 | sn2701-sn2702 | sn2706-sn2707,做空B段(实际高于理论),0.000139,False,低流动性(钓鱼),False,contango(+145.0元/月),83.3,,"(-1730, 1, 1290, 1)",A=-285.0; B=-220.0; C=-275.0; 理论B=(A+C)/2=-280.0; 价差(理论-实际)=-60.0; 主力价=431480; 比例%=0.0139; 同构性=同构; 最小腿OI=17; 盘口空隙=302跳/0.700%,,,,月差1 同构
2026-08-12 15:27:35,同构价差对比,kink,AG,ag2612-ag2701 | ag2701-ag2702 | ag2702-ag2703,做空B段(B高于插值),0.000139,True,,False,contango(+13.9元/月),100.0,,"(-16, 1, 3, 2)","A=-15.0; B=-6.5; C=-2.5; 理论B=(A+C)/2=-8.75; 估值偏差(实际-理论)=2.25; 比例%=0.0139; 归因=B即相邻月段; 同构=月差1,跨注销0,同构; 最小腿OI=2698; 盘口空隙=19跳/0.118%",,,,"组共10段, 仅取紧邻三元组"
2026-08-12 15:27:35,同构价差对比,kink,PG,pg2610-pg2611 | pg2611-pg2612 | pg2612-pg2701,做多B段(B低于插值),0.000138,True,,True,back(-100.9元/月),16.7,,"(121, 4, 123, 10)","A=109.0; B=122.0; C=136.5; 理论B=(A+C)/2=122.75; 估值偏差(实际-理论)=-0.75; 比例%=0.0138; 归因=B即相邻月段; 同构=月差1,跨注销0,同构; 最小腿OI=546; 盘口空隙=2跳/0.037%",DCE.SP pg2611&pg2612,,,"组共10段, 仅取紧邻三元组"
2026-08-12 15:27:35,同构价差对比,kink,RR,rr2703-rr2704 | rr2704-rr2705 | rr2705-rr2706,做空B段(B高于插值),0.000138,True,,False,back(-25.9元/月),0.0,,"(-1, 1, 3, 1)","A=5.0; B=1.0; C=-4.0; 理论B=(A+C)/2=0.5; 估值偏差(实际-理论)=0.5; 比例%=0.0138; 归因=B即相邻月段; 同构=月差1,跨注销0,同构; 最小腿OI=10; 盘口空隙=4跳/0.110%",DCE.SP rr2704&rr2705,,,"组共9段, 仅取紧邻三元组"
2026-08-12 15:27:35,同构价差对比,kink,AG,ag2703-ag2704 | ag2704-ag2705 | ag2705-ag2706,做多B段(B低于插值),0.000124,True,,True,contango(+13.9元/月),100.0,,"(-37, 1, 1, 1)","A=-19.0; B=-18.0; C=-13.0; 理论B=(A+C)/2=-16.0; 估值偏差(实际-理论)=-2.0; 比例%=0.0124; 归因=B即相邻月段; 同构=月差1,跨注销0,同构; 最小腿OI=2355; 盘口空隙=38跳/0.235%",,,,"组共10段, 仅取紧邻三元组"
2026-08-12 15:27:35,同构价差对比,kink,SN,sn2610-sn2701 | sn2701-sn2704 | sn2704-sn2707,做空B段(B高于插值),0.000122,False,低流动性(钓鱼),False,contango(+145.0元/月),83.3,,"(-590, 1, 1640, 1)","A=1055.0; B=525.0; C=-110.0; 理论B=(A+C)/2=472.5; 估值偏差(实际-理论)=52.5; 比例%=0.0122; 归因=sn2702-sn2703 高估+442.5(整段偏差+52.5的主要来源); 同构=月差3,跨注销0,同构; 最小腿OI=17; 盘口空隙=223跳/0.517%",,,,"组共8段, 仅取紧邻三元组"
2026-08-12 15:27:35,同构价差对比,kink,EB,eb2612-eb2701 | eb2701-eb2702 | eb2702-eb2703,做多B段(B低于插值),0.000122,True,,False,back(-111.7元/月),33.3,,"(60, 11, 61, 2)","A=90.0; B=60.5; C=33.0; 理论B=(A+C)/2=61.5; 估值偏差(实际-理论)=-1.0; 比例%=0.0122; 归因=B即相邻月段; 同构=月差1,跨注销0,同构; 最小腿OI=515; 盘口空隙=1跳/0.012%",DCE.SP eb2701&eb2702,,,"组共10段, 仅取紧邻三元组"
2026-08-12 15:27:35,同构价差对比,kink,EB,eb2703-eb2704 | eb2704-eb2705 | eb2705-eb2706,做空B段(B高于插值),0.000122,True,,False,back(-111.7元/月),33.3,,"(26, 5, 28, 3)","A=28.5; B=27.0; C=23.5; 理论B=(A+C)/2=26.0; 估值偏差(实际-理论)=1.0; 比例%=0.0122; 归因=B即相邻月段; 同构=月差1,跨注销0,同构; 最小腿OI=72; 盘口空隙=2跳/0.024%",DCE.SP eb2704&eb2705,,,"组共10段, 仅取紧邻三元组"
2026-08-12 15:27:35,折角修复,kink,CU,cu2610-cu2611 | cu2612-cu2701 | cu2702-cu2703,做空B段(实际高于理论),0.000115,False,低流动性(钓鱼),False,back(-154.3元/月),33.3,,"(-60, 1, 440, 1)",A=185.0; B=190.0; C=170.0; 理论B=(A+C)/2=177.5; 价差(理论-实际)=-12.5; 主力价=108390; 比例%=0.0115; 同构性=同构; 最小腿OI=12347; 盘口空隙=50跳/0.461%,,,,月差1 同构
2026-08-12 15:27:35,同构价差对比,kink,V,v2611-v2612 | v2612-v2701 | v2701-v2702,做空B段(B高于插值),0.00011,True,,False,contango(+44.0元/月),66.7,,"(-32, 639, -31, 1439)","A=-36.5; B=-31.5; C=-27.5; 理论B=(A+C)/2=-32.0; 估值偏差(实际-理论)=0.5; 比例%=0.011; 归因=B即相邻月段; 同构=月差1,跨注销0,同构; 最小腿OI=5649; 盘口空隙=1跳/0.022%",DCE.SP v2612&v2701,,,"组共10段, 仅取紧邻三元组"
2026-08-12 15:27:35,折角修复,kink,AU,au2610-au2612 | au2702-au2704 | au2706-au2708,做空B段(实际高于理论),9.9e-05,True,,False,contango(+1.1元/月),100.0,,"(-2.44, 1, -1.82, 1)",A=-2.1500000000000004; B=-2.13; C=-2.3; 理论B=(A+C)/2=-2.23; 价差(理论-实际)=-0.1; 主力价=958.54; 比例%=0.0099; 同构性=同构; 最小腿OI=995; 盘口空隙=31跳/0.065%,,,,月差2 同构
2026-08-12 15:27:35,折角修复,kink,ZN,zn2611-zn2701 | zn2701-zn2703 | zn2703-zn2705,做多B段(实际低于理论),9.7e-05,False,低流动性(钓鱼),True,contango(+5.2元/月),100.0,,"(-15, 1, 155, 1)",A=75.0; B=70.0; C=70.0; 理论B=(A+C)/2=72.5; 价差(理论-实际)=2.5; 主力价=25870; 比例%=0.0097; 同构性=同构; 最小腿OI=156; 盘口空隙=34跳/0.657%,,,,月差2 同构
2026-08-12 15:27:35,同构价差对比,kink,ZN,zn2610-zn2611 | zn2611-zn2612 | zn2612-zn2701,做多B段(B低于插值),9.7e-05,True,,True,contango(+5.2元/月),100.0,,"(15, 3, 40, 1)","A=12.5; B=27.5; C=47.5; 理论B=(A+C)/2=30.0; 估值偏差(实际-理论)=-2.5; 比例%=0.0097; 归因=B即相邻月段; 同构=月差1,跨注销0,同构; 最小腿OI=1622; 盘口空隙=5跳/0.097%",,,,"组共10段, 仅取紧邻三元组"
2026-08-12 15:27:35,同构价差对比,kink,ZN,zn2611-zn2701 | zn2701-zn2703 | zn2703-zn2705,做多B段(B低于插值),9.7e-05,False,低流动性(钓鱼),True,contango(+5.2元/月),100.0,,"(-15, 1, 155, 1)","A=75.0; B=70.0; C=70.0; 理论B=(A+C)/2=72.5; 估值偏差(实际-理论)=-2.5; 比例%=0.0097; 归因=zn2702-zn2703 低估-38.8(整段偏差-2.5的主要来源); 同构=月差2,跨注销0,同构; 最小腿OI=156; 盘口空隙=34跳/0.657%",,,,"组共9段, 仅取紧邻三元组"
2026-08-12 15:27:35,折角修复,kink,AU,au2702-au2704 | au2704-au2706 | au2706-au2708,做多B段(实际低于理论),8.9e-05,True,,True,contango(+1.1元/月),100.0,,"(-2.7, 1, -1.9, 1)",A=-2.13; B=-2.3; C=-2.3; 理论B=(A+C)/2=-2.21; 价差(理论-实际)=0.08; 主力价=958.54; 比例%=0.0089; 同构性=同构; 最小腿OI=995; 盘口空隙=40跳/0.083%,,,,月差2 同构
2026-08-12 15:27:35,同构价差对比,kink,AU,au2702-au2704 | au2704-au2706 | au2706-au2708,做多B段(B低于插值),8.9e-05,True,,True,contango(+1.1元/月),100.0,,"(-2.7, 1, -1.9, 1)","A=-2.13; B=-2.3; C=-2.3; 理论B=(A+C)/2=-2.21; 估值偏差(实际-理论)=-0.08; 比例%=0.0089; 归因=B即相邻月段; 同构=月差2,跨注销0,同构; 最小腿OI=995; 盘口空隙=40跳/0.083%",,,,"组共5段, 仅取紧邻三元组"
2026-08-12 15:27:35,同构价差对比,kink,TA,TA702-TA703 | TA703-TA704 | TA704-TA705,做多B段(B低于插值),8.7e-05,True,,True,back(-42.3元/月),16.7,,"(16, 37, 20, 2)","A=20.0; B=18.0; C=17.0; 理论B=(A+C)/2=18.5; 估值偏差(实际-理论)=-0.5; 比例%=0.0087; 归因=B即相邻月段; 同构=月差1,跨注销0,同构; 最小腿OI=260; 盘口空隙=2跳/0.069%",CZCE.SPD TA703&TA704,,,"组共10段, 仅取紧邻三元组"
2026-08-12 15:27:35,折角修复,kink,SM,SM611-SM612 | SM701-SM702 | SM703-SM704,做空B段(实际高于理论),8.6e-05,True,,False,contango(+13.1元/月),66.7,,"(-12, 4, -10, 1)",A=-12.0; B=-11.0; C=-11.0; 理论B=(A+C)/2=-11.5; 价差(理论-实际)=-0.5; 主力价=5814; 比例%=0.0086; 同构性=同构; 最小腿OI=84; 盘口空隙=1跳/0.034%,CZCE.SPD SM701&SM702,,,月差1 同构
2026-08-12 15:27:35,同构价差对比,kink,SS,ss2609-ss2612 | ss2612-ss2703 | ss2703-ss2706,做空B段(B高于插值),8.6e-05,False,低流动性(钓鱼),False,contango(+12.9元/月),66.7,,"(-90, 2, 50, 1)","A=-35.0; B=-20.0; C=-7.5; 理论B=(A+C)/2=-21.25; 估值偏差(实际-理论)=1.25; 比例%=0.0086; 归因=ss2702-ss2703 低估-20.0(整段偏差+1.2的主要来源); 同构=月差3,跨注销2,同构; 最小腿OI=23; 盘口空隙=28跳/0.963%",,,,"组共8段, 仅取紧邻三元组"
2026-08-12 15:27:35,同构价差对比,kink,AU,au2612-au2702 | au2702-au2704 | au2704-au2706,做空B段(B高于插值),7.8e-05,True,,False,contango(+1.1元/月),100.0,,"(-2.44, 1, -1.82, 1)","A=-2.1100000000000003; B=-2.13; C=-2.3; 理论B=(A+C)/2=-2.21; 估值偏差(实际-理论)=0.08; 比例%=0.0078; 归因=B即相邻月段; 同构=月差2,跨注销0,同构; 最小腿OI=6512; 盘口空隙=31跳/0.065%",,,,"组共5段, 仅取紧邻三元组"
2026-08-12 15:27:35,同构价差对比,kink,BC,bc2609-bc2611 | bc2611-bc2701 | bc2701-bc2703,做多B段(B低于插值),7.8e-05,False,低流动性(钓鱼),True,back(-159.1元/月),0.0,,"(-1860, 1, 2180, 1)","A=520.0; B=160.0; C=-185.0; 理论B=(A+C)/2=167.5; 估值偏差(实际-理论)=-7.5; 比例%=0.0078; 归因=bc2611-bc2612 低估-40.0(整段偏差-7.5的主要来源); 同构=月差2,跨注销0,同构; 最小腿OI=1; 盘口空隙=404跳/4.183%",,,,"组共9段, 仅取紧邻三元组"
2026-08-12 15:27:35,同构价差对比,kink,EB,eb2610-eb2611 | eb2611-eb2612 | eb2612-eb2701,做多B段(B低于插值),6.1e-05,True,,False,back(-111.7元/月),33.3,,"(107, 12, 109, 13)","A=127.0; B=108.0; C=90.0; 理论B=(A+C)/2=108.5; 估值偏差(实际-理论)=-0.5; 比例%=0.0061; 归因=B即相邻月段; 同构=月差1,跨注销0,同构; 最小腿OI=9367; 盘口空隙=2跳/0.024%",DCE.SP eb2611&eb2612,,,"组共10段, 仅取紧邻三元组"
2026-08-12 15:27:35,同构价差对比,kink,CU,cu2702-cu2703 | cu2703-cu2704 | cu2704-cu2705,做空B段(B高于插值),4.6e-05,True,,False,back(-154.3元/月),33.3,,"(-30, 1, 240, 1)","A=170.0; B=105.0; C=30.0; 理论B=(A+C)/2=100.0; 估值偏差(实际-理论)=5.0; 比例%=0.0046; 归因=B即相邻月段; 同构=月差1,跨注销0,同构; 最小腿OI=4724; 盘口空隙=27跳/0.249%",,,,"组共10段, 仅取紧邻三元组"
2026-08-12 15:27:35,同构价差对比,kink,SC,sc2609-sc2612 | sc2612-sc2703 | sc2703-sc2706,做空B段(B高于插值),4.5e-05,False,低流动性(钓鱼),False,back(-4.1元/月),28.6,,"(4.6, 1, 15.3, 1)","A=14.899999999999999; B=9.95; C=4.95; 理论B=(A+C)/2=9.92; 估值偏差(实际-理论)=0.03; 比例%=0.0045; 归因=sc2701-sc2702 低估-3.3(整段偏差+0.0的主要来源); 同构=月差3,跨注销0,同构; 最小腿OI=222; 盘口空隙=107跳/1.938%",,,,"组共11段, 仅取紧邻三元组"
2026-08-12 15:27:35,折角修复,kink,NI,ni2610-ni2611 | ni2611-ni2612 | ni2612-ni2701,做多B段(实际低于理论),3.9e-05,True,,True,contango(+266.5元/月),83.3,,"(-390, 1, -240, 1)",A=-310.0; B=-315.0; C=-310.0; 理论B=(A+C)/2=-310.0; 价差(理论-实际)=5.0; 主力价=128710; 比例%=0.0039; 同构性=同构; 最小腿OI=8987; 盘口空隙=15跳/0.117%,,,,月差1 同构
2026-08-12 15:27:35,同构价差对比,kink,NI,ni2610-ni2611 | ni2611-ni2612 | ni2612-ni2701,做多B段(B低于插值),3.9e-05,True,,True,contango(+266.5元/月),83.3,,"(-390, 1, -240, 1)","A=-310.0; B=-315.0; C=-310.0; 理论B=(A+C)/2=-310.0; 估值偏差(实际-理论)=-5.0; 比例%=0.0039; 归因=B即相邻月段; 同构=月差1,跨注销0,同构; 最小腿OI=8987; 盘口空隙=15跳/0.117%",,,,"组共10段, 仅取紧邻三元组"
2026-08-12 15:27:35,同构价差对比,kink,BZ,bz2610-bz2611 | bz2611-bz2612 | bz2612-bz2701,做多B段(B低于插值),3.5e-05,True,,False,back(-118.2元/月),,,"(88, 1, 92, 1)","A=132.0; B=90.0; C=48.5; 理论B=(A+C)/2=90.25; 估值偏差(实际-理论)=-0.25; 比例%=0.0035; 归因=B即相邻月段; 同构=月差1,跨注销0,同构; 最小腿OI=1257; 盘口空隙=4跳/0.055%",DCE.SP bz2611&bz2612,,,"组共10段, 仅取紧邻三元组"
2026-08-12 15:27:35,折角修复,kink,AU,au2610-au2612 | au2612-au2702 | au2702-au2704,做空B段(实际高于理论),3.1e-05,True,,False,contango(+1.1元/月),100.0,,"(-2.24, 1, -1.98, 5)",A=-2.1500000000000004; B=-2.1100000000000003; C=-2.13; 理论B=(A+C)/2=-2.14; 价差(理论-实际)=-0.03; 主力价=958.54; 比例%=0.0031; 同构性=同构; 最小腿OI=8745; 盘口空隙=13跳/0.027%,,,,月差2 同构
2026-08-12 15:27:35,同构价差对比,kink,AG,ag2609-ag2610 | ag2610-ag2611 | ag2611-ag2612,做多B段(B低于插值),3.1e-05,True,,True,contango(+13.9元/月),100.0,,"(-26, 2, -17, 1)","A=-34.0; B=-21.5; C=-8.0; 理论B=(A+C)/2=-21.0; 估值偏差(实际-理论)=-0.5; 比例%=0.0031; 归因=B即相邻月段; 同构=月差1,跨注销0,同构; 最小腿OI=13469; 盘口空隙=9跳/0.056%",,,,"组共10段, 仅取紧邻三元组"
2026-08-12 15:27:35,同构价差对比,kink,AU,au2610-au2612 | au2612-au2702 | au2702-au2704,做空B段(B高于插值),3.1e-05,True,,False,contango(+1.1元/月),100.0,,"(-2.24, 1, -1.98, 5)","A=-2.1500000000000004; B=-2.1100000000000003; C=-2.13; 理论B=(A+C)/2=-2.14; 估值偏差(实际-理论)=0.03; 比例%=0.0031; 归因=B即相邻月段; 同构=月差2,跨注销0,同构; 最小腿OI=8745; 盘口空隙=13跳/0.027%",,,,"组共5段, 仅取紧邻三元组"
2026-08-12 15:27:35,价差递延,butterfly,I,i2702-i2703-i2704,"做空蝶式(卖后段买前段,结构应后段<前段)",0.0,True,,False,back(-3.0元/月),83.3,,,"前段=2.25; 后段=2.25; 蝶值(后-前)=0.0; 结构基准E=-2; 同构性=非同构(far/near),结构性不等式违背,|蝶值|为保守错价下限; 最小腿OI=36840; 盘口空隙=2跳/0.142%",,,,泛化蝶式 月差1+1
2026-08-12 15:27:35,价差递延,butterfly,V,v2701-v2702-v2703,"做多蝶式(买后段卖前段,结构应后段>前段)",0.0,True,,False,contango(+44.0元/月),66.7,,,"前段=-27.5; 后段=-27.5; 蝶值(后-前)=0.0; 结构基准E=1; 同构性=非同构(none/far),结构性不等式违背,|蝶值|为保守错价下限; 最小腿OI=1740; 盘口空隙=2跳/0.044%",,,,泛化蝶式 月差1+1
